base_year,series,year,indicator,frequency,revision,industry,subindustry,institutional_sector,quarter,current_price,constant_price,unit
2011-12,Back,2011-12,Gross Value Added,Annual,,"Agriculture, Livestock, Forestry and Fishing",Crops,,,982151.1891356299,982151.0391356299,₹ Crore
2011-12,Back,2011-12,Gross Value Added,Annual,,"Agriculture, Livestock, Forestry and Fishing",Livestock,,,327333.71211591654,327333.71211591654,₹ Crore
2011-12,Back,2011-12,Gross Value Added,Annual,,"Agriculture, Livestock, Forestry and Fishing",Forestry and Logging,,,124435.75267007475,124435.75267007475,₹ Crore
2011-12,Back,2011-12,Gross Value Added,Annual,,"Agriculture, Livestock, Forestry and Fishing",Fishing and Aquaculture,,,68026.78803297665,68026.78803297665,₹ Crore
2011-12,Back,2011-12,Gross Value Added,Annual,,"Agriculture, Livestock, Forestry and Fishing",,,,1501947.441954598,1501947.291954598,₹ Crore
2011-12,Back,2011-12,Gross Value Added,Annual,,Mining and Quarrying,,,,261035,261035.36902221516,₹ Crore
2011-12,Back,2011-12,Gross Value Added,Annual,,Manufacturing,"Food Products, Beverages and Tobacco",,,167524,167524.26127061233,₹ Crore
2011-12,Back,2011-12,Gross Value Added,Annual,,Manufacturing,"Textiles, Apparel and Leather Products",,,153238,153237.52548529636,₹ Crore
2011-12,Back,2011-12,Gross Value Added,Annual,,Manufacturing,Metal Products,,,229627,229627.3943983423,₹ Crore
2011-12,Back,2011-12,Gross Value Added,Annual,,Manufacturing,Machinery and Equipment,,,334670,334669.51228540164,₹ Crore
2011-12,Back,2011-12,Gross Value Added,Annual,,Manufacturing,Other Manufactured Goods,,,524927,524926.8775658148,₹ Crore
2011-12,Back,2011-12,Gross Value Added,Annual,,Manufacturing,,,,1409986,1409985.5710054673,₹ Crore
2011-12,Back,2011-12,Gross Value Added,Annual,,"Electricity, Gas, Water Supply & Other Utility Services",,,,186668,186668.30093039598,₹ Crore
2011-12,Back,2011-12,Gross Value Added,Annual,,Construction,,,,777335,777334.4623841713,₹ Crore
2011-12,Back,2011-12,Gross Value Added,Annual,,"Trade, Repair, Hotels and Restaurants",Trade & Repair Services,,,793681,793681.8284354993,₹ Crore
2011-12,Back,2011-12,Gross Value Added,Annual,,"Trade, Repair, Hotels and Restaurants",Hotels & Restaurants,,,89901,89901.11349125468,₹ Crore
2011-12,Back,2011-12,Gross Value Added,Annual,,"Trade, Repair, Hotels and Restaurants",,,,883582,883582.9419267541,₹ Crore
2011-12,Back,2011-12,Gross Value Added,Annual,,"Transport, Storage, Communication & Services Related to Broadcasting",Railways,,,61150,61151,₹ Crore
2011-12,Back,2011-12,Gross Value Added,Annual,,"Transport, Storage, Communication & Services Related to Broadcasting",Road Transport,,,262442,262441.24886906834,₹ Crore
2011-12,Back,2011-12,Gross Value Added,Annual,,"Transport, Storage, Communication & Services Related to Broadcasting",Water Transport,,,6910,6910.93585220804,₹ Crore
2011-12,Back,2011-12,Gross Value Added,Annual,,"Transport, Storage, Communication & Services Related to Broadcasting",Air Transport,,,4393,4392.697539399289,₹ Crore
2011-12,Back,2011-12,Gross Value Added,Annual,,"Transport, Storage, Communication & Services Related to Broadcasting",Services Incidental to Transport,,,63602,63601.8644785176,₹ Crore
2011-12,Back,2011-12,Gross Value Added,Annual,,"Transport, Storage, Communication & Services Related to Broadcasting",Storage,,,5108,5107.318983587628,₹ Crore
2011-12,Back,2011-12,Gross Value Added,Annual,,"Transport, Storage, Communication & Services Related to Broadcasting",Communication & Services Related to Broadcasting,,,125930,125929.81715913037,₹ Crore
2011-12,Back,2011-12,Gross Value Added,Annual,,"Transport, Storage, Communication & Services Related to Broadcasting",,,,529535,529534.8828819112,₹ Crore
2011-12,Back,2011-12,Gross Value Added,Annual,,Financial Services,,,,480226,480225.89,₹ Crore
2011-12,Back,2011-12,Gross Value Added,Annual,,"Real Estate, Ownership of Dwelling & Professional Services",,,,1050651,1050652.4513343426,₹ Crore
2011-12,Back,2011-12,Gross Value Added,Annual,,Public Administration and Defence,,,,491155,491154.63998833444,₹ Crore
2011-12,Back,2011-12,Gross Value Added,Annual,,Other Services,,,,534827,534826.4524048845,₹ Crore
2011-12,Back,2011-12,Gross Value Added,Annual,,Total Gross Value Added,,,,8106948,8106948.203833075,₹ Crore
2011-12,Back,2011-12,Gross Value Added,Annual,,,,,,8106948,8106948.203833075,₹ Crore
2011-12,Back,2010-11,Gross Value Added,Annual,,"Agriculture, Livestock, Forestry and Fishing",Crops,,,877255.6958720548,916216.1905474126,₹ Crore
2011-12,Back,2010-11,Gross Value Added,Annual,,"Agriculture, Livestock, Forestry and Fishing",Livestock,,,250867.35351981162,304474.8090369434,₹ Crore
2011-12,Back,2010-11,Gross Value Added,Annual,,"Agriculture, Livestock, Forestry and Fishing",Forestry and Logging,,,114504.64653836377,126279.37607244846,₹ Crore
2011-12,Back,2010-11,Gross Value Added,Annual,,"Agriculture, Livestock, Forestry and Fishing",Fishing and Aquaculture,,,57256.38508739664,64663.3551831545,₹ Crore
2011-12,Back,2010-11,Gross Value Added,Annual,,"Agriculture, Livestock, Forestry and Fishing",,,,1299884.081017627,1411633.730839959,₹ Crore
2011-12,Back,2010-11,Gross Value Added,Annual,,Mining and Quarrying,,,,251303.02973783252,316533.496603334,₹ Crore
2011-12,Back,2010-11,Gross Value Added,Annual,,Manufacturing,"Food Products, Beverages and Tobacco",,,149766.03785309373,143177.92562196654,₹ Crore
2011-12,Back,2010-11,Gross Value Added,Annual,,Manufacturing,"Textiles, Apparel and Leather Products",,,155790.74249244027,151320.6470598427,₹ Crore
2011-12,Back,2010-11,Gross Value Added,Annual,,Manufacturing,Metal Products,,,217537.75542805422,232509.94789348464,₹ Crore
2011-12,Back,2010-11,Gross Value Added,Annual,,Manufacturing,Machinery and Equipment,,,275570.3143099177,307612.39637786034,₹ Crore
2011-12,Back,2010-11,Gross Value Added,Annual,,Manufacturing,Other Manufactured Goods,,,501480.7295899572,532637.0729356734,₹ Crore
2011-12,Back,2010-11,Gross Value Added,Annual,,Manufacturing,,,,1300145.5796734632,1367257.9898888278,₹ Crore
2011-12,Back,2010-11,Gross Value Added,Annual,,"Electricity, Gas, Water Supply & Other Utility Services",,,,161495.1620453248,171946.78734101582,₹ Crore
2011-12,Back,2010-11,Gross Value Added,Annual,,Construction,,,,632753.7549170326,687071.4808021543,₹ Crore
2011-12,Back,2010-11,Gross Value Added,Annual,,"Trade, Repair, Hotels and Restaurants",Trade & Repair Services,,,666811.2893436329,750536.262613048,₹ Crore
2011-12,Back,2010-11,Gross Value Added,Annual,,"Trade, Repair, Hotels and Restaurants",Hotels & Restaurants,,,75399.90623738048,84433.42160355469,₹ Crore
2011-12,Back,2010-11,Gross Value Added,Annual,,"Trade, Repair, Hotels and Restaurants",,,,742211.1955810133,834969.6842166027,₹ Crore
2011-12,Back,2010-11,Gross Value Added,Annual,,"Transport, Storage, Communication & Services Related to Broadcasting",Railways,,,55464.23154561944,57021,₹ Crore
2011-12,Back,2010-11,Gross Value Added,Annual,,"Transport, Storage, Communication & Services Related to Broadcasting",Road Transport,,,217871.9175747403,244325.48583988956,₹ Crore
2011-12,Back,2010-11,Gross Value Added,Annual,,"Transport, Storage, Communication & Services Related to Broadcasting",Water Transport,,,6532.567522544742,7747.317714435302,₹ Crore
2011-12,Back,2010-11,Gross Value Added,Annual,,"Transport, Storage, Communication & Services Related to Broadcasting",Air Transport,,,4996.556432250136,3961.058749164286,₹ Crore
2011-12,Back,2010-11,Gross Value Added,Annual,,"Transport, Storage, Communication & Services Related to Broadcasting",Services Incidental to Transport,,,49617.88834922351,56533.40662410902,₹ Crore
2011-12,Back,2010-11,Gross Value Added,Annual,,"Transport, Storage, Communication & Services Related to Broadcasting",Storage,,,4287.748107687285,4716.105678796609,₹ Crore
2011-12,Back,2010-11,Gross Value Added,Annual,,"Transport, Storage, Communication & Services Related to Broadcasting",Communication & Services Related to Broadcasting,,,110779.21816194966,119347.72635134347,₹ Crore
2011-12,Back,2010-11,Gross Value Added,Annual,,"Transport, Storage, Communication & Services Related to Broadcasting",,,,449550.1276940151,493652.10095773824,₹ Crore
2011-12,Back,2010-11,Gross Value Added,Annual,,Financial Services,,,,427102.3246496635,464305.2761251068,₹ Crore
2011-12,Back,2010-11,Gross Value Added,Annual,,"Real Estate, Ownership of Dwelling & Professional Services",,,,916683.4323513503,1000758.9872468801,₹ Crore
2011-12,Back,2010-11,Gross Value Added,Annual,,Public Administration and Defence,,,,435760.6353672082,470838.87080170616,₹ Crore
2011-12,Back,2010-11,Gross Value Added,Annual,,Other Services,,,,466781.33227077365,485545.80414221477,₹ Crore
2011-12,Back,2010-11,Gross Value Added,Annual,,Total Gross Value Added,,,,7083670.6553053055,7704514.20896554,₹ Crore
2011-12,Back,2010-11,Gross Value Added,Annual,,,,,,7083670.6553053055,7704514.20896554,₹ Crore
2011-12,Back,2009-10,Gross Value Added,Annual,,"Agriculture, Livestock, Forestry and Fishing",Crops,,,706037.0923755979,822186.2653728025,₹ Crore
2011-12,Back,2009-10,Gross Value Added,Annual,,"Agriculture, Livestock, Forestry and Fishing",Livestock,,,203990.7325428704,283776.61569988844,₹ Crore
2011-12,Back,2009-10,Gross Value Added,Annual,,"Agriculture, Livestock, Forestry and Fishing",Forestry and Logging,,,105627.55302587742,130323.74290066713,₹ Crore
2011-12,Back,2009-10,Gross Value Added,Annual,,"Agriculture, Livestock, Forestry and Fishing",Fishing and Aquaculture,,,50352.93265578116,61269.14040397036,₹ Crore
2011-12,Back,2009-10,Gross Value Added,Annual,,"Agriculture, Livestock, Forestry and Fishing",,,,1066008.3106001269,1297555.7643773283,₹ Crore
2011-12,Back,2009-10,Gross Value Added,Annual,,Mining and Quarrying,,,,193262.7272920563,278970.0498955693,₹ Crore
2011-12,Back,2009-10,Gross Value Added,Annual,,Manufacturing,"Food Products, Beverages and Tobacco",,,122207.10376257109,160538.9313606042,₹ Crore
2011-12,Back,2009-10,Gross Value Added,Annual,,Manufacturing,"Textiles, Apparel and Leather Products",,,124167.50741048034,141876.49322793566,₹ Crore
2011-12,Back,2009-10,Gross Value Added,Annual,,Manufacturing,Metal Products,,,179828.40479139035,208608.58576863003,₹ Crore
2011-12,Back,2009-10,Gross Value Added,Annual,,Manufacturing,Machinery and Equipment,,,239915.28286898576,282541.0277562494,₹ Crore
2011-12,Back,2009-10,Gross Value Added,Annual,,Manufacturing,Other Manufactured Goods,,,425311.55123361014,475998.67260002124,₹ Crore
2011-12,Back,2009-10,Gross Value Added,Annual,,Manufacturing,,,,1091429.8500670376,1269563.7107134406,₹ Crore
2011-12,Back,2009-10,Gross Value Added,Annual,,"Electricity, Gas, Water Supply & Other Utility Services",,,,140906.2238525043,160528.59794762067,₹ Crore
2011-12,Back,2009-10,Gross Value Added,Annual,,Construction,,,,555714.2687618387,647639.1443679368,₹ Crore
2011-12,Back,2009-10,Gross Value Added,Annual,,"Trade, Repair, Hotels and Restaurants",Trade & Repair Services,,,542511.4385128572,650620.6009553918,₹ Crore
2011-12,Back,2009-10,Gross Value Added,Annual,,"Trade, Repair, Hotels and Restaurants",Hotels & Restaurants,,,60781.99486367969,72424.79241728513,₹ Crore
2011-12,Back,2009-10,Gross Value Added,Annual,,"Trade, Repair, Hotels and Restaurants",,,,603293.4333765369,723045.3933726769,₹ Crore
2011-12,Back,2009-10,Gross Value Added,Annual,,"Transport, Storage, Communication & Services Related to Broadcasting",Railways,,,53681.1394991752,54151,₹ Crore
2011-12,Back,2009-10,Gross Value Added,Annual,,"Transport, Storage, Communication & Services Related to Broadcasting",Road Transport,,,180463.3127936842,225445.77034737635,₹ Crore
2011-12,Back,2009-10,Gross Value Added,Annual,,"Transport, Storage, Communication & Services Related to Broadcasting",Water Transport,,,5389.566788551897,7391.013739010888,₹ Crore
2011-12,Back,2009-10,Gross Value Added,Annual,,"Transport, Storage, Communication & Services Related to Broadcasting",Air Transport,,,3880.0347227147718,3386.486719626511,₹ Crore
2011-12,Back,2009-10,Gross Value Added,Annual,,"Transport, Storage, Communication & Services Related to Broadcasting",Services Incidental to Transport,,,41078.379441694145,52707.00377130319,₹ Crore
2011-12,Back,2009-10,Gross Value Added,Annual,,"Transport, Storage, Communication & Services Related to Broadcasting",Storage,,,3360.499303772297,4093.338229395546,₹ Crore
2011-12,Back,2009-10,Gross Value Added,Annual,,"Transport, Storage, Communication & Services Related to Broadcasting",Communication & Services Related to Broadcasting,,,121795.99707259491,118627.47845819715,₹ Crore
2011-12,Back,2009-10,Gross Value Added,Annual,,"Transport, Storage, Communication & Services Related to Broadcasting",,,,409648.9296221874,465802.09126490966,₹ Crore
2011-12,Back,2009-10,Gross Value Added,Annual,,Financial Services,,,,347818.7497140632,435088.98878796335,₹ Crore
2011-12,Back,2009-10,Gross Value Added,Annual,,"Real Estate, Ownership of Dwelling & Professional Services",,,,784721.5181065318,964439.6510574395,₹ Crore
2011-12,Back,2009-10,Gross Value Added,Annual,,Public Administration and Defence,,,,396919.7771389927,471451.1242269845,₹ Crore
2011-12,Back,2009-10,Gross Value Added,Annual,,Other Services,,,,385182.1795790625,417751.98175897653,₹ Crore
2011-12,Back,2009-10,Gross Value Added,Annual,,Total Gross Value Added,,,,5974905.9681109395,7131836.497770848,₹ Crore
2011-12,Back,2009-10,Gross Value Added,Annual,,,,,,5974905.9681109395,7131836.497770848,₹ Crore
2011-12,Back,2008-09,Gross Value Added,Annual,,"Agriculture, Livestock, Forestry and Fishing",Crops,,,615489.3281443324,849406.9304098444,₹ Crore
2011-12,Back,2008-09,Gross Value Added,Annual,,"Agriculture, Livestock, Forestry and Fishing",Livestock,,,170689.88653774024,269776.6387953531,₹ Crore
2011-12,Back,2008-09,Gross Value Added,Annual,,"Agriculture, Livestock, Forestry and Fishing",Forestry and Logging,,,95647.20458857964,130713.28216651062,₹ Crore
2011-12,Back,2008-09,Gross Value Added,Annual,,"Agriculture, Livestock, Forestry and Fishing",Fishing and Aquaculture,,,44051.72926679917,59181.85584910636,₹ Crore
2011-12,Back,2008-09,Gross Value Added,Annual,,"Agriculture, Livestock, Forestry and Fishing",,,,925878.1485374514,1309078.7072208144,₹ Crore
2011-12,Back,2008-09,Gross Value Added,Annual,,Mining and Quarrying,,,,163961.65063856635,263136.7463226486,₹ Crore
2011-12,Back,2008-09,Gross Value Added,Annual,,Manufacturing,"Food Products, Beverages and Tobacco",,,109359.25579488854,153623.547580005,₹ Crore
2011-12,Back,2008-09,Gross Value Added,Annual,,Manufacturing,"Textiles, Apparel and Leather Products",,,99345.18950651656,124602.79178436358,₹ Crore
2011-12,Back,2008-09,Gross Value Added,Annual,,Manufacturing,Metal Products,,,158149.6930582963,189641.06113143123,₹ Crore
2011-12,Back,2008-09,Gross Value Added,Annual,,Manufacturing,Machinery and Equipment,,,194342.7104785315,238515.55129948875,₹ Crore
2011-12,Back,2008-09,Gross Value Added,Annual,,Manufacturing,Other Manufactured Goods,,,381650.099490546,437701.78106555494,₹ Crore
2011-12,Back,2008-09,Gross Value Added,Annual,,Manufacturing,,,,942846.9483287788,1144084.7328608437,₹ Crore
2011-12,Back,2008-09,Gross Value Added,Annual,,"Electricity, Gas, Water Supply & Other Utility Services",,,,108535.90777666384,151538.9343171669,₹ Crore
2011-12,Back,2008-09,Gross Value Added,Annual,,Construction,,,,501581.63977883314,606438.4498162473,₹ Crore
2011-12,Back,2008-09,Gross Value Added,Annual,,"Trade, Repair, Hotels and Restaurants",Trade & Repair Services,,,480934.44253896334,628896.5302281665,₹ Crore
2011-12,Back,2008-09,Gross Value Added,Annual,,"Trade, Repair, Hotels and Restaurants",Hotels & Restaurants,,,55860.27497171267,72630.8324614318,₹ Crore
2011-12,Back,2008-09,Gross Value Added,Annual,,"Trade, Repair, Hotels and Restaurants",,,,536794.717510676,701527.3626895982,₹ Crore
2011-12,Back,2008-09,Gross Value Added,Annual,,"Transport, Storage, Communication & Services Related to Broadcasting",Railways,,,46376.3789295211,49696,₹ Crore
2011-12,Back,2008-09,Gross Value Added,Annual,,"Transport, Storage, Communication & Services Related to Broadcasting",Road Transport,,,164954.11767376255,208272.56976953693,₹ Crore
2011-12,Back,2008-09,Gross Value Added,Annual,,"Transport, Storage, Communication & Services Related to Broadcasting",Water Transport,,,5282.255728237018,7423.327580006645,₹ Crore
2011-12,Back,2008-09,Gross Value Added,Annual,,"Transport, Storage, Communication & Services Related to Broadcasting",Air Transport,,,1421.0623115096853,2933.4170682885047,₹ Crore
2011-12,Back,2008-09,Gross Value Added,Annual,,"Transport, Storage, Communication & Services Related to Broadcasting",Services Incidental to Transport,,,37147.24882456953,48423.13662848558,₹ Crore
2011-12,Back,2008-09,Gross Value Added,Annual,,"Transport, Storage, Communication & Services Related to Broadcasting",Storage,,,2391.7685912907173,2982.762913850782,₹ Crore
2011-12,Back,2008-09,Gross Value Added,Annual,,"Transport, Storage, Communication & Services Related to Broadcasting",Communication & Services Related to Broadcasting,,,109958.12328551974,98371.78004541947,₹ Crore
2011-12,Back,2008-09,Gross Value Added,Annual,,"Transport, Storage, Communication & Services Related to Broadcasting",,,,367530.9553444103,418102.9940055879,₹ Crore
2011-12,Back,2008-09,Gross Value Added,Annual,,Financial Services,,,,315614.10890946584,405932.3886596656,₹ Crore
2011-12,Back,2008-09,Gross Value Added,Annual,,"Real Estate, Ownership of Dwelling & Professional Services",,,,688776.2339412224,908597.409184307,₹ Crore
2011-12,Back,2008-09,Gross Value Added,Annual,,Public Administration and Defence,,,,304702.48912106076,403443.5200439398,₹ Crore
2011-12,Back,2008-09,Gross Value Added,Annual,,Other Services,,,,316615.21501081705,362333.93469954917,₹ Crore
2011-12,Back,2008-09,Gross Value Added,Annual,,Total Gross Value Added,,,,5172838.014897946,6674215.179820369,₹ Crore
2011-12,Back,2008-09,Gross Value Added,Annual,,,,,,5172838.014897946,6674215.179820369,₹ Crore
2011-12,Back,2007-08,Gross Value Added,Annual,,"Agriculture, Livestock, Forestry and Fishing",Crops,,,553370.5493453521,871091.0531620283,₹ Crore
2011-12,Back,2007-08,Gross Value Added,Annual,,"Agriculture, Livestock, Forestry and Fishing",Livestock,,,143185.68959109645,250633.4695226746,₹ Crore
2011-12,Back,2007-08,Gross Value Added,Annual,,"Agriculture, Livestock, Forestry and Fishing",Forestry and Logging,,,85056.53536550402,133454.07646189636,₹ Crore
2011-12,Back,2007-08,Gross Value Added,Annual,,"Agriculture, Livestock, Forestry and Fishing",Fishing and Aquaculture,,,38918.98721033217,57104.628389510086,₹ Crore
2011-12,Back,2007-08,Gross Value Added,Annual,,"Agriculture, Livestock, Forestry and Fishing",,,,820531.7615122847,1312283.2275361093,₹ Crore
2011-12,Back,2007-08,Gross Value Added,Annual,,Mining and Quarrying,,,,149210.42111986392,269872.08219872194,₹ Crore
2011-12,Back,2007-08,Gross Value Added,Annual,,Manufacturing,"Food Products, Beverages and Tobacco",,,89915.60365804436,148089.26487202034,₹ Crore
2011-12,Back,2007-08,Gross Value Added,Annual,,Manufacturing,"Textiles, Apparel and Leather Products",,,83006.74793592712,110146.73827989068,₹ Crore
2011-12,Back,2007-08,Gross Value Added,Annual,,Manufacturing,Metal Products,,,165688.6280083569,183518.58463631972,₹ Crore
2011-12,Back,2007-08,Gross Value Added,Annual,,Manufacturing,Machinery and Equipment,,,167574.18559257098,207550.18038186917,₹ Crore
2011-12,Back,2007-08,Gross Value Added,Annual,,Manufacturing,Other Manufactured Goods,,,319953.0178477072,443801.68299724,₹ Crore
2011-12,Back,2007-08,Gross Value Added,Annual,,Manufacturing,,,,826138.1830426066,1093106.45116734,₹ Crore
2011-12,Back,2007-08,Gross Value Added,Annual,,"Electricity, Gas, Water Supply & Other Utility Services",,,,105895.06768255026,144508.04276885523,₹ Crore
2011-12,Back,2007-08,Gross Value Added,Annual,,Construction,,,,432601.5353861112,574450.8884297058,₹ Crore
2011-12,Back,2007-08,Gross Value Added,Annual,,"Trade, Repair, Hotels and Restaurants",Trade & Repair Services,,,422836.3759639691,618540.4115051072,₹ Crore
2011-12,Back,2007-08,Gross Value Added,Annual,,"Trade, Repair, Hotels and Restaurants",Hotels & Restaurants,,,52107.5157039026,75922.54042983586,₹ Crore
2011-12,Back,2007-08,Gross Value Added,Annual,,"Trade, Repair, Hotels and Restaurants",,,,474943.8916678717,694462.9519349431,₹ Crore
2011-12,Back,2007-08,Gross Value Added,Annual,,"Transport, Storage, Communication & Services Related to Broadcasting",Railways,,,42473.02728275274,46377,₹ Crore
2011-12,Back,2007-08,Gross Value Added,Annual,,"Transport, Storage, Communication & Services Related to Broadcasting",Road Transport,,,148325.9676630599,196984.31723821934,₹ Crore
2011-12,Back,2007-08,Gross Value Added,Annual,,"Transport, Storage, Communication & Services Related to Broadcasting",Water Transport,,,4461.198586559832,6962.603882978731,₹ Crore
2011-12,Back,2007-08,Gross Value Added,Annual,,"Transport, Storage, Communication & Services Related to Broadcasting",Air Transport,,,1756.399100302105,3149.6324695812996,₹ Crore
2011-12,Back,2007-08,Gross Value Added,Annual,,"Transport, Storage, Communication & Services Related to Broadcasting",Services Incidental to Transport,,,33639.95878576694,46711.369189910394,₹ Crore
2011-12,Back,2007-08,Gross Value Added,Annual,,"Transport, Storage, Communication & Services Related to Broadcasting",Storage,,,2225.695205910372,2967.6492477769225,₹ Crore
2011-12,Back,2007-08,Gross Value Added,Annual,,"Transport, Storage, Communication & Services Related to Broadcasting",Communication & Services Related to Broadcasting,,,96567.27812332155,95411.06845769957,₹ Crore
2011-12,Back,2007-08,Gross Value Added,Annual,,"Transport, Storage, Communication & Services Related to Broadcasting",,,,329449.5247476734,398563.6404861663,₹ Crore
2011-12,Back,2007-08,Gross Value Added,Annual,,Financial Services,,,,266110.3182540958,386281.789188856,₹ Crore
2011-12,Back,2007-08,Gross Value Added,Annual,,"Real Estate, Ownership of Dwelling & Professional Services",,,,583600.6351607458,863401.8358351405,₹ Crore
2011-12,Back,2007-08,Gross Value Added,Annual,,Public Administration and Defence,,,,236404.4383151278,339456.5742476356,₹ Crore
2011-12,Back,2007-08,Gross Value Added,Annual,,Other Services,,,,265302.1269602445,321907.73813466245,₹ Crore
2011-12,Back,2007-08,Gross Value Added,Annual,,Total Gross Value Added,,,,4490187.903849175,6398295.221928136,₹ Crore
2011-12,Back,2007-08,Gross Value Added,Annual,,,,,,4490187.903849175,6398295.221928136,₹ Crore
2011-12,Back,2006-07,Gross Value Added,Annual,,"Agriculture, Livestock, Forestry and Fishing",Crops,,,467941.9452934814,815267.6018606849,₹ Crore
2011-12,Back,2006-07,Gross Value Added,Annual,,"Agriculture, Livestock, Forestry and Fishing",Livestock,,,122596.32148768296,237725.61537943452,₹ Crore
2011-12,Back,2006-07,Gross Value Added,Annual,,"Agriculture, Livestock, Forestry and Fishing",Forestry and Logging,,,89471.84953617146,136274.75990394116,₹ Crore
2011-12,Back,2006-07,Gross Value Added,Annual,,"Agriculture, Livestock, Forestry and Fishing",Fishing and Aquaculture,,,35169.27904478902,54526.02432418357,₹ Crore
2011-12,Back,2006-07,Gross Value Added,Annual,,"Agriculture, Livestock, Forestry and Fishing",,,,715179.3953621248,1243794.001468244,₹ Crore
2011-12,Back,2006-07,Gross Value Added,Annual,,Mining and Quarrying,,,,128998.95889177712,257981.8617335481,₹ Crore
2011-12,Back,2006-07,Gross Value Added,Annual,,Manufacturing,"Food Products, Beverages and Tobacco",,,93306.19414863162,143456.811887466,₹ Crore
2011-12,Back,2006-07,Gross Value Added,Annual,,Manufacturing,"Textiles, Apparel and Leather Products",,,88728.02251655317,113475.21819834286,₹ Crore
2011-12,Back,2006-07,Gross Value Added,Annual,,Manufacturing,Metal Products,,,131103.3704726932,175676.4894631424,₹ Crore
2011-12,Back,2006-07,Gross Value Added,Annual,,Manufacturing,Machinery and Equipment,,,149047.62616058087,190104.16873897548,₹ Crore
2011-12,Back,2006-07,Gross Value Added,Annual,,Manufacturing,Other Manufactured Goods,,,274021.03658477904,399067.4908317189,₹ Crore
2011-12,Back,2006-07,Gross Value Added,Annual,,Manufacturing,,,,736206.2498832379,1021780.1791196457,₹ Crore
2011-12,Back,2006-07,Gross Value Added,Annual,,"Electricity, Gas, Water Supply & Other Utility Services",,,,93254.41649118463,133351.001767056,₹ Crore
2011-12,Back,2006-07,Gross Value Added,Annual,,Construction,,,,357379.6892609039,514180.8555975149,₹ Crore
2011-12,Back,2006-07,Gross Value Added,Annual,,"Trade, Repair, Hotels and Restaurants",Trade & Repair Services,,,374306.16590490344,584720.2035082671,₹ Crore
2011-12,Back,2006-07,Gross Value Added,Annual,,"Trade, Repair, Hotels and Restaurants",Hotels & Restaurants,,,44319.14652378173,68993.87901132162,₹ Crore
2011-12,Back,2006-07,Gross Value Added,Annual,,"Trade, Repair, Hotels and Restaurants",,,,418625.31242868514,653714.0825195886,₹ Crore
2011-12,Back,2006-07,Gross Value Added,Annual,,"Transport, Storage, Communication & Services Related to Broadcasting",Railways,,,36758.67837940968,42443,₹ Crore
2011-12,Back,2006-07,Gross Value Added,Annual,,"Transport, Storage, Communication & Services Related to Broadcasting",Road Transport,,,136551.2556681275,181439.40590201647,₹ Crore
2011-12,Back,2006-07,Gross Value Added,Annual,,"Transport, Storage, Communication & Services Related to Broadcasting",Water Transport,,,3999.2051414065686,6449.530686759877,₹ Crore
2011-12,Back,2006-07,Gross Value Added,Annual,,"Transport, Storage, Communication & Services Related to Broadcasting",Air Transport,,,1842.325607910288,2577.1913909092486,₹ Crore
2011-12,Back,2006-07,Gross Value Added,Annual,,"Transport, Storage, Communication & Services Related to Broadcasting",Services Incidental to Transport,,,30114.417859775363,42178.180165241916,₹ Crore
2011-12,Back,2006-07,Gross Value Added,Annual,,"Transport, Storage, Communication & Services Related to Broadcasting",Storage,,,1969.452929369817,2688.830301806635,₹ Crore
2011-12,Back,2006-07,Gross Value Added,Annual,,"Transport, Storage, Communication & Services Related to Broadcasting",Communication & Services Related to Broadcasting,,,82651.87398729377,88278.4000569334,₹ Crore
2011-12,Back,2006-07,Gross Value Added,Annual,,"Transport, Storage, Communication & Services Related to Broadcasting",,,,293887.209573293,366054.5385036676,₹ Crore
2011-12,Back,2006-07,Gross Value Added,Annual,,Financial Services,,,,228106.91292858144,351907.3787819688,₹ Crore
2011-12,Back,2006-07,Gross Value Added,Annual,,"Real Estate, Ownership of Dwelling & Professional Services",,,,495889.90077399794,807555.2309421448,₹ Crore
2011-12,Back,2006-07,Gross Value Added,Annual,,Public Administration and Defence,,,,207403.78309260262,315269.6648152113,₹ Crore
2011-12,Back,2006-07,Gross Value Added,Annual,,Other Services,,,,229963.15318247266,292777.8376161738,₹ Crore
2011-12,Back,2006-07,Gross Value Added,Annual,,Total Gross Value Added,,,,3904894.981868861,5958366.632864764,₹ Crore
2011-12,Back,2006-07,Gross Value Added,Annual,,,,,,3904894.981868861,5958366.632864764,₹ Crore
2011-12,Back,2005-06,Gross Value Added,Annual,,"Agriculture, Livestock, Forestry and Fishing",Crops,,,419038.8518331722,796925.601608833,₹ Crore
2011-12,Back,2005-06,Gross Value Added,Annual,,"Agriculture, Livestock, Forestry and Fishing",Livestock,,,112438.31485398041,223792.53529786677,₹ Crore
2011-12,Back,2005-06,Gross Value Added,Annual,,"Agriculture, Livestock, Forestry and Fishing",Forestry and Logging,,,76822.08361655497,137099.7365471921,₹ Crore
2011-12,Back,2005-06,Gross Value Added,Annual,,"Agriculture, Livestock, Forestry and Fishing",Fishing and Aquaculture,,,31688.631769826105,50467.10367095966,₹ Crore
2011-12,Back,2005-06,Gross Value Added,Annual,,"Agriculture, Livestock, Forestry and Fishing",,,,639987.8820735336,1208284.9771248514,₹ Crore
2011-12,Back,2005-06,Gross Value Added,Annual,,Mining and Quarrying,,,,110532.8696460711,246421.61407356666,₹ Crore
2011-12,Back,2005-06,Gross Value Added,Annual,,Manufacturing,"Food Products, Beverages and Tobacco",,,68533.04730210164,108847.14056375358,₹ Crore
2011-12,Back,2005-06,Gross Value Added,Annual,,Manufacturing,"Textiles, Apparel and Leather Products",,,70302.87810984711,95017.11319151612,₹ Crore
2011-12,Back,2005-06,Gross Value Added,Annual,,Manufacturing,Metal Products,,,93550.52295544872,151518.55293890202,₹ Crore
2011-12,Back,2005-06,Gross Value Added,Annual,,Manufacturing,Machinery and Equipment,,,124469.90622733455,159114.24904445108,₹ Crore
2011-12,Back,2005-06,Gross Value Added,Annual,,Manufacturing,Other Manufactured Goods,,,223303.53654986282,352978.39227814344,₹ Crore
2011-12,Back,2005-06,Gross Value Added,Annual,,Manufacturing,,,,580159.8911445949,867475.4480167662,₹ Crore
2011-12,Back,2005-06,Gross Value Added,Annual,,"Electricity, Gas, Water Supply & Other Utility Services",,,,83469.93959068798,123440.20393582512,₹ Crore
2011-12,Back,2005-06,Gross Value Added,Annual,,Construction,,,,298540.43205787893,464605.2551747598,₹ Crore
2011-12,Back,2005-06,Gross Value Added,Annual,,"Trade, Repair, Hotels and Restaurants",Trade & Repair Services,,,315530.16386509634,531753.4179885044,₹ Crore
2011-12,Back,2005-06,Gross Value Added,Annual,,"Trade, Repair, Hotels and Restaurants",Hotels & Restaurants,,,36648.65736237709,61600.3380194675,₹ Crore
2011-12,Back,2005-06,Gross Value Added,Annual,,"Trade, Repair, Hotels and Restaurants",,,,352178.82122747344,593353.7560079719,₹ Crore
2011-12,Back,2005-06,Gross Value Added,Annual,,"Transport, Storage, Communication & Services Related to Broadcasting",Railways,,,30555.392171409927,38271,₹ Crore
2011-12,Back,2005-06,Gross Value Added,Annual,,"Transport, Storage, Communication & Services Related to Broadcasting",Road Transport,,,119504.73130810319,164499.90720687245,₹ Crore
2011-12,Back,2005-06,Gross Value Added,Annual,,"Transport, Storage, Communication & Services Related to Broadcasting",Water Transport,,,3686.9343511697925,6460.929667759273,₹ Crore
2011-12,Back,2005-06,Gross Value Added,Annual,,"Transport, Storage, Communication & Services Related to Broadcasting",Air Transport,,,2192.8848490608,1961.435227044425,₹ Crore
2011-12,Back,2005-06,Gross Value Added,Annual,,"Transport, Storage, Communication & Services Related to Broadcasting",Services Incidental to Transport,,,26992.838604651944,39787.908367385324,₹ Crore
2011-12,Back,2005-06,Gross Value Added,Annual,,"Transport, Storage, Communication & Services Related to Broadcasting",Storage,,,1701.0046148212264,2439.509167297236,₹ Crore
2011-12,Back,2005-06,Gross Value Added,Annual,,"Transport, Storage, Communication & Services Related to Broadcasting",Communication & Services Related to Broadcasting,,,71354.05273757796,86607.5346404359,₹ Crore
2011-12,Back,2005-06,Gross Value Added,Annual,,"Transport, Storage, Communication & Services Related to Broadcasting",,,,255987.83863679483,340028.22427679464,₹ Crore
2011-12,Back,2005-06,Gross Value Added,Annual,,Financial Services,,,,180851.24922738216,312009.3083452974,₹ Crore
2011-12,Back,2005-06,Gross Value Added,Annual,,"Real Estate, Ownership of Dwelling & Professional Services",,,,430239.6634763012,767646.9447074456,₹ Crore
2011-12,Back,2005-06,Gross Value Added,Annual,,Public Administration and Defence,,,,190538.4496464351,308660.3660478866,₹ Crore
2011-12,Back,2005-06,Gross Value Added,Annual,,Other Services,,,,204426.70441366473,282302.18493926903,₹ Crore
2011-12,Back,2005-06,Gross Value Added,Annual,,Total Gross Value Added,,,,3326913.741140818,5514228.282650434,₹ Crore
2011-12,Back,2005-06,Gross Value Added,Annual,,,,,,3326913.741140818,5514228.282650434,₹ Crore
2011-12,Back,2004-05,Gross Value Added,Annual,,"Agriculture, Livestock, Forestry and Fishing",Crops,,,364695.11830646463,750751.6352616131,₹ Crore
2011-12,Back,2004-05,Gross Value Added,Annual,,"Agriculture, Livestock, Forestry and Fishing",Livestock,,,103971.43225948092,213999.80063730545,₹ Crore
2011-12,Back,2004-05,Gross Value Added,Annual,,"Agriculture, Livestock, Forestry and Fishing",Forestry and Logging,,,71828.35973634644,139262.63066005713,₹ Crore
2011-12,Back,2004-05,Gross Value Added,Annual,,"Agriculture, Livestock, Forestry and Fishing",Fishing and Aquaculture,,,27140.264952704514,48826.605724408786,₹ Crore
2011-12,Back,2004-05,Gross Value Added,Annual,,"Agriculture, Livestock, Forestry and Fishing",,,,567635.1752549965,1152840.6722833845,₹ Crore
2011-12,Back,2004-05,Gross Value Added,Annual,,Mining and Quarrying,,,,93758.81518221048,232211.88303152146,₹ Crore
2011-12,Back,2004-05,Gross Value Added,Annual,,Manufacturing,"Food Products, Beverages and Tobacco",,,57307.601676125945,97294.59246988273,₹ Crore
2011-12,Back,2004-05,Gross Value Added,Annual,,Manufacturing,"Textiles, Apparel and Leather Products",,,57770.247982630695,81612.16585806136,₹ Crore
2011-12,Back,2004-05,Gross Value Added,Annual,,Manufacturing,Metal Products,,,95184.66288969043,132348.1502045798,₹ Crore
2011-12,Back,2004-05,Gross Value Added,Annual,,Manufacturing,Machinery and Equipment,,,101834.00787203008,139788.3155726182,₹ Crore
2011-12,Back,2004-05,Gross Value Added,Annual,,Manufacturing,Other Manufactured Goods,,,192212.06325835845,342265.12295361503,₹ Crore
2011-12,Back,2004-05,Gross Value Added,Annual,,Manufacturing,,,,504308.5836788356,793308.3470587571,₹ Crore
2011-12,Back,2004-05,Gross Value Added,Annual,,"Electricity, Gas, Water Supply & Other Utility Services",,,,77502.85869836295,116105.41613392935,₹ Crore
2011-12,Back,2004-05,Gross Value Added,Annual,,Construction,,,,255447.45448148245,411620.19114698766,₹ Crore
2011-12,Back,2004-05,Gross Value Added,Annual,,"Trade, Repair, Hotels and Restaurants",Trade & Repair Services,,,272045.7786639161,483515.3498115765,₹ Crore
2011-12,Back,2004-05,Gross Value Added,Annual,,"Trade, Repair, Hotels and Restaurants",Hotels & Restaurants,,,30362.499533839302,53852.077257553516,₹ Crore
2011-12,Back,2004-05,Gross Value Added,Annual,,"Trade, Repair, Hotels and Restaurants",,,,302408.2781977554,537367.42706913,₹ Crore
2011-12,Back,2004-05,Gross Value Added,Annual,,"Transport, Storage, Communication & Services Related to Broadcasting",Railways,,,28601.07205048854,35495,₹ Crore
2011-12,Back,2004-05,Gross Value Added,Annual,,"Transport, Storage, Communication & Services Related to Broadcasting",Road Transport,,,103280.42454161638,150600.0034131426,₹ Crore
2011-12,Back,2004-05,Gross Value Added,Annual,,"Transport, Storage, Communication & Services Related to Broadcasting",Water Transport,,,3385.58775867749,6094.887661136832,₹ Crore
2011-12,Back,2004-05,Gross Value Added,Annual,,"Transport, Storage, Communication & Services Related to Broadcasting",Air Transport,,,2309.8098394234303,1587.375240521039,₹ Crore
2011-12,Back,2004-05,Gross Value Added,Annual,,"Transport, Storage, Communication & Services Related to Broadcasting",Services Incidental to Transport,,,22477.136583337902,34982.533277374656,₹ Crore
2011-12,Back,2004-05,Gross Value Added,Annual,,"Transport, Storage, Communication & Services Related to Broadcasting",Storage,,,1600.9941108013363,2404.4805193925636,₹ Crore
2011-12,Back,2004-05,Gross Value Added,Annual,,"Transport, Storage, Communication & Services Related to Broadcasting",Communication & Services Related to Broadcasting,,,62351.80577010202,84172.32226598942,₹ Crore
2011-12,Back,2004-05,Gross Value Added,Annual,,"Transport, Storage, Communication & Services Related to Broadcasting",,,,224006.83065444708,315336.60237755714,₹ Crore
2011-12,Back,2004-05,Gross Value Added,Annual,,Financial Services,,,,147718.2578781824,278995.43875777564,₹ Crore
2011-12,Back,2004-05,Gross Value Added,Annual,,"Real Estate, Ownership of Dwelling & Professional Services",,,,381137.36251686275,706974.3509593885,₹ Crore
2011-12,Back,2004-05,Gross Value Added,Annual,,Public Administration and Defence,,,,175040.08138256494,295461.9085293899,₹ Crore
2011-12,Back,2004-05,Gross Value Added,Annual,,Other Services,,,,175335.0239233741,252280.41940807807,₹ Crore
2011-12,Back,2004-05,Gross Value Added,Annual,,Total Gross Value Added,,,,2904298.721849075,5092502.656755899,₹ Crore
2011-12,Back,2004-05,Gross Value Added,Annual,,,,,,2904298.721849075,5092502.656755899,₹ Crore
2011-12,Back,2003-04,Gross Value Added,Annual,,"Agriculture, Livestock, Forestry and Fishing",Crops,,,351323.34924572665,750263.7730108328,₹ Crore
2011-12,Back,2003-04,Gross Value Added,Annual,,"Agriculture, Livestock, Forestry and Fishing",Livestock,,,100530.05863995549,213954.78505510234,₹ Crore
2011-12,Back,2003-04,Gross Value Added,Annual,,"Agriculture, Livestock, Forestry and Fishing",Forestry and Logging,,,68823.38658594197,136344.25178882323,₹ Crore
2011-12,Back,2003-04,Gross Value Added,Annual,,"Agriculture, Livestock, Forestry and Fishing",Fishing and Aquaculture,,,26435.654371418652,49843.687883037936,₹ Crore
2011-12,Back,2003-04,Gross Value Added,Annual,,"Agriculture, Livestock, Forestry and Fishing",,,,546794.3464457189,1150728.708061624,₹ Crore
2011-12,Back,2003-04,Gross Value Added,Annual,,Mining and Quarrying,,,,70704.20162622078,215181.34824144555,₹ Crore
2011-12,Back,2003-04,Gross Value Added,Annual,,Manufacturing,"Food Products, Beverages and Tobacco",,,43935.47461340667,73376.49832172188,₹ Crore
2011-12,Back,2003-04,Gross Value Added,Annual,,Manufacturing,"Textiles, Apparel and Leather Products",,,47577.93605121253,76919.23814314161,₹ Crore
2011-12,Back,2003-04,Gross Value Added,Annual,,Manufacturing,Metal Products,,,102322.40481985922,190242.91437175334,₹ Crore
2011-12,Back,2003-04,Gross Value Added,Annual,,Manufacturing,Machinery and Equipment,,,56324.64068112217,93566.18452873635,₹ Crore
2011-12,Back,2003-04,Gross Value Added,Annual,,Manufacturing,Other Manufactured Goods,,,180361.16299015988,304538.7503293356,₹ Crore
2011-12,Back,2003-04,Gross Value Added,Annual,,Manufacturing,,,,435282.4704211514,738763.5619137353,₹ Crore
2011-12,Back,2003-04,Gross Value Added,Annual,,"Electricity, Gas, Water Supply & Other Utility Services",,,,73284.30695430501,107560.39056494695,₹ Crore
2011-12,Back,2003-04,Gross Value Added,Annual,,Construction,,,,187951.74343846482,353800.8736745543,₹ Crore
2011-12,Back,2003-04,Gross Value Added,Annual,,"Trade, Repair, Hotels and Restaurants",Trade & Repair Services,,,233851.13631080047,450615.642708575,₹ Crore
2011-12,Back,2003-04,Gross Value Added,Annual,,"Trade, Repair, Hotels and Restaurants",Hotels & Restaurants,,,25232.55579250386,48336.86428742809,₹ Crore
2011-12,Back,2003-04,Gross Value Added,Annual,,"Trade, Repair, Hotels and Restaurants",,,,259166.6780239945,499126.5162055237,₹ Crore
2011-12,Back,2003-04,Gross Value Added,Annual,,"Transport, Storage, Communication & Services Related to Broadcasting",Railways,,,25971.00080958003,33081.93792688537,₹ Crore
2011-12,Back,2003-04,Gross Value Added,Annual,,"Transport, Storage, Communication & Services Related to Broadcasting",Storage,,,1352.085346268502,2117.4281017384983,₹ Crore
2011-12,Back,2003-04,Gross Value Added,Annual,,"Transport, Storage, Communication & Services Related to Broadcasting",Communication & Services Related to Broadcasting,,,53438.74462574909,69590.10169382235,₹ Crore
2011-12,Back,2003-04,Gross Value Added,Annual,,"Transport, Storage, Communication & Services Related to Broadcasting",Transport by Other Means,,,112088.38468042179,172391.2558352768,₹ Crore
2011-12,Back,2003-04,Gross Value Added,Annual,,"Transport, Storage, Communication & Services Related to Broadcasting",,,,192630.08817596,278671.84145540703,₹ Crore
2011-12,Back,2003-04,Gross Value Added,Annual,,Financial Services,,,,142496.1145517945,258122.05394543541,₹ Crore
2011-12,Back,2003-04,Gross Value Added,Annual,,"Real Estate, Ownership of Dwelling & Professional Services",,,,340147.10730066855,658415.6712137631,₹ Crore
2011-12,Back,2003-04,Gross Value Added,Annual,,Public Administration and Defence,,,,157152.02586508097,277229.0880445275,₹ Crore
2011-12,Back,2003-04,Gross Value Added,Annual,,Other Services,,,,156798.69055042422,232788.5216684241,₹ Crore
2011-12,Back,2003-04,Gross Value Added,Annual,,Total Gross Value Added,,,,2566464.829191608,4757083.744439926,₹ Crore
2011-12,Back,2003-04,Gross Value Added,Annual,,,,,,2566464.829191608,4757084.071748168,₹ Crore
2011-12,Back,2002-03,Gross Value Added,Annual,,"Agriculture, Livestock, Forestry and Fishing",Crops,,,309495.05841314053,676906.7906157791,₹ Crore
2011-12,Back,2002-03,Gross Value Added,Annual,,"Agriculture, Livestock, Forestry and Fishing",Livestock,,,87664.5452436561,192429.94701181588,₹ Crore
2011-12,Back,2002-03,Gross Value Added,Annual,,"Agriculture, Livestock, Forestry and Fishing",Forestry and Logging,,,64745.4763509825,137920.99629542496,₹ Crore
2011-12,Back,2002-03,Gross Value Added,Annual,,"Agriculture, Livestock, Forestry and Fishing",Fishing and Aquaculture,,,25015.638339217196,48122.64274561961,₹ Crore
2011-12,Back,2002-03,Gross Value Added,Annual,,"Agriculture, Livestock, Forestry and Fishing",,,,486974.46982296725,1055244.0901475046,₹ Crore
2011-12,Back,2002-03,Gross Value Added,Annual,,Mining and Quarrying,,,,69448.42731843427,209524.69107366205,₹ Crore
2011-12,Back,2002-03,Gross Value Added,Annual,,Manufacturing,"Food Products, Beverages and Tobacco",,,39517.609271218986,71009.07488180776,₹ Crore
2011-12,Back,2002-03,Gross Value Added,Annual,,Manufacturing,"Textiles, Apparel and Leather Products",,,44902.306164856156,78305.61685305994,₹ Crore
2011-12,Back,2002-03,Gross Value Added,Annual,,Manufacturing,Metal Products,,,85134.68255590834,175677.82354002813,₹ Crore
2011-12,Back,2002-03,Gross Value Added,Annual,,Manufacturing,Machinery and Equipment,,,48027.704779972126,79579.22749792413,₹ Crore
2011-12,Back,2002-03,Gross Value Added,Annual,,Manufacturing,Other Manufactured Goods,,,163944.8425830469,286790.78365360625,₹ Crore
2011-12,Back,2002-03,Gross Value Added,Annual,,Manufacturing,,,,387818.3439529671,694740.5598859435,₹ Crore
2011-12,Back,2002-03,Gross Value Added,Annual,,"Electricity, Gas, Water Supply & Other Utility Services",,,,70476.34117310208,102820.07074287906,₹ Crore
2011-12,Back,2002-03,Gross Value Added,Annual,,Construction,,,,161730.16611025887,314683.02717366617,₹ Crore
2011-12,Back,2002-03,Gross Value Added,Annual,,"Trade, Repair, Hotels and Restaurants",Trade & Repair Services,,,205114.0692940704,408842.6325066262,₹ Crore
2011-12,Back,2002-03,Gross Value Added,Annual,,"Trade, Repair, Hotels and Restaurants",Hotels & Restaurants,,,22529.02022357615,44502.421553469976,₹ Crore
2011-12,Back,2002-03,Gross Value Added,Annual,,"Trade, Repair, Hotels and Restaurants",,,,227677.86452071543,453442.15633557405,₹ Crore
2011-12,Back,2002-03,Gross Value Added,Annual,,"Transport, Storage, Communication & Services Related to Broadcasting",Railways,,,23808.921504469556,31232.88671833528,₹ Crore
2011-12,Back,2002-03,Gross Value Added,Annual,,"Transport, Storage, Communication & Services Related to Broadcasting",Storage,,,1256.7399478348368,2015.296093294397,₹ Crore
2011-12,Back,2002-03,Gross Value Added,Annual,,"Transport, Storage, Communication & Services Related to Broadcasting",Communication & Services Related to Broadcasting,,,44864.64485065006,55318.182555055726,₹ Crore
2011-12,Back,2002-03,Gross Value Added,Annual,,"Transport, Storage, Communication & Services Related to Broadcasting",Transport by Other Means,,,95150.92513340813,153968.8537313793,₹ Crore
2011-12,Back,2002-03,Gross Value Added,Annual,,"Transport, Storage, Communication & Services Related to Broadcasting",,,,164897.23662640154,245725.8646129001,₹ Crore
2011-12,Back,2002-03,Gross Value Added,Annual,,Financial Services,,,,127064.37556889912,251374.2426384315,₹ Crore
2011-12,Back,2002-03,Gross Value Added,Annual,,"Real Estate, Ownership of Dwelling & Professional Services",,,,305135.68075706926,615109.5280657129,₹ Crore
2011-12,Back,2002-03,Gross Value Added,Annual,,Public Administration and Defence,,,,148166.11190492206,270871.85583016754,₹ Crore
2011-12,Back,2002-03,Gross Value Added,Annual,,Other Services,,,,141975.65196053725,216880.42909905085,₹ Crore
2011-12,Back,2002-03,Gross Value Added,Annual,,Total Gross Value Added,,,,2290883.1398834367,4406073.287255716,₹ Crore
2011-12,Back,2002-03,Gross Value Added,Annual,,,,,,2290883.1398834367,4406073.590412897,₹ Crore
2011-12,Back,2001-02,Gross Value Added,Annual,,"Agriculture, Livestock, Forestry and Fishing",Crops,,,321817.9813651066,736859.9726506756,₹ Crore
2011-12,Back,2001-02,Gross Value Added,Annual,,"Agriculture, Livestock, Forestry and Fishing",Livestock,,,91573.92100023662,210031.75520332932,₹ Crore
2011-12,Back,2001-02,Gross Value Added,Annual,,"Agriculture, Livestock, Forestry and Fishing",Forestry and Logging,,,64330.210542941815,137010.66960260706,₹ Crore
2011-12,Back,2001-02,Gross Value Added,Annual,,"Agriculture, Livestock, Forestry and Fishing",Fishing and Aquaculture,,,22807.596824045617,46212.837818936045,₹ Crore
2011-12,Back,2001-02,Gross Value Added,Annual,,"Agriculture, Livestock, Forestry and Fishing",,,,500567.21033306484,1129862.8846559937,₹ Crore
2011-12,Back,2001-02,Gross Value Added,Annual,,Mining and Quarrying,,,,52988.65326466576,193260.1444450156,₹ Crore
2011-12,Back,2001-02,Gross Value Added,Annual,,Manufacturing,"Food Products, Beverages and Tobacco",,,32847.047764666415,62323.280229157586,₹ Crore
2011-12,Back,2001-02,Gross Value Added,Annual,,Manufacturing,"Textiles, Apparel and Leather Products",,,41317.326608550495,73128.48351168359,₹ Crore
2011-12,Back,2001-02,Gross Value Added,Annual,,Manufacturing,Metal Products,,,74328.24332142039,158247.78092474883,₹ Crore
2011-12,Back,2001-02,Gross Value Added,Annual,,Manufacturing,Machinery and Equipment,,,44903.2077812467,74290.03708091941,₹ Crore
2011-12,Back,2001-02,Gross Value Added,Annual,,Manufacturing,Other Manufactured Goods,,,151809.5115067934,273407.1054455549,₹ Crore
2011-12,Back,2001-02,Gross Value Added,Annual,,Manufacturing,,,,354394.73219583556,650099.7470418754,₹ Crore
2011-12,Back,2001-02,Gross Value Added,Annual,,"Electricity, Gas, Water Supply & Other Utility Services",,,,61448.63688797026,98163.1682070004,₹ Crore
2011-12,Back,2001-02,Gross Value Added,Annual,,Construction,,,,144424.3770993813,290607.15917458123,₹ Crore
2011-12,Back,2001-02,Gross Value Added,Annual,,"Trade, Repair, Hotels and Restaurants",Trade & Repair Services,,,184865.96527079793,382170.52193937456,₹ Crore
2011-12,Back,2001-02,Gross Value Added,Annual,,"Trade, Repair, Hotels and Restaurants",Hotels & Restaurants,,,20398.52785166208,42098.8457543868,₹ Crore
2011-12,Back,2001-02,Gross Value Added,Annual,,"Trade, Repair, Hotels and Restaurants",,,,205286.8879984504,424313.16070765414,₹ Crore
2011-12,Back,2001-02,Gross Value Added,Annual,,"Transport, Storage, Communication & Services Related to Broadcasting",Railways,,,21618.86348456738,29563.464805181018,₹ Crore
2011-12,Back,2001-02,Gross Value Added,Annual,,"Transport, Storage, Communication & Services Related to Broadcasting",Storage,,,1219.4777532526339,2159.8414133296474,₹ Crore
2011-12,Back,2001-02,Gross Value Added,Annual,,"Transport, Storage, Communication & Services Related to Broadcasting",Communication & Services Related to Broadcasting,,,45989.051392781985,44896.66288077142,₹ Crore
2011-12,Back,2001-02,Gross Value Added,Annual,,"Transport, Storage, Communication & Services Related to Broadcasting",Transport by Other Means,,,83545.07444304568,139700.2902610228,₹ Crore
2011-12,Back,2001-02,Gross Value Added,Annual,,"Transport, Storage, Communication & Services Related to Broadcasting",,,,150227.64678431177,220661.11930999774,₹ Crore
2011-12,Back,2001-02,Gross Value Added,Annual,,Financial Services,,,,110146.84389971242,226160.6067969065,₹ Crore
2011-12,Back,2001-02,Gross Value Added,Annual,,"Real Estate, Ownership of Dwelling & Professional Services",,,,277839.99623803684,587171.7972280531,₹ Crore
2011-12,Back,2001-02,Gross Value Added,Annual,,Public Administration and Defence,,,,140422.91363905818,266931.9973825863,₹ Crore
2011-12,Back,2001-02,Gross Value Added,Annual,,Other Services,,,,130359.60165658081,205587.64065623583,₹ Crore
2011-12,Back,2001-02,Gross Value Added,Annual,,Total Gross Value Added,,,,2126090.8647623267,4241594.7669398235,₹ Crore
2011-12,Back,2001-02,Gross Value Added,Annual,,,,,,2126090.8647623267,4241595.058780162,₹ Crore
2011-12,Back,2000-01,Gross Value Added,Annual,,"Agriculture, Livestock, Forestry and Fishing",Crops,,,297429.25011417246,692154.830228041,₹ Crore
2011-12,Back,2000-01,Gross Value Added,Annual,,"Agriculture, Livestock, Forestry and Fishing",Livestock,,,84726.55793515887,196942.27479828577,₹ Crore
2011-12,Back,2000-01,Gross Value Added,Annual,,"Agriculture, Livestock, Forestry and Fishing",Forestry and Logging,,,59358.094601334706,132927.20415196707,₹ Crore
2011-12,Back,2000-01,Gross Value Added,Annual,,"Agriculture, Livestock, Forestry and Fishing",Fishing and Aquaculture,,,20938.121674533682,44032.10707707179,₹ Crore
2011-12,Back,2000-01,Gross Value Added,Annual,,"Agriculture, Livestock, Forestry and Fishing",,,,462406.98880978994,1065837.0956476151,₹ Crore
2011-12,Back,2000-01,Gross Value Added,Annual,,Mining and Quarrying,,,,50577.341753327986,189727.30335885563,₹ Crore
2011-12,Back,2000-01,Gross Value Added,Annual,,Manufacturing,"Food Products, Beverages and Tobacco",,,32440.315883905398,61880.435776787235,₹ Crore
2011-12,Back,2000-01,Gross Value Added,Annual,,Manufacturing,"Textiles, Apparel and Leather Products",,,42464.75543834345,74324.47702682592,₹ Crore
2011-12,Back,2000-01,Gross Value Added,Annual,,Manufacturing,Metal Products,,,72623.17800938783,157127.63916193132,₹ Crore
2011-12,Back,2000-01,Gross Value Added,Annual,,Manufacturing,Machinery and Equipment,,,39399.2288592306,66847.8464683863,₹ Crore
2011-12,Back,2000-01,Gross Value Added,Annual,,Manufacturing,Other Manufactured Goods,,,137631.14070310316,255613.55081555716,₹ Crore
2011-12,Back,2000-01,Gross Value Added,Annual,,Manufacturing,,,,340820.08651333407,635668.0159240839,₹ Crore
2011-12,Back,2000-01,Gross Value Added,Annual,,"Electricity, Gas, Water Supply & Other Utility Services",,,,59515.34720247001,96385.60867619525,₹ Crore
2011-12,Back,2000-01,Gross Value Added,Annual,,Construction,,,,133828.71582215783,279464.55281342345,₹ Crore
2011-12,Back,2000-01,Gross Value Added,Annual,,"Trade, Repair, Hotels and Restaurants",Trade & Repair Services,,,165680.1487278561,348000.45281865995,₹ Crore
2011-12,Back,2000-01,Gross Value Added,Annual,,"Trade, Repair, Hotels and Restaurants",Hotels & Restaurants,,,18504.479138424987,39034.76885404448,₹ Crore
2011-12,Back,2000-01,Gross Value Added,Annual,,"Trade, Repair, Hotels and Restaurants",,,,184183.36071174382,387009.2920188534,₹ Crore
2011-12,Back,2000-01,Gross Value Added,Annual,,"Transport, Storage, Communication & Services Related to Broadcasting",Railways,,,20687.847630291784,27630.251619067843,₹ Crore
2011-12,Back,2000-01,Gross Value Added,Annual,,"Transport, Storage, Communication & Services Related to Broadcasting",Storage,,,1166.9198657768325,2147.1545736687285,₹ Crore
2011-12,Back,2000-01,Gross Value Added,Annual,,"Transport, Storage, Communication & Services Related to Broadcasting",Communication & Services Related to Broadcasting,,,38508.63391850863,37596.689929389606,₹ Crore
2011-12,Back,2000-01,Gross Value Added,Annual,,"Transport, Storage, Communication & Services Related to Broadcasting",Transport by Other Means,,,76935.52220624858,134229.89366519122,₹ Crore
2011-12,Back,2000-01,Gross Value Added,Annual,,"Transport, Storage, Communication & Services Related to Broadcasting",,,,136385.66221429524,207206.87193448347,₹ Crore
2011-12,Back,2000-01,Gross Value Added,Annual,,Financial Services,,,,93452.06020669936,209410.84399711364,₹ Crore
2011-12,Back,2000-01,Gross Value Added,Annual,,"Real Estate, Ownership of Dwelling & Professional Services",,,,249348.76474779507,558605.8747550824,₹ Crore
2011-12,Back,2000-01,Gross Value Added,Annual,,Public Administration and Defence,,,,130801.65094925888,259566.34848356043,₹ Crore
2011-12,Back,2000-01,Gross Value Added,Annual,,Other Services,,,,120264.28358971799,195480.5295500242,₹ Crore
2011-12,Back,2000-01,Gross Value Added,Annual,,Total Gross Value Added,,,,1955518.1447518305,4024830.408958167,₹ Crore
2011-12,Back,2000-01,Gross Value Added,Annual,,,,,,1955518.1447518305,4024830.6858841656,₹ Crore
2011-12,Back,1999-2000,Gross Value Added,Annual,,"Agriculture, Livestock, Forestry and Fishing",Crops,,,297958.8946938856,696376.6506770346,₹ Crore
2011-12,Back,1999-2000,Gross Value Added,Annual,,"Agriculture, Livestock, Forestry and Fishing",Livestock,,,85098.59455547637,198706.71256307446,₹ Crore
2011-12,Back,1999-2000,Gross Value Added,Annual,,"Agriculture, Livestock, Forestry and Fishing",Forestry and Logging,,,55111.30960443875,129441.95338517858,₹ Crore
2011-12,Back,1999-2000,Gross Value Added,Annual,,"Agriculture, Livestock, Forestry and Fishing",Fishing and Aquaculture,,,18585.82144703756,42057.90175169773,₹ Crore
2011-12,Back,1999-2000,Gross Value Added,Annual,,"Agriculture, Livestock, Forestry and Fishing",,,,457080.6771835782,1065918.298857114,₹ Crore
2011-12,Back,1999-2000,Gross Value Added,Annual,,Mining and Quarrying,,,,46008.886302472354,185438.85075286307,₹ Crore
2011-12,Back,1999-2000,Gross Value Added,Annual,,Manufacturing,"Food Products, Beverages and Tobacco",,,30028.953540094215,56406.98780559038,₹ Crore
2011-12,Back,1999-2000,Gross Value Added,Annual,,Manufacturing,"Textiles, Apparel and Leather Products",,,37004.89789075307,67459.05158325125,₹ Crore
2011-12,Back,1999-2000,Gross Value Added,Annual,,Manufacturing,Metal Products,,,66144.37873987445,150090.62854363106,₹ Crore
2011-12,Back,1999-2000,Gross Value Added,Annual,,Manufacturing,Machinery and Equipment,,,34865.7506626682,63469.694826215156,₹ Crore
2011-12,Back,1999-2000,Gross Value Added,Annual,,Manufacturing,Other Manufactured Goods,,,114667.7498328253,236076.13620993777,₹ Crore
2011-12,Back,1999-2000,Gross Value Added,Annual,,Manufacturing,,,,301828.77803091455,592426.2446427984,₹ Crore
2011-12,Back,1999-2000,Gross Value Added,Annual,,"Electricity, Gas, Water Supply & Other Utility Services",,,,57532.64352354599,94275.53690296727,₹ Crore
2011-12,Back,1999-2000,Gross Value Added,Annual,,Construction,,,,121902.61120332827,263280.5329980887,₹ Crore
2011-12,Back,1999-2000,Gross Value Added,Annual,,"Trade, Repair, Hotels and Restaurants",Trade & Repair Services,,,150020.2719314669,331489.46089435427,₹ Crore
2011-12,Back,1999-2000,Gross Value Added,Annual,,"Trade, Repair, Hotels and Restaurants",Hotels & Restaurants,,,16591.49535214747,36492.06435170105,₹ Crore
2011-12,Back,1999-2000,Gross Value Added,Annual,,"Trade, Repair, Hotels and Restaurants",,,,166626.3118372614,368022.22286235605,₹ Crore
2011-12,Back,1999-2000,Gross Value Added,Annual,,"Transport, Storage, Communication & Services Related to Broadcasting",Railways,,,20378.152201045705,26532.377463991223,₹ Crore
2011-12,Back,1999-2000,Gross Value Added,Annual,,"Transport, Storage, Communication & Services Related to Broadcasting",Storage,,,1056.4896798185418,2023.5593262960226,₹ Crore
2011-12,Back,1999-2000,Gross Value Added,Annual,,"Transport, Storage, Communication & Services Related to Broadcasting",Communication & Services Related to Broadcasting,,,34663.78307475206,30071.107729690215,₹ Crore
2011-12,Back,1999-2000,Gross Value Added,Annual,,"Transport, Storage, Communication & Services Related to Broadcasting",Transport by Other Means,,,68184.02958322839,124657.32053261691,₹ Crore
2011-12,Back,1999-2000,Gross Value Added,Annual,,"Transport, Storage, Communication & Services Related to Broadcasting",,,,123138.86756609584,189791.81944688538,₹ Crore
2011-12,Back,1999-2000,Gross Value Added,Annual,,Financial Services,,,,93747.87896673106,214542.9069678205,₹ Crore
2011-12,Back,1999-2000,Gross Value Added,Annual,,"Real Estate, Ownership of Dwelling & Professional Services",,,,217641.9113181985,519554.7330738043,₹ Crore
2011-12,Back,1999-2000,Gross Value Added,Annual,,Public Administration and Defence,,,,123973.17403225877,254845.86150189905,₹ Crore
2011-12,Back,1999-2000,Gross Value Added,Annual,,Other Services,,,,109260.49447890221,182245.66087532192,₹ Crore
2011-12,Back,1999-2000,Gross Value Added,Annual,,Total Gross Value Added,,,,1816201.9221291114,3864523.8726705685,₹ Crore
2011-12,Back,1999-2000,Gross Value Added,Annual,,,,,,1816201.9221291114,3864524.138566774,₹ Crore
2011-12,Back,1998-99,Gross Value Added,Annual,,"Agriculture, Livestock, Forestry and Fishing",Crops,,,281420.46597009193,680006.0284690078,₹ Crore
2011-12,Back,1998-99,Gross Value Added,Annual,,"Agriculture, Livestock, Forestry and Fishing",Livestock,,,80173.0400821478,193998.42186068755,₹ Crore
2011-12,Back,1998-99,Gross Value Added,Annual,,"Agriculture, Livestock, Forestry and Fishing",Forestry and Logging,,,49954.321795063464,123973.15300449882,₹ Crore
2011-12,Back,1998-99,Gross Value Added,Annual,,"Agriculture, Livestock, Forestry and Fishing",Fishing and Aquaculture,,,17001.592371691095,39313.65327921166,₹ Crore
2011-12,Back,1998-99,Gross Value Added,Annual,,"Agriculture, Livestock, Forestry and Fishing",,,,432065.116909709,1038207.2259073968,₹ Crore
2011-12,Back,1998-99,Gross Value Added,Annual,,Mining and Quarrying,,,,39764.23826213403,177981.4918469544,₹ Crore
2011-12,Back,1998-99,Gross Value Added,Annual,,Manufacturing,"Food Products, Beverages and Tobacco",,,29095.224116194717,55107.38951415641,₹ Crore
2011-12,Back,1998-99,Gross Value Added,Annual,,Manufacturing,"Textiles, Apparel and Leather Products",,,35278.242076334034,64044.37771186336,₹ Crore
2011-12,Back,1998-99,Gross Value Added,Annual,,Manufacturing,Metal Products,,,63977.53968092997,145304.37358749582,₹ Crore
2011-12,Back,1998-99,Gross Value Added,Annual,,Manufacturing,Machinery and Equipment,,,30679.42531454365,55931.188040726345,₹ Crore
2011-12,Back,1998-99,Gross Value Added,Annual,,Manufacturing,Other Manufactured Goods,,,107680.66875491633,230003.60472094332,₹ Crore
2011-12,Back,1998-99,Gross Value Added,Annual,,Manufacturing,,,,278592.96802334976,562107.4369588615,₹ Crore
2011-12,Back,1998-99,Gross Value Added,Annual,,"Electricity, Gas, Water Supply & Other Utility Services",,,,59432.561822243246,89476.20531194874,₹ Crore
2011-12,Back,1998-99,Gross Value Added,Annual,,Construction,,,,106101.15583834419,242897.23105657546,₹ Crore
2011-12,Back,1998-99,Gross Value Added,Annual,,"Trade, Repair, Hotels and Restaurants",Trade & Repair Services,,,134918.9738526749,309681.7060607794,₹ Crore
2011-12,Back,1998-99,Gross Value Added,Annual,,"Trade, Repair, Hotels and Restaurants",Hotels & Restaurants,,,14478.505672599747,33242.498585859656,₹ Crore
2011-12,Back,1998-99,Gross Value Added,Annual,,"Trade, Repair, Hotels and Restaurants",,,,149467.00578471678,343068.8287878635,₹ Crore
2011-12,Back,1998-99,Gross Value Added,Annual,,"Transport, Storage, Communication & Services Related to Broadcasting",Railways,,,18267.091934976495,24285.868578570044,₹ Crore
2011-12,Back,1998-99,Gross Value Added,Annual,,"Transport, Storage, Communication & Services Related to Broadcasting",Storage,,,967.4461649424344,1926.1514609693884,₹ Crore
2011-12,Back,1998-99,Gross Value Added,Annual,,"Transport, Storage, Communication & Services Related to Broadcasting",Communication & Services Related to Broadcasting,,,32849.97230416075,24621.633595611354,₹ Crore
2011-12,Back,1998-99,Gross Value Added,Annual,,"Transport, Storage, Communication & Services Related to Broadcasting",Transport by Other Means,,,60067.27606658492,116794.47467264226,₹ Crore
2011-12,Back,1998-99,Gross Value Added,Annual,,"Transport, Storage, Communication & Services Related to Broadcasting",,,,109695.12269249951,156009.39957004768,₹ Crore
2011-12,Back,1998-99,Gross Value Added,Annual,,Financial Services,,,,76208.9940298647,189786.55043693757,₹ Crore
2011-12,Back,1998-99,Gross Value Added,Annual,,"Real Estate, Ownership of Dwelling & Professional Services",,,,174380.38034391796,458246.94132357975,₹ Crore
2011-12,Back,1998-99,Gross Value Added,Annual,,Public Administration and Defence,,,,105587.27757570129,224656.3633367569,₹ Crore
2011-12,Back,1998-99,Gross Value Added,Annual,,Other Services,,,,95929.53584538138,165192.66912510115,₹ Crore
2011-12,Back,1998-99,Gross Value Added,Annual,,Total Gross Value Added,,,,1631019.2214381732,3578123.4839091636,₹ Crore
2011-12,Back,1998-99,Gross Value Added,Annual,,,,,,1631018.6725442798,3578122.5259383577,₹ Crore
2011-12,Back,1997-98,Gross Value Added,Annual,,"Agriculture, Livestock, Forestry and Fishing",Crops,,,243447.7087671279,634816.3918685094,₹ Crore
2011-12,Back,1997-98,Gross Value Added,Annual,,"Agriculture, Livestock, Forestry and Fishing",Livestock,,,69322.88162521343,180710.5228355462,₹ Crore
2011-12,Back,1997-98,Gross Value Added,Annual,,"Agriculture, Livestock, Forestry and Fishing",Forestry and Logging,,,45694.51917628553,122526.37551850919,₹ Crore
2011-12,Back,1997-98,Gross Value Added,Annual,,"Agriculture, Livestock, Forestry and Fishing",Fishing and Aquaculture,,,16248.17252518147,41381.11400033439,₹ Crore
2011-12,Back,1997-98,Gross Value Added,Annual,,"Agriculture, Livestock, Forestry and Fishing",,,,376207.31223956414,976488.7021876101,₹ Crore
2011-12,Back,1997-98,Gross Value Added,Annual,,Mining and Quarrying,,,,37244.99842662375,173091.08544825276,₹ Crore
2011-12,Back,1997-98,Gross Value Added,Annual,,Manufacturing,"Food Products, Beverages and Tobacco",,,24893.51743491918,54685.16081484665,₹ Crore
2011-12,Back,1997-98,Gross Value Added,Annual,,Manufacturing,"Textiles, Apparel and Leather Products",,,36069.31603598108,68594.68749206865,₹ Crore
2011-12,Back,1997-98,Gross Value Added,Annual,,Manufacturing,Metal Products,,,59184.734598781695,137513.05883567926,₹ Crore
2011-12,Back,1997-98,Gross Value Added,Annual,,Manufacturing,Machinery and Equipment,,,32644.14110305138,60644.552035522946,₹ Crore
2011-12,Back,1997-98,Gross Value Added,Annual,,Manufacturing,Other Manufactured Goods,,,95965.15767820577,218880.3009015537,₹ Crore
2011-12,Back,1997-98,Gross Value Added,Annual,,Manufacturing,,,,255260.58239675636,545037.7084058548,₹ Crore
2011-12,Back,1997-98,Gross Value Added,Annual,,"Electricity, Gas, Water Supply & Other Utility Services",,,,48031.628711549696,83597.98460743955,₹ Crore
2011-12,Back,1997-98,Gross Value Added,Annual,,Construction,,,,89626.72205172348,228554.86778172897,₹ Crore
2011-12,Back,1997-98,Gross Value Added,Annual,,"Trade, Repair, Hotels and Restaurants",Trade & Repair Services,,,119151.39746166873,288874.4807239884,₹ Crore
2011-12,Back,1997-98,Gross Value Added,Annual,,"Trade, Repair, Hotels and Restaurants",Hotels & Restaurants,,,12183.033165129313,29167.80407488684,₹ Crore
2011-12,Back,1997-98,Gross Value Added,Annual,,"Trade, Repair, Hotels and Restaurants",,,,131468.2222826747,318392.457975223,₹ Crore
2011-12,Back,1997-98,Gross Value Added,Annual,,"Transport, Storage, Communication & Services Related to Broadcasting",Railways,,,18216.784978234922,23993.031662175643,₹ Crore
2011-12,Back,1997-98,Gross Value Added,Annual,,"Transport, Storage, Communication & Services Related to Broadcasting",Storage,,,847.5397410169738,1841.8043987279232,₹ Crore
2011-12,Back,1997-98,Gross Value Added,Annual,,"Transport, Storage, Communication & Services Related to Broadcasting",Communication & Services Related to Broadcasting,,,27285.295312031387,20605.28382196532,₹ Crore
2011-12,Back,1997-98,Gross Value Added,Annual,,"Transport, Storage, Communication & Services Related to Broadcasting",Transport by Other Means,,,50314.2876725848,110348.03131476423,₹ Crore
2011-12,Back,1997-98,Gross Value Added,Annual,,"Transport, Storage, Communication & Services Related to Broadcasting",,,,94455.35756500246,145197.08031701535,₹ Crore
2011-12,Back,1997-98,Gross Value Added,Annual,,Financial Services,,,,66327.35040551357,173869.91738104785,₹ Crore
2011-12,Back,1997-98,Gross Value Added,Annual,,"Real Estate, Ownership of Dwelling & Professional Services",,,,147833.46056787568,429311.66120014054,₹ Crore
2011-12,Back,1997-98,Gross Value Added,Annual,,Public Administration and Defence,,,,84838.33425834213,203197.75827616532,₹ Crore
2011-12,Back,1997-98,Gross Value Added,Annual,,Other Services,,,,78971.1913186271,150322.1991344823,₹ Crore
2011-12,Back,1997-98,Gross Value Added,Annual,,Total Gross Value Added,,,,1414891.3845647047,3353964.796685293,₹ Crore
2011-12,Back,1997-98,Gross Value Added,Annual,,,,,,1414890.908405239,3353963.8987284796,₹ Crore
2011-12,Back,1996-97,Gross Value Added,Annual,,"Agriculture, Livestock, Forestry and Fishing",Crops,,,231590.10800000269,654264.307276681,₹ Crore
2011-12,Back,1996-97,Gross Value Added,Annual,,"Agriculture, Livestock, Forestry and Fishing",Livestock,,,66118.9350332661,186584.7198842007,₹ Crore
2011-12,Back,1996-97,Gross Value Added,Annual,,"Agriculture, Livestock, Forestry and Fishing",Forestry and Logging,,,40621.024521043844,119593.70487788197,₹ Crore
2011-12,Back,1996-97,Gross Value Added,Annual,,"Agriculture, Livestock, Forestry and Fishing",Fishing and Aquaculture,,,13153.878868280824,40680.95334202103,₹ Crore
2011-12,Back,1996-97,Gross Value Added,Annual,,"Agriculture, Livestock, Forestry and Fishing",,,,354520.8051404547,1002079.0744803654,₹ Crore
2011-12,Back,1996-97,Gross Value Added,Annual,,Mining and Quarrying,,,,30875.817953877107,157627.72090191816,₹ Crore
2011-12,Back,1996-97,Gross Value Added,Annual,,Manufacturing,"Food Products, Beverages and Tobacco",,,19938.694100906738,48138.82797782733,₹ Crore
2011-12,Back,1996-97,Gross Value Added,Annual,,Manufacturing,"Textiles, Apparel and Leather Products",,,34444.13510702287,65275.707975683836,₹ Crore
2011-12,Back,1996-97,Gross Value Added,Annual,,Manufacturing,Metal Products,,,61278.78137756571,146607.17934664423,₹ Crore
2011-12,Back,1996-97,Gross Value Added,Annual,,Manufacturing,Machinery and Equipment,,,31490.303707156647,59952.49083633581,₹ Crore
2011-12,Back,1996-97,Gross Value Added,Annual,,Manufacturing,Other Manufactured Goods,,,99519.30659329517,239865.25096501524,₹ Crore
2011-12,Back,1996-97,Gross Value Added,Annual,,Manufacturing,,,,245436.57244848175,544758.8631860452,₹ Crore
2011-12,Back,1996-97,Gross Value Added,Annual,,"Electricity, Gas, Water Supply & Other Utility Services",,,,40853.06507128281,77607.40631250212,₹ Crore
2011-12,Back,1996-97,Gross Value Added,Annual,,Construction,,,,72159.35054558789,206888.21114549862,₹ Crore
2011-12,Back,1996-97,Gross Value Added,Annual,,"Trade, Repair, Hotels and Restaurants",Trade & Repair Services,,,105221.48704823657,268391.4804245738,₹ Crore
2011-12,Back,1996-97,Gross Value Added,Annual,,"Trade, Repair, Hotels and Restaurants",Hotels & Restaurants,,,10606.211252943724,26994.385136280114,₹ Crore
2011-12,Back,1996-97,Gross Value Added,Annual,,"Trade, Repair, Hotels and Restaurants",,,,115964.1451007928,295722.5802092041,₹ Crore
2011-12,Back,1996-97,Gross Value Added,Annual,,"Transport, Storage, Communication & Services Related to Broadcasting",Railways,,,16138.302848510473,23474.177010126397,₹ Crore
2011-12,Back,1996-97,Gross Value Added,Annual,,"Transport, Storage, Communication & Services Related to Broadcasting",Storage,,,797.0292330190068,1939.373395816078,₹ Crore
2011-12,Back,1996-97,Gross Value Added,Annual,,"Transport, Storage, Communication & Services Related to Broadcasting",Communication & Services Related to Broadcasting,,,22999.088792406026,17152.457925605882,₹ Crore
2011-12,Back,1996-97,Gross Value Added,Annual,,"Transport, Storage, Communication & Services Related to Broadcasting",Transport by Other Means,,,42498.29732236972,104319.45509298106,₹ Crore
2011-12,Back,1996-97,Gross Value Added,Annual,,"Transport, Storage, Communication & Services Related to Broadcasting",,,,80601.1666905114,135409.7304113046,₹ Crore
2011-12,Back,1996-97,Gross Value Added,Annual,,Financial Services,,,,57207.43961957084,146394.82326858517,₹ Crore
2011-12,Back,1996-97,Gross Value Added,Annual,,"Real Estate, Ownership of Dwelling & Professional Services",,,,131722.34750642625,402230.7995962516,₹ Crore
2011-12,Back,1996-97,Gross Value Added,Annual,,Public Administration and Defence,,,,69340.4747975371,177816.80276101557,₹ Crore
2011-12,Back,1996-97,Gross Value Added,Annual,,Other Services,,,,71140.17773107035,145492.07997438274,₹ Crore
2011-12,Back,1996-97,Gross Value Added,Annual,,Total Gross Value Added,,,,1272362.72351334,3215639.2748017614,₹ Crore
2011-12,Back,1996-97,Gross Value Added,Annual,,,,,,1272362.295319656,3215638.4138788325,₹ Crore
2011-12,Back,1995-96,Gross Value Added,Annual,,"Agriculture, Livestock, Forestry and Fishing",Crops,,,191612.83146867086,592625.2457210881,₹ Crore
2011-12,Back,1995-96,Gross Value Added,Annual,,"Agriculture, Livestock, Forestry and Fishing",Livestock,,,54647.477090759065,168608.1756978941,₹ Crore
2011-12,Back,1995-96,Gross Value Added,Annual,,"Agriculture, Livestock, Forestry and Fishing",Forestry and Logging,,,37496.76678126837,117814.6386699521,₹ Crore
2011-12,Back,1995-96,Gross Value Added,Annual,,"Agriculture, Livestock, Forestry and Fishing",Fishing and Aquaculture,,,11098.883736859238,37624.5916936009,₹ Crore
2011-12,Back,1995-96,Gross Value Added,Annual,,"Agriculture, Livestock, Forestry and Fishing",,,,294847.6101507404,911641.5088133732,₹ Crore
2011-12,Back,1995-96,Gross Value Added,Annual,,Mining and Quarrying,,,,28165.007009634857,156757.8441593399,₹ Crore
2011-12,Back,1995-96,Gross Value Added,Annual,,Manufacturing,"Food Products, Beverages and Tobacco",,,18348.316089267893,46963.33181532235,₹ Crore
2011-12,Back,1995-96,Gross Value Added,Annual,,Manufacturing,"Textiles, Apparel and Leather Products",,,28921.640648828034,53954.123653122675,₹ Crore
2011-12,Back,1995-96,Gross Value Added,Annual,,Manufacturing,Metal Products,,,53650.8028744974,136146.8610631733,₹ Crore
2011-12,Back,1995-96,Gross Value Added,Annual,,Manufacturing,Machinery and Equipment,,,30779.24098763224,61518.645147834686,₹ Crore
2011-12,Back,1995-96,Gross Value Added,Annual,,Manufacturing,Other Manufactured Goods,,,81644.12823150454,202838.96643158732,₹ Crore
2011-12,Back,1995-96,Gross Value Added,Annual,,Manufacturing,,,,215387.59968412123,497490.8779194138,₹ Crore
2011-12,Back,1995-96,Gross Value Added,Annual,,"Electricity, Gas, Water Supply & Other Utility Services",,,,37853.81019220894,73601.74850615839,₹ Crore
2011-12,Back,1995-96,Gross Value Added,Annual,,Construction,,,,63387.93084006789,203081.78041237534,₹ Crore
2011-12,Back,1995-96,Gross Value Added,Annual,,"Trade, Repair, Hotels and Restaurants",Trade & Repair Services,,,89626.16552210975,249140.75810226725,₹ Crore
2011-12,Back,1995-96,Gross Value Added,Annual,,"Trade, Repair, Hotels and Restaurants",Hotels & Restaurants,,,8529.205815968786,23923.762953720237,₹ Crore
2011-12,Back,1995-96,Gross Value Added,Annual,,"Trade, Repair, Hotels and Restaurants",,,,98332.1807055995,273508.8038223023,₹ Crore
2011-12,Back,1995-96,Gross Value Added,Annual,,"Transport, Storage, Communication & Services Related to Broadcasting",Railways,,,15113.915965574392,22593.66832255053,₹ Crore
2011-12,Back,1995-96,Gross Value Added,Annual,,"Transport, Storage, Communication & Services Related to Broadcasting",Storage,,,750.8181220793509,1996.8774355154815,₹ Crore
2011-12,Back,1995-96,Gross Value Added,Annual,,"Transport, Storage, Communication & Services Related to Broadcasting",Communication & Services Related to Broadcasting,,,19187.381460468743,15489.633432022481,₹ Crore
2011-12,Back,1995-96,Gross Value Added,Annual,,"Transport, Storage, Communication & Services Related to Broadcasting",Transport by Other Means,,,34567.2612156102,95859.12427257131,₹ Crore
2011-12,Back,1995-96,Gross Value Added,Annual,,"Transport, Storage, Communication & Services Related to Broadcasting",,,,67961.223128886,125419.0545647255,₹ Crore
2011-12,Back,1995-96,Gross Value Added,Annual,,Financial Services,,,,52333.22224488327,134950.88121373026,₹ Crore
2011-12,Back,1995-96,Gross Value Added,Annual,,"Real Estate, Ownership of Dwelling & Professional Services",,,,118520.74741856774,384431.6577295046,₹ Crore
2011-12,Back,1995-96,Gross Value Added,Annual,,Public Administration and Defence,,,,60904.86812980771,170768.70045992048,₹ Crore
2011-12,Back,1995-96,Gross Value Added,Annual,,Other Services,,,,58256.800066566575,131525.01226662344,₹ Crore
2011-12,Back,1995-96,Gross Value Added,Annual,,Total Gross Value Added,,,,1093301.8684870084,2978143.4685080457,₹ Crore
2011-12,Back,1995-96,Gross Value Added,Annual,,,,,,1093301.5005534422,2978142.6711698566,₹ Crore
2011-12,Back,1994-95,Gross Value Added,Annual,,"Agriculture, Livestock, Forestry and Fishing",Crops,,,176006.77253998947,598478.529576859,₹ Crore
2011-12,Back,1994-95,Gross Value Added,Annual,,"Agriculture, Livestock, Forestry and Fishing",Livestock,,,50313.30139418308,170444.19238297475,₹ Crore
2011-12,Back,1994-95,Gross Value Added,Annual,,"Agriculture, Livestock, Forestry and Fishing",Forestry and Logging,,,36263.505022217454,118268.69779687656,₹ Crore
2011-12,Back,1994-95,Gross Value Added,Annual,,"Agriculture, Livestock, Forestry and Fishing",Fishing and Aquaculture,,,9927.359210153754,35776.720214156405,₹ Crore
2011-12,Back,1994-95,Gross Value Added,Annual,,"Agriculture, Livestock, Forestry and Fishing",,,,271161.5466179286,918025.24584947,₹ Crore
2011-12,Back,1994-95,Gross Value Added,Annual,,Mining and Quarrying,,,,25258.59902042797,148071.59297063563,₹ Crore
2011-12,Back,1994-95,Gross Value Added,Annual,,Manufacturing,"Food Products, Beverages and Tobacco",,,17492.534781656537,46492.74802538291,₹ Crore
2011-12,Back,1994-95,Gross Value Added,Annual,,Manufacturing,"Textiles, Apparel and Leather Products",,,27416.94474156848,57445.79268216716,₹ Crore
2011-12,Back,1994-95,Gross Value Added,Annual,,Manufacturing,Metal Products,,,39522.885037428896,109227.96774722936,₹ Crore
2011-12,Back,1994-95,Gross Value Added,Annual,,Manufacturing,Machinery and Equipment,,,21786.72524808569,45052.97369167123,₹ Crore
2011-12,Back,1994-95,Gross Value Added,Annual,,Manufacturing,Other Manufactured Goods,,,61878.29730335356,169490.37524261116,₹ Crore
2011-12,Back,1994-95,Gross Value Added,Annual,,Manufacturing,,,,172263.2640700004,430871.79507154616,₹ Crore
2011-12,Back,1994-95,Gross Value Added,Annual,,"Electricity, Gas, Water Supply & Other Utility Services",,,,32489.06638939725,68917.97094262898,₹ Crore
2011-12,Back,1994-95,Gross Value Added,Annual,,Construction,,,,53888.19434763302,191622.25794473168,₹ Crore
2011-12,Back,1994-95,Gross Value Added,Annual,,"Trade, Repair, Hotels and Restaurants",Trade & Repair Services,,,73325.86211088399,218528.789367149,₹ Crore
2011-12,Back,1994-95,Gross Value Added,Annual,,"Trade, Repair, Hotels and Restaurants",Hotels & Restaurants,,,6411.466619601912,19071.16092098195,₹ Crore
2011-12,Back,1994-95,Gross Value Added,Annual,,"Trade, Repair, Hotels and Restaurants",,,,79949.94810373698,238212.7283150211,₹ Crore
2011-12,Back,1994-95,Gross Value Added,Annual,,"Transport, Storage, Communication & Services Related to Broadcasting",Railways,,,13501.199989728571,20904.94735771426,₹ Crore
2011-12,Back,1994-95,Gross Value Added,Annual,,"Transport, Storage, Communication & Services Related to Broadcasting",Storage,,,643.3067494527763,1864.6250728385085,₹ Crore
2011-12,Back,1994-95,Gross Value Added,Annual,,"Transport, Storage, Communication & Services Related to Broadcasting",Communication & Services Related to Broadcasting,,,16092.010674910256,13301.839253815693,₹ Crore
2011-12,Back,1994-95,Gross Value Added,Annual,,"Transport, Storage, Communication & Services Related to Broadcasting",Transport by Other Means,,,30049.25293999773,87429.23620592002,₹ Crore
2011-12,Back,1994-95,Gross Value Added,Annual,,"Transport, Storage, Communication & Services Related to Broadcasting",,,,58998.245088159325,113849.30514327962,₹ Crore
2011-12,Back,1994-95,Gross Value Added,Annual,,Financial Services,,,,39272.268546372026,121081.54891883607,₹ Crore
2011-12,Back,1994-95,Gross Value Added,Annual,,"Real Estate, Ownership of Dwelling & Professional Services",,,,106114.26961931809,362939.6522408901,₹ Crore
2011-12,Back,1994-95,Gross Value Added,Annual,,Public Administration and Defence,,,,51712.820987826395,160049.7149844903,₹ Crore
2011-12,Back,1994-95,Gross Value Added,Annual,,Other Services,,,,49253.22370399141,121963.19004244723,₹ Crore
2011-12,Back,1994-95,Gross Value Added,Annual,,Total Gross Value Added,,,,933790.3675099227,2775835.241336354,₹ Crore
2011-12,Back,1994-95,Gross Value Added,Annual,,,,,,933790.0532574456,2775834.4981621355,₹ Crore
2011-12,Back,1993-94,Gross Value Added,Annual,,"Agriculture, Livestock, Forestry and Fishing",Crops,,,153116.71933912367,571394.0126734659,₹ Crore
2011-12,Back,1993-94,Gross Value Added,Annual,,"Agriculture, Livestock, Forestry and Fishing",Livestock,,,43768.88942046639,162603.18156278098,₹ Crore
2011-12,Back,1993-94,Gross Value Added,Annual,,"Agriculture, Livestock, Forestry and Fishing",Forestry and Logging,,,32020.073557880813,115208.45185123936,₹ Crore
2011-12,Back,1993-94,Gross Value Added,Annual,,"Agriculture, Livestock, Forestry and Fishing",Fishing and Aquaculture,,,8090.203196446311,33640.72321126834,₹ Crore
2011-12,Back,1993-94,Gross Value Added,Annual,,"Agriculture, Livestock, Forestry and Fishing",,,,235482.53919529446,876681.1375529914,₹ Crore
2011-12,Back,1993-94,Gross Value Added,Annual,,Mining and Quarrying,,,,22394.605050765163,135487.40298436416,₹ Crore
2011-12,Back,1993-94,Gross Value Added,Annual,,Manufacturing,"Food Products, Beverages and Tobacco",,,13381.519164502011,40166.067456526536,₹ Crore
2011-12,Back,1993-94,Gross Value Added,Annual,,Manufacturing,"Textiles, Apparel and Leather Products",,,22845.886892734125,54529.519999918506,₹ Crore
2011-12,Back,1993-94,Gross Value Added,Annual,,Manufacturing,Metal Products,,,30940.76104933192,91778.86572372622,₹ Crore
2011-12,Back,1993-94,Gross Value Added,Annual,,Manufacturing,Machinery and Equipment,,,15584.373477284416,34739.43002619772,₹ Crore
2011-12,Back,1993-94,Gross Value Added,Annual,,Manufacturing,Other Manufactured Goods,,,52573.163452691624,160251.4365938897,₹ Crore
2011-12,Back,1993-94,Gross Value Added,Annual,,Manufacturing,,,,139420.43250634588,388799.1288844154,₹ Crore
2011-12,Back,1993-94,Gross Value Added,Annual,,"Electricity, Gas, Water Supply & Other Utility Services",,,,25895.689507263894,63009.64565167071,₹ Crore
2011-12,Back,1993-94,Gross Value Added,Annual,,Construction,,,,46893.659844668065,181836.74422755942,₹ Crore
2011-12,Back,1993-94,Gross Value Added,Annual,,"Trade, Repair, Hotels and Restaurants",Trade & Repair Services,,,61020.774393932916,197144.4211803201,₹ Crore
2011-12,Back,1993-94,Gross Value Added,Annual,,"Trade, Repair, Hotels and Restaurants",Hotels & Restaurants,,,5668.468082752377,18328.04798485455,₹ Crore
2011-12,Back,1993-94,Gross Value Added,Annual,,"Trade, Repair, Hotels and Restaurants",,,,66826.23973962171,215894.75967834226,₹ Crore
2011-12,Back,1993-94,Gross Value Added,Annual,,"Transport, Storage, Communication & Services Related to Broadcasting",Railways,,,11818.64469079468,20456.724839085822,₹ Crore
2011-12,Back,1993-94,Gross Value Added,Annual,,"Transport, Storage, Communication & Services Related to Broadcasting",Storage,,,531.465197838813,1822.9933111856028,₹ Crore
2011-12,Back,1993-94,Gross Value Added,Annual,,"Transport, Storage, Communication & Services Related to Broadcasting",Communication & Services Related to Broadcasting,,,12749.032691554134,11524.132641335405,₹ Crore
2011-12,Back,1993-94,Gross Value Added,Annual,,"Transport, Storage, Communication & Services Related to Broadcasting",Transport by Other Means,,,25444.406058855002,79451.98380529702,₹ Crore
2011-12,Back,1993-94,Gross Value Added,Annual,,"Transport, Storage, Communication & Services Related to Broadcasting",,,,49660.55503271769,104415.55674495365,₹ Crore
2011-12,Back,1993-94,Gross Value Added,Annual,,Financial Services,,,,33019.93738722092,115640.85907485391,₹ Crore
2011-12,Back,1993-94,Gross Value Added,Annual,,"Real Estate, Ownership of Dwelling & Professional Services",,,,97050.80635030083,351127.12328336394,₹ Crore
2011-12,Back,1993-94,Gross Value Added,Annual,,Public Administration and Defence,,,,46346.966195223205,157905.41191855018,₹ Crore
2011-12,Back,1993-94,Gross Value Added,Annual,,Other Services,,,,44270.979641492675,119340.35308860421,₹ Crore
2011-12,Back,1993-94,Gross Value Added,Annual,,Total Gross Value Added,,,,799471.8185755482,2608995.217617357,₹ Crore
2011-12,Back,1993-94,Gross Value Added,Annual,,,,,,799471.5495258685,2608994.519111209,₹ Crore
2011-12,Back,1992-93,Gross Value Added,Annual,,"Agriculture, Livestock, Forestry and Fishing",Crops,,,132228.25991191404,553784.4597403806,₹ Crore
2011-12,Back,1992-93,Gross Value Added,Annual,,"Agriculture, Livestock, Forestry and Fishing",Livestock,,,37767.082839026814,157547.87557782597,₹ Crore
2011-12,Back,1992-93,Gross Value Added,Annual,,"Agriculture, Livestock, Forestry and Fishing",Forestry and Logging,,,28293.953818068334,115763.79970357368,₹ Crore
2011-12,Back,1992-93,Gross Value Added,Annual,,"Agriculture, Livestock, Forestry and Fishing",Fishing and Aquaculture,,,6448.96002956809,30249.17746906869,₹ Crore
2011-12,Back,1992-93,Gross Value Added,Annual,,"Agriculture, Livestock, Forestry and Fishing",,,,203009.2192537062,848488.3569533052,₹ Crore
2011-12,Back,1992-93,Gross Value Added,Annual,,Mining and Quarrying,,,,19253.503036023976,133629.35981568712,₹ Crore
2011-12,Back,1992-93,Gross Value Added,Annual,,Manufacturing,"Food Products, Beverages and Tobacco",,,10653.831356984285,34319.441413985565,₹ Crore
2011-12,Back,1992-93,Gross Value Added,Annual,,Manufacturing,"Textiles, Apparel and Leather Products",,,16887.558512286778,43481.158028553866,₹ Crore
2011-12,Back,1992-93,Gross Value Added,Annual,,Manufacturing,Metal Products,,,29464.550619299473,90787.71924359247,₹ Crore
2011-12,Back,1992-93,Gross Value Added,Annual,,Manufacturing,Machinery and Equipment,,,14017.821836755149,32787.392836622115,₹ Crore
2011-12,Back,1992-93,Gross Value Added,Annual,,Manufacturing,Other Manufactured Goods,,,45023.66114317175,147100.3508566111,₹ Crore
2011-12,Back,1992-93,Gross Value Added,Annual,,Manufacturing,,,,120275.04538617254,358038.7948394124,₹ Crore
2011-12,Back,1992-93,Gross Value Added,Annual,,"Electricity, Gas, Water Supply & Other Utility Services",,,,21967.1772537271,58612.25289029708,₹ Crore
2011-12,Back,1992-93,Gross Value Added,Annual,,Construction,,,,42449.54609543943,180806.45695703645,₹ Crore
2011-12,Back,1992-93,Gross Value Added,Annual,,"Trade, Repair, Hotels and Restaurants",Trade & Repair Services,,,51979.72701053859,184389.34135940528,₹ Crore
2011-12,Back,1992-93,Gross Value Added,Annual,,"Trade, Repair, Hotels and Restaurants",Hotels & Restaurants,,,4821.6192740540955,16925.080585376567,₹ Crore
2011-12,Back,1992-93,Gross Value Added,Annual,,"Trade, Repair, Hotels and Restaurants",,,,56918.884039265125,201733.9258559758,₹ Crore
2011-12,Back,1992-93,Gross Value Added,Annual,,"Transport, Storage, Communication & Services Related to Broadcasting",Railways,,,10370.26228965428,20806.90620361681,₹ Crore
2011-12,Back,1992-93,Gross Value Added,Annual,,"Transport, Storage, Communication & Services Related to Broadcasting",Storage,,,487.99313536208535,1760.3369146908383,₹ Crore
2011-12,Back,1992-93,Gross Value Added,Annual,,"Transport, Storage, Communication & Services Related to Broadcasting",Communication & Services Related to Broadcasting,,,9896.2138452944,10172.804674113519,₹ Crore
2011-12,Back,1992-93,Gross Value Added,Annual,,"Transport, Storage, Communication & Services Related to Broadcasting",Transport by Other Means,,,21369.64547534816,73560.6311732347,₹ Crore
2011-12,Back,1992-93,Gross Value Added,Annual,,"Transport, Storage, Communication & Services Related to Broadcasting",,,,41517.63715634092,97858.0053514994,₹ Crore
2011-12,Back,1992-93,Gross Value Added,Annual,,Financial Services,,,,25179.080832868545,101202.55648345385,₹ Crore
2011-12,Back,1992-93,Gross Value Added,Annual,,"Real Estate, Ownership of Dwelling & Professional Services",,,,84284.02922895746,321321.28917205933,₹ Crore
2011-12,Back,1992-93,Gross Value Added,Annual,,Public Administration and Defence,,,,42141.41917721279,153947.59370959963,₹ Crore
2011-12,Back,1992-93,Gross Value Added,Annual,,Other Services,,,,38547.87618076588,111716.26010721925,₹ Crore
2011-12,Back,1992-93,Gross Value Added,Annual,,Total Gross Value Added,,,,687816.3252581542,2468738.161638306,₹ Crore
2011-12,Back,1992-93,Gross Value Added,Annual,,,,,,687816.0937843764,2468737.5006831717,₹ Crore
2011-12,Back,1991-92,Gross Value Added,Annual,,"Agriculture, Livestock, Forestry and Fishing",Crops,,,118120.89854439818,517277.76739395503,₹ Crore
2011-12,Back,1991-92,Gross Value Added,Annual,,"Agriculture, Livestock, Forestry and Fishing",Livestock,,,33754.41211958561,146923.165529431,₹ Crore
2011-12,Back,1991-92,Gross Value Added,Annual,,"Agriculture, Livestock, Forestry and Fishing",Forestry and Logging,,,26164.96351817585,118535.54642294948,₹ Crore
2011-12,Back,1991-92,Gross Value Added,Annual,,"Agriculture, Livestock, Forestry and Fishing",Fishing and Aquaculture,,,5158.89242910656,27867.196379029334,₹ Crore
2011-12,Back,1991-92,Gross Value Added,Annual,,"Agriculture, Livestock, Forestry and Fishing",,,,181017.10264792928,795574.6340739252,₹ Crore
2011-12,Back,1991-92,Gross Value Added,Annual,,Mining and Quarrying,,,,16695.98983888109,132410.43469521616,₹ Crore
2011-12,Back,1991-92,Gross Value Added,Annual,,Manufacturing,"Food Products, Beverages and Tobacco",,,9741.789469198724,33782.88244125592,₹ Crore
2011-12,Back,1991-92,Gross Value Added,Annual,,Manufacturing,"Textiles, Apparel and Leather Products",,,15234.862671179832,42507.67599600159,₹ Crore
2011-12,Back,1991-92,Gross Value Added,Annual,,Manufacturing,Metal Products,,,26262.550852468496,91492.15523712759,₹ Crore
2011-12,Back,1991-92,Gross Value Added,Annual,,Manufacturing,Machinery and Equipment,,,13213.946160878426,33282.79813321576,₹ Crore
2011-12,Back,1991-92,Gross Value Added,Annual,,Manufacturing,Other Manufactured Goods,,,37618.687168044016,143369.4250758969,₹ Crore
2011-12,Back,1991-92,Gross Value Added,Annual,,Manufacturing,,,,103817.67634081256,347306.39019541687,₹ Crore
2011-12,Back,1991-92,Gross Value Added,Annual,,"Electricity, Gas, Water Supply & Other Utility Services",,,,17394.5296618117,54809.5434493747,₹ Crore
2011-12,Back,1991-92,Gross Value Added,Annual,,Construction,,,,37204.868055018844,174723.28255107917,₹ Crore
2011-12,Back,1991-92,Gross Value Added,Annual,,"Trade, Repair, Hotels and Restaurants",Trade & Repair Services,,,44602.22003500671,173970.68732329644,₹ Crore
2011-12,Back,1991-92,Gross Value Added,Annual,,"Trade, Repair, Hotels and Restaurants",Hotels & Restaurants,,,4088.474608205967,15902.3683003718,₹ Crore
2011-12,Back,1991-92,Gross Value Added,Annual,,"Trade, Repair, Hotels and Restaurants",,,,48797.40588477883,190277.56624034417,₹ Crore
2011-12,Back,1991-92,Gross Value Added,Annual,,"Transport, Storage, Communication & Services Related to Broadcasting",Railways,,,9045.224906516942,21331.683963152504,₹ Crore
2011-12,Back,1991-92,Gross Value Added,Annual,,"Transport, Storage, Communication & Services Related to Broadcasting",Storage,,,444.4975295318325,1722.2555409185466,₹ Crore
2011-12,Back,1991-92,Gross Value Added,Annual,,"Transport, Storage, Communication & Services Related to Broadcasting",Communication & Services Related to Broadcasting,,,7621.315588269313,9023.935352499777,₹ Crore
2011-12,Back,1991-92,Gross Value Added,Annual,,"Transport, Storage, Communication & Services Related to Broadcasting",Transport by Other Means,,,17780.96172413253,69537.58736377767,₹ Crore
2011-12,Back,1991-92,Gross Value Added,Annual,,"Transport, Storage, Communication & Services Related to Broadcasting",,,,34485.569425299575,93396.76774961475,₹ Crore
2011-12,Back,1991-92,Gross Value Added,Annual,,Financial Services,,,,24242.915008289285,98578.27716978341,₹ Crore
2011-12,Back,1991-92,Gross Value Added,Annual,,"Real Estate, Ownership of Dwelling & Professional Services",,,,73203.77923995012,299688.7529167924,₹ Crore
2011-12,Back,1991-92,Gross Value Added,Annual,,Public Administration and Defence,,,,36596.01125036148,146550.82545181774,₹ Crore
2011-12,Back,1991-92,Gross Value Added,Annual,,Other Services,,,,32914.01265289434,104471.15502394502,₹ Crore
2011-12,Back,1991-92,Gross Value Added,Annual,,Total Gross Value Added,,,,599659.5920310096,2343060.1269222116,₹ Crore
2011-12,Back,1991-92,Gross Value Added,Annual,,,,,,599659.3902249953,2343059.4996148506,₹ Crore
2011-12,Back,1990-91,Gross Value Added,Annual,,"Agriculture, Livestock, Forestry and Fishing",Crops,,,100317.23288798323,529514.8858609309,₹ Crore
2011-12,Back,1990-91,Gross Value Added,Annual,,"Agriculture, Livestock, Forestry and Fishing",Livestock,,,28697.55596341754,150741.44985806177,₹ Crore
2011-12,Back,1990-91,Gross Value Added,Annual,,"Agriculture, Livestock, Forestry and Fishing",Forestry and Logging,,,25359.609218301095,117621.94110599812,₹ Crore
2011-12,Back,1990-91,Gross Value Added,Annual,,"Agriculture, Livestock, Forestry and Fishing",Fishing and Aquaculture,,,4544.681832819257,26899.07231035826,₹ Crore
2011-12,Back,1990-91,Gross Value Added,Annual,,"Agriculture, Livestock, Forestry and Fishing",,,,154952.85672830028,811417.4646050581,₹ Crore
2011-12,Back,1990-91,Gross Value Added,Annual,,Mining and Quarrying,,,,15234.352751161592,128109.28304369199,₹ Crore
2011-12,Back,1990-91,Gross Value Added,Annual,,Manufacturing,"Food Products, Beverages and Tobacco",,,8705.077835926757,33938.780976927424,₹ Crore
2011-12,Back,1990-91,Gross Value Added,Annual,,Manufacturing,"Textiles, Apparel and Leather Products",,,14475.302153232144,44027.68729957814,₹ Crore
2011-12,Back,1990-91,Gross Value Added,Annual,,Manufacturing,Metal Products,,,23885.833758084882,90524.7632734041,₹ Crore
2011-12,Back,1990-91,Gross Value Added,Annual,,Manufacturing,Machinery and Equipment,,,12479.770507075113,35306.179267248015,₹ Crore
2011-12,Back,1990-91,Gross Value Added,Annual,,Manufacturing,Other Manufactured Goods,,,33726.557692733506,145277.9785503322,₹ Crore
2011-12,Back,1990-91,Gross Value Added,Annual,,Manufacturing,,,,95620.28100668837,355841.11041593173,₹ Crore
2011-12,Back,1990-91,Gross Value Added,Annual,,"Electricity, Gas, Water Supply & Other Utility Services",,,,14207.090406300103,49964.576685055385,₹ Crore
2011-12,Back,1990-91,Gross Value Added,Annual,,Construction,,,,33101.5428568748,171197.90828194193,₹ Crore
2011-12,Back,1990-91,Gross Value Added,Annual,,"Trade, Repair, Hotels and Restaurants",Trade & Repair Services,,,39170.77358662658,173016.9531927319,₹ Crore
2011-12,Back,1990-91,Gross Value Added,Annual,,"Trade, Repair, Hotels and Restaurants",Hotels & Restaurants,,,3577.3741948038696,15779.344586865758,₹ Crore
2011-12,Back,1990-91,Gross Value Added,Annual,,"Trade, Repair, Hotels and Restaurants",,,,42843.45087035777,189201.3448838506,₹ Crore
2011-12,Back,1990-91,Gross Value Added,Annual,,"Transport, Storage, Communication & Services Related to Broadcasting",Railways,,,7948.1334294657445,19887.97209543334,₹ Crore
2011-12,Back,1990-91,Gross Value Added,Annual,,"Transport, Storage, Communication & Services Related to Broadcasting",Storage,,,412.422477726655,1732.3561001871042,₹ Crore
2011-12,Back,1990-91,Gross Value Added,Annual,,"Transport, Storage, Communication & Services Related to Broadcasting",Communication & Services Related to Broadcasting,,,6174.591253472652,8402.6426325648,₹ Crore
2011-12,Back,1990-91,Gross Value Added,Annual,,"Transport, Storage, Communication & Services Related to Broadcasting",Transport by Other Means,,,15024.76517710739,65627.88518135875,₹ Crore
2011-12,Back,1990-91,Gross Value Added,Annual,,"Transport, Storage, Communication & Services Related to Broadcasting",,,,29247.914309602333,87748.02678052451,₹ Crore
2011-12,Back,1990-91,Gross Value Added,Annual,,Financial Services,,,,17794.693886653615,85097.45928751123,₹ Crore
2011-12,Back,1990-91,Gross Value Added,Annual,,"Real Estate, Ownership of Dwelling & Professional Services",,,,63678.14587087403,277887.24065233266,₹ Crore
2011-12,Back,1990-91,Gross Value Added,Annual,,Public Administration and Defence,,,,31562.01453498047,143540.29441191387,₹ Crore
2011-12,Back,1990-91,Gross Value Added,Annual,,Other Services,,,,28292.198215810342,101456.86921519235,₹ Crore
2011-12,Back,1990-91,Gross Value Added,Annual,,Total Gross Value Added,,,,519792.5150690269,2310015.3051884975,₹ Crore
2011-12,Back,1990-91,Gross Value Added,Annual,,,,,,519792.34014102264,2310014.6867282256,₹ Crore
2011-12,Back,1989-90,Gross Value Added,Annual,,"Agriculture, Livestock, Forestry and Fishing",Crops,,,85676.85869073166,507790.3380203213,₹ Crore
2011-12,Back,1989-90,Gross Value Added,Annual,,"Agriculture, Livestock, Forestry and Fishing",Livestock,,,24418.395043555724,144417.2234363231,₹ Crore
2011-12,Back,1989-90,Gross Value Added,Annual,,"Agriculture, Livestock, Forestry and Fishing",Forestry and Logging,,,23523.328968465798,119202.27115670116,₹ Crore
2011-12,Back,1989-90,Gross Value Added,Annual,,"Agriculture, Livestock, Forestry and Fishing",Fishing and Aquaculture,,,3707.960417969549,25657.724509436975,₹ Crore
2011-12,Back,1989-90,Gross Value Added,Annual,,"Agriculture, Livestock, Forestry and Fishing",,,,132780.1875700866,780095.8681309412,₹ Crore
2011-12,Back,1989-90,Gross Value Added,Annual,,Mining and Quarrying,,,,13450.046546086996,115973.47899975239,₹ Crore
2011-12,Back,1989-90,Gross Value Added,Annual,,Manufacturing,"Food Products, Beverages and Tobacco",,,8265.305437969835,37119.530807136165,₹ Crore
2011-12,Back,1989-90,Gross Value Added,Annual,,Manufacturing,"Textiles, Apparel and Leather Products",,,12347.199755682681,40868.871237899846,₹ Crore
2011-12,Back,1989-90,Gross Value Added,Annual,,Manufacturing,Metal Products,,,20118.025843134554,81510.28637724486,₹ Crore
2011-12,Back,1989-90,Gross Value Added,Annual,,Manufacturing,Machinery and Equipment,,,10585.308453639635,32646.61360121447,₹ Crore
2011-12,Back,1989-90,Gross Value Added,Annual,,Manufacturing,Other Manufactured Goods,,,29092.94446198053,134037.30863085936,₹ Crore
2011-12,Back,1989-90,Gross Value Added,Annual,,Manufacturing,,,,83377.95486398452,339628.7762050521,₹ Crore
2011-12,Back,1989-90,Gross Value Added,Annual,,"Electricity, Gas, Water Supply & Other Utility Services",,,,11822.194605191695,46832.733675665324,₹ Crore
2011-12,Back,1989-90,Gross Value Added,Annual,,Construction,,,,27252.687147921177,153145.48349843084,₹ Crore
2011-12,Back,1989-90,Gross Value Added,Annual,,"Trade, Repair, Hotels and Restaurants",Trade & Repair Services,,,33528.6986538925,164694.06305801545,₹ Crore
2011-12,Back,1989-90,Gross Value Added,Annual,,"Trade, Repair, Hotels and Restaurants",Hotels & Restaurants,,,3033.435710076507,14663.432518901871,₹ Crore
2011-12,Back,1989-90,Gross Value Added,Annual,,"Trade, Repair, Hotels and Restaurants",,,,36647.148637892715,179784.62227250924,₹ Crore
2011-12,Back,1989-90,Gross Value Added,Annual,,"Transport, Storage, Communication & Services Related to Broadcasting",Railways,,,6968.4426319878685,19025.261261491913,₹ Crore
2011-12,Back,1989-90,Gross Value Added,Annual,,"Transport, Storage, Communication & Services Related to Broadcasting",Storage,,,345.2754151452037,1668.7693465287875,₹ Crore
2011-12,Back,1989-90,Gross Value Added,Annual,,"Transport, Storage, Communication & Services Related to Broadcasting",Communication & Services Related to Broadcasting,,,5122.241718769546,7881.376433981683,₹ Crore
2011-12,Back,1989-90,Gross Value Added,Annual,,"Transport, Storage, Communication & Services Related to Broadcasting",Transport by Other Means,,,12690.040551945534,62652.45423338857,₹ Crore
2011-12,Back,1989-90,Gross Value Added,Annual,,"Transport, Storage, Communication & Services Related to Broadcasting",,,,24858.01987228406,83594.67657120629,₹ Crore
2011-12,Back,1989-90,Gross Value Added,Annual,,Financial Services,,,,14859.712652056023,83455.03879892011,₹ Crore
2011-12,Back,1989-90,Gross Value Added,Annual,,"Real Estate, Ownership of Dwelling & Professional Services",,,,55190.46189557491,255172.1852403165,₹ Crore
2011-12,Back,1989-90,Gross Value Added,Annual,,Public Administration and Defence,,,,28067.46480173135,141737.48057512238,₹ Crore
2011-12,Back,1989-90,Gross Value Added,Annual,,Other Services,,,,24021.47804308937,94659.11374470116,₹ Crore
2011-12,Back,1989-90,Gross Value Added,Annual,,Total Gross Value Added,,,,446220.753812143,2194057.0673735966,₹ Crore
2011-12,Back,1989-90,Gross Value Added,Annual,,,,,,446220.603643559,2194056.4799588164,₹ Crore
2011-12,Back,1988-89,Gross Value Added,Annual,,"Agriculture, Livestock, Forestry and Fishing",Crops,,,77932.7759898715,505790.6315152632,₹ Crore
2011-12,Back,1988-89,Gross Value Added,Annual,,"Agriculture, Livestock, Forestry and Fishing",Livestock,,,22214.20502660038,143882.7600166901,₹ Crore
2011-12,Back,1988-89,Gross Value Added,Annual,,"Agriculture, Livestock, Forestry and Fishing",Forestry and Logging,,,20244.106368415094,108466.52422246554,₹ Crore
2011-12,Back,1988-89,Gross Value Added,Annual,,"Agriculture, Livestock, Forestry and Fishing",Fishing and Aquaculture,,,3135.882189319143,23042.099191196576,₹ Crore
2011-12,Back,1988-89,Gross Value Added,Annual,,"Agriculture, Livestock, Forestry and Fishing",,,,120145.33474950412,770928.3372468274,₹ Crore
2011-12,Back,1988-89,Gross Value Added,Annual,,Mining and Quarrying,,,,12188.074954353473,107787.09494338634,₹ Crore
2011-12,Back,1988-89,Gross Value Added,Annual,,Manufacturing,"Food Products, Beverages and Tobacco",,,6719.153911396957,34242.32542519759,₹ Crore
2011-12,Back,1988-89,Gross Value Added,Annual,,Manufacturing,"Textiles, Apparel and Leather Products",,,9244.899186121913,34869.596177779604,₹ Crore
2011-12,Back,1988-89,Gross Value Added,Annual,,Manufacturing,Metal Products,,,17680.82406773334,82326.6871876385,₹ Crore
2011-12,Back,1988-89,Gross Value Added,Annual,,Manufacturing,Machinery and Equipment,,,8609.178050801496,29220.53498197709,₹ Crore
2011-12,Back,1988-89,Gross Value Added,Annual,,Manufacturing,Other Manufactured Goods,,,24152.42540101086,117846.81616397921,₹ Crore
2011-12,Back,1988-89,Gross Value Added,Annual,,Manufacturing,,,,69134.03148351687,312045.7503152651,₹ Crore
2011-12,Back,1988-89,Gross Value Added,Annual,,"Electricity, Gas, Water Supply & Other Utility Services",,,,9883.174121164906,42678.45243021371,₹ Crore
2011-12,Back,1988-89,Gross Value Added,Annual,,Construction,,,,23484.374423724712,143080.02481640867,₹ Crore
2011-12,Back,1988-89,Gross Value Added,Annual,,"Trade, Repair, Hotels and Restaurants",Trade & Repair Services,,,28641.5386880027,153109.98156796908,₹ Crore
2011-12,Back,1988-89,Gross Value Added,Annual,,"Trade, Repair, Hotels and Restaurants",Hotels & Restaurants,,,2533.045872709763,13041.756295413146,₹ Crore
2011-12,Back,1988-89,Gross Value Added,Annual,,"Trade, Repair, Hotels and Restaurants",,,,31254.193461189032,166617.92017842617,₹ Crore
2011-12,Back,1988-89,Gross Value Added,Annual,,"Transport, Storage, Communication & Services Related to Broadcasting",Railways,,,5971.733933410397,18301.04862143916,₹ Crore
2011-12,Back,1988-89,Gross Value Added,Annual,,"Transport, Storage, Communication & Services Related to Broadcasting",Storage,,,313.06726429674876,1613.4548099360413,₹ Crore
2011-12,Back,1988-89,Gross Value Added,Annual,,"Transport, Storage, Communication & Services Related to Broadcasting",Communication & Services Related to Broadcasting,,,4524.103741028737,7360.946663054057,₹ Crore
2011-12,Back,1988-89,Gross Value Added,Annual,,"Transport, Storage, Communication & Services Related to Broadcasting",Transport by Other Means,,,10789.03374434647,58468.37868394832,₹ Crore
2011-12,Back,1988-89,Gross Value Added,Annual,,"Transport, Storage, Communication & Services Related to Broadcasting",,,,21316.039764325964,78590.5540576737,₹ Crore
2011-12,Back,1988-89,Gross Value Added,Annual,,Financial Services,,,,11881.152236884871,68103.03737086376,₹ Crore
2011-12,Back,1988-89,Gross Value Added,Annual,,"Real Estate, Ownership of Dwelling & Professional Services",,,,48166.16488730282,238814.36221882392,₹ Crore
2011-12,Back,1988-89,Gross Value Added,Annual,,Public Administration and Defence,,,,24326.113565031916,131180.4567968068,₹ Crore
2011-12,Back,1988-89,Gross Value Added,Annual,,Other Services,,,,21046.654762030394,87667.25824179235,₹ Crore
2011-12,Back,1988-89,Gross Value Added,Annual,,Total Gross Value Added,,,,387337.0267858772,2067262.1341279072,₹ Crore
2011-12,Back,1988-89,Gross Value Added,Annual,,,,,,387336.89643368643,2067261.5806599283,₹ Crore
2011-12,Back,1987-88,Gross Value Added,Annual,,"Agriculture, Livestock, Forestry and Fishing",Crops,,,62594.25324368141,432871.43069343356,₹ Crore
2011-12,Back,1987-88,Gross Value Added,Annual,,"Agriculture, Livestock, Forestry and Fishing",Livestock,,,17860.270474323406,122871.6439032674,₹ Crore
2011-12,Back,1987-88,Gross Value Added,Annual,,"Agriculture, Livestock, Forestry and Fishing",Forestry and Logging,,,18079.509241644333,109066.94796731445,₹ Crore
2011-12,Back,1987-88,Gross Value Added,Annual,,"Agriculture, Livestock, Forestry and Fishing",Fishing and Aquaculture,,,2688.1312116524346,21128.851679480736,₹ Crore
2011-12,Back,1987-88,Gross Value Added,Annual,,"Agriculture, Livestock, Forestry and Fishing",,,,97283.96121250186,666664.3785741866,₹ Crore
2011-12,Back,1987-88,Gross Value Added,Annual,,Mining and Quarrying,,,,9320.861373834961,92782.59034198496,₹ Crore
2011-12,Back,1987-88,Gross Value Added,Annual,,Manufacturing,"Food Products, Beverages and Tobacco",,,5087.134290822947,26585.527561663715,₹ Crore
2011-12,Back,1987-88,Gross Value Added,Annual,,Manufacturing,"Textiles, Apparel and Leather Products",,,8349.864669283386,34400.36790293456,₹ Crore
2011-12,Back,1987-88,Gross Value Added,Annual,,Manufacturing,Metal Products,,,13134.05086279832,68974.31366535668,₹ Crore
2011-12,Back,1987-88,Gross Value Added,Annual,,Manufacturing,Machinery and Equipment,,,7042.8294740661195,27150.00339910281,₹ Crore
2011-12,Back,1987-88,Gross Value Added,Annual,,Manufacturing,Other Manufactured Goods,,,22011.663612584394,111310.59271821151,₹ Crore
2011-12,Back,1987-88,Gross Value Added,Annual,,Manufacturing,,,,58656.63771325032,287609.544895596,₹ Crore
2011-12,Back,1987-88,Gross Value Added,Annual,,"Electricity, Gas, Water Supply & Other Utility Services",,,,8496.433001970981,38905.263951623776,₹ Crore
2011-12,Back,1987-88,Gross Value Added,Annual,,Construction,,,,20141.180976813434,133682.0131052905,₹ Crore
2011-12,Back,1987-88,Gross Value Added,Annual,,"Trade, Repair, Hotels and Restaurants",Trade & Repair Services,,,24308.352785494,143570.41191155114,₹ Crore
2011-12,Back,1987-88,Gross Value Added,Annual,,"Trade, Repair, Hotels and Restaurants",Hotels & Restaurants,,,2087.0376451724137,12231.53951555518,₹ Crore
2011-12,Back,1987-88,Gross Value Added,Annual,,"Trade, Repair, Hotels and Restaurants",,,,26470.487287124884,156238.2744813409,₹ Crore
2011-12,Back,1987-88,Gross Value Added,Annual,,"Transport, Storage, Communication & Services Related to Broadcasting",Railways,,,5468.842270060278,18486.95741438261,₹ Crore
2011-12,Back,1987-88,Gross Value Added,Annual,,"Transport, Storage, Communication & Services Related to Broadcasting",Storage,,,295.57988171910347,1667.2165441476623,₹ Crore
2011-12,Back,1987-88,Gross Value Added,Annual,,"Transport, Storage, Communication & Services Related to Broadcasting",Communication & Services Related to Broadcasting,,,3543.007820110987,7039.998829642139,₹ Crore
2011-12,Back,1987-88,Gross Value Added,Annual,,"Transport, Storage, Communication & Services Related to Broadcasting",Transport by Other Means,,,8946.88671238079,54798.428778632195,₹ Crore
2011-12,Back,1987-88,Gross Value Added,Annual,,"Transport, Storage, Communication & Services Related to Broadcasting",,,,18055.14214028053,75306.98803807478,₹ Crore
2011-12,Back,1987-88,Gross Value Added,Annual,,Financial Services,,,,9955.731203981088,61259.32719537147,₹ Crore
2011-12,Back,1987-88,Gross Value Added,Annual,,"Real Estate, Ownership of Dwelling & Professional Services",,,,41947.13574567767,219112.81806001125,₹ Crore
2011-12,Back,1987-88,Gross Value Added,Annual,,Public Administration and Defence,,,,20984.051323085263,123493.55499111458,₹ Crore
2011-12,Back,1987-88,Gross Value Added,Annual,,Other Services,,,,18114.03244787486,82689.6605397066,₹ Crore
2011-12,Back,1987-88,Gross Value Added,Annual,,Total Gross Value Added,,,,324561.7864766535,1876600.6422417315,₹ Crore
2011-12,Back,1987-88,Gross Value Added,Annual,,,,,,324561.67725048354,1876600.1398195429,₹ Crore
2011-12,Back,1986-87,Gross Value Added,Annual,,"Agriculture, Livestock, Forestry and Fishing",Crops,,,56301.93375045034,440478.47937426367,₹ Crore
2011-12,Back,1986-87,Gross Value Added,Annual,,"Agriculture, Livestock, Forestry and Fishing",Livestock,,,16059.280389626823,125121.87527950872,₹ Crore
2011-12,Back,1986-87,Gross Value Added,Annual,,"Agriculture, Livestock, Forestry and Fishing",Forestry and Logging,,,16545.985948811456,111101.35678420002,₹ Crore
2011-12,Back,1986-87,Gross Value Added,Annual,,"Agriculture, Livestock, Forestry and Fishing",Fishing and Aquaculture,,,2276.454825965031,20571.384059388653,₹ Crore
2011-12,Back,1986-87,Gross Value Added,Annual,,"Agriculture, Livestock, Forestry and Fishing",,,,87451.17825139605,677420.4372277778,₹ Crore
2011-12,Back,1986-87,Gross Value Added,Annual,,Mining and Quarrying,,,,8899.561535041648,89409.6693735079,₹ Crore
2011-12,Back,1986-87,Gross Value Added,Annual,,Manufacturing,"Food Products, Beverages and Tobacco",,,4574.840529365667,25267.220635111167,₹ Crore
2011-12,Back,1986-87,Gross Value Added,Annual,,Manufacturing,"Textiles, Apparel and Leather Products",,,7746.599113798657,35665.72414653481,₹ Crore
2011-12,Back,1986-87,Gross Value Added,Annual,,Manufacturing,Metal Products,,,11011.431913072773,63452.99063953889,₹ Crore
2011-12,Back,1986-87,Gross Value Added,Annual,,Manufacturing,Machinery and Equipment,,,6476.568020323942,26655.877624150933,₹ Crore
2011-12,Back,1986-87,Gross Value Added,Annual,,Manufacturing,Other Manufactured Goods,,,19061.754270812617,101924.23705147365,₹ Crore
2011-12,Back,1986-87,Gross Value Added,Annual,,Manufacturing,,,,51643.997985595335,272357.46756041556,₹ Crore
2011-12,Back,1986-87,Gross Value Added,Annual,,"Electricity, Gas, Water Supply & Other Utility Services",,,,7569.7194759807535,36103.99303448834,₹ Crore
2011-12,Back,1986-87,Gross Value Added,Annual,,Construction,,,,16988.59807542405,126434.16613265504,₹ Crore
2011-12,Back,1986-87,Gross Value Added,Annual,,"Trade, Repair, Hotels and Restaurants",Trade & Repair Services,,,21861.433124802104,137715.42025720916,₹ Crore
2011-12,Back,1986-87,Gross Value Added,Annual,,"Trade, Repair, Hotels and Restaurants",Hotels & Restaurants,,,1839.2992003940628,11531.919811475369,₹ Crore
2011-12,Back,1986-87,Gross Value Added,Annual,,"Trade, Repair, Hotels and Restaurants",,,,23772.787078152603,149689.84483753075,₹ Crore
2011-12,Back,1986-87,Gross Value Added,Annual,,"Transport, Storage, Communication & Services Related to Broadcasting",Railways,,,4778.517793757709,17766.703157969427,₹ Crore
2011-12,Back,1986-87,Gross Value Added,Annual,,"Transport, Storage, Communication & Services Related to Broadcasting",Storage,,,261.42110645585745,1676.8665105018904,₹ Crore
2011-12,Back,1986-87,Gross Value Added,Annual,,"Transport, Storage, Communication & Services Related to Broadcasting",Communication & Services Related to Broadcasting,,,2492.2389300062177,6649.080529590646,₹ Crore
2011-12,Back,1986-87,Gross Value Added,Annual,,"Transport, Storage, Communication & Services Related to Broadcasting",Transport by Other Means,,,7496.862944484233,50475.161273044294,₹ Crore
2011-12,Back,1986-87,Gross Value Added,Annual,,"Transport, Storage, Communication & Services Related to Broadcasting",,,,14983.910877716793,70429.44250949632,₹ Crore
2011-12,Back,1986-87,Gross Value Added,Annual,,Financial Services,,,,8676.983922405876,57655.654959948486,₹ Crore
2011-12,Back,1986-87,Gross Value Added,Annual,,"Real Estate, Ownership of Dwelling & Professional Services",,,,36763.109220448954,203016.86410972686,₹ Crore
2011-12,Back,1986-87,Gross Value Added,Annual,,Public Administration and Defence,,,,17556.436501984335,112577.55472096741,₹ Crore
2011-12,Back,1986-87,Gross Value Added,Annual,,Other Services,,,,16005.456190376113,78500.69583863189,₹ Crore
2011-12,Back,1986-87,Gross Value Added,Annual,,Total Gross Value Added,,,,286302.9742243141,1812537.7261791776,₹ Crore
2011-12,Back,1986-87,Gross Value Added,Annual,,,,,,286302.8778735464,1812537.2409085503,₹ Crore
2011-12,Back,1985-86,Gross Value Added,Annual,,"Agriculture, Livestock, Forestry and Fishing",Crops,,,52691.461210199355,442208.13231221127,₹ Crore
2011-12,Back,1985-86,Gross Value Added,Annual,,"Agriculture, Livestock, Forestry and Fishing",Livestock,,,15074.038053572109,125735.36869726153,₹ Crore
2011-12,Back,1985-86,Gross Value Added,Annual,,"Agriculture, Livestock, Forestry and Fishing",Forestry and Logging,,,14790.227089503118,112500.65617610521,₹ Crore
2011-12,Back,1985-86,Gross Value Added,Annual,,"Agriculture, Livestock, Forestry and Fishing",Fishing and Aquaculture,,,2002.50681363674,20472.68368900884,₹ Crore
2011-12,Back,1985-86,Gross Value Added,Annual,,"Agriculture, Livestock, Forestry and Fishing",,,,81477.14442347568,680205.7740959879,₹ Crore
2011-12,Back,1985-86,Gross Value Added,Annual,,Mining and Quarrying,,,,7633.476910407338,79654.97676414908,₹ Crore
2011-12,Back,1985-86,Gross Value Added,Annual,,Manufacturing,"Food Products, Beverages and Tobacco",,,4022.9730960827765,24413.11291010552,₹ Crore
2011-12,Back,1985-86,Gross Value Added,Annual,,Manufacturing,"Textiles, Apparel and Leather Products",,,7203.7628519421305,33374.051702405406,₹ Crore
2011-12,Back,1985-86,Gross Value Added,Annual,,Manufacturing,Metal Products,,,11536.71553126286,68113.72717157351,₹ Crore
2011-12,Back,1985-86,Gross Value Added,Annual,,Manufacturing,Machinery and Equipment,,,5355.033939765743,22989.16126223304,₹ Crore
2011-12,Back,1985-86,Gross Value Added,Annual,,Manufacturing,Other Manufactured Goods,,,16604.063042257603,90715.49820743673,₹ Crore
2011-12,Back,1985-86,Gross Value Added,Annual,,Manufacturing,,,,46714.842737896666,258172.83372070448,₹ Crore
2011-12,Back,1985-86,Gross Value Added,Annual,,"Electricity, Gas, Water Supply & Other Utility Services",,,,6655.65622123644,32727.509985785935,₹ Crore
2011-12,Back,1985-86,Gross Value Added,Annual,,Construction,,,,14764.808377668627,123482.16912711314,₹ Crore
2011-12,Back,1985-86,Gross Value Added,Annual,,"Trade, Repair, Hotels and Restaurants",Trade & Repair Services,,,19656.18819957328,130162.42531433867,₹ Crore
2011-12,Back,1985-86,Gross Value Added,Annual,,"Trade, Repair, Hotels and Restaurants",Hotels & Restaurants,,,1727.8819394894601,10997.574389176403,₹ Crore
2011-12,Back,1985-86,Gross Value Added,Annual,,"Trade, Repair, Hotels and Restaurants",,,,21439.964399428012,141566.74554198576,₹ Crore
2011-12,Back,1985-86,Gross Value Added,Annual,,"Transport, Storage, Communication & Services Related to Broadcasting",Railways,,,4036.1303408158283,16306.704495174528,₹ Crore
2011-12,Back,1985-86,Gross Value Added,Annual,,"Transport, Storage, Communication & Services Related to Broadcasting",Storage,,,242.51903612977125,1609.5836639761706,₹ Crore
2011-12,Back,1985-86,Gross Value Added,Annual,,"Transport, Storage, Communication & Services Related to Broadcasting",Communication & Services Related to Broadcasting,,,2015.2502934583856,6258.486673725914,₹ Crore
2011-12,Back,1985-86,Gross Value Added,Annual,,"Transport, Storage, Communication & Services Related to Broadcasting",Transport by Other Means,,,6395.2036129930175,47704.36568307011,₹ Crore
2011-12,Back,1985-86,Gross Value Added,Annual,,"Transport, Storage, Communication & Services Related to Broadcasting",,,,12686.591032666398,66049.76188200997,₹ Crore
2011-12,Back,1985-86,Gross Value Added,Annual,,Financial Services,,,,7618.1834319013515,50612.535278187024,₹ Crore
2011-12,Back,1985-86,Gross Value Added,Annual,,"Real Estate, Ownership of Dwelling & Professional Services",,,,31971.368607171225,186663.91207925507,₹ Crore
2011-12,Back,1985-86,Gross Value Added,Annual,,Public Administration and Defence,,,,14803.420459128536,103097.52078909065,₹ Crore
2011-12,Back,1985-86,Gross Value Added,Annual,,Other Services,,,,14239.956357503985,73822.33967271303,₹ Crore
2011-12,Back,1985-86,Gross Value Added,Annual,,Total Gross Value Added,,,,256778.6009328386,1737565.2836422531,₹ Crore
2011-12,Back,1985-86,Gross Value Added,Annual,,,,,,256778.5145180348,1737564.8184439938,₹ Crore
2011-12,Back,1984-85,Gross Value Added,Annual,,"Agriculture, Livestock, Forestry and Fishing",Crops,,,49225.303548716605,441346.6307412936,₹ Crore
2011-12,Back,1984-85,Gross Value Added,Annual,,"Agriculture, Livestock, Forestry and Fishing",Livestock,,,14121.466400839623,125464.83204655994,₹ Crore
2011-12,Back,1984-85,Gross Value Added,Annual,,"Agriculture, Livestock, Forestry and Fishing",Forestry and Logging,,,14096.05050997738,111840.0890306267,₹ Crore
2011-12,Back,1984-85,Gross Value Added,Annual,,"Agriculture, Livestock, Forestry and Fishing",Fishing and Aquaculture,,,1695.1899603014197,19818.855550358257,₹ Crore
2011-12,Back,1984-85,Gross Value Added,Annual,,"Agriculture, Livestock, Forestry and Fishing",,,,76026.66844439415,678074.7663456011,₹ Crore
2011-12,Back,1984-85,Gross Value Added,Annual,,Mining and Quarrying,,,,7137.4913817069755,75534.47309252108,₹ Crore
2011-12,Back,1984-85,Gross Value Added,Annual,,Manufacturing,"Food Products, Beverages and Tobacco",,,3700.3719071402957,24264.103935093473,₹ Crore
2011-12,Back,1984-85,Gross Value Added,Annual,,Manufacturing,"Textiles, Apparel and Leather Products",,,6590.854494788247,31169.189731687035,₹ Crore
2011-12,Back,1984-85,Gross Value Added,Annual,,Manufacturing,Metal Products,,,9734.159107552021,64243.022118436216,₹ Crore
2011-12,Back,1984-85,Gross Value Added,Annual,,Manufacturing,Machinery and Equipment,,,5354.20155427991,25963.04511900187,₹ Crore
2011-12,Back,1984-85,Gross Value Added,Annual,,Manufacturing,Other Manufactured Goods,,,14708.582004638993,85811.5046892191,₹ Crore
2011-12,Back,1984-85,Gross Value Added,Annual,,Manufacturing,,,,42135.11747812753,250197.80431801587,₹ Crore
2011-12,Back,1984-85,Gross Value Added,Annual,,"Electricity, Gas, Water Supply & Other Utility Services",,,,5509.592773822302,30321.33637342344,₹ Crore
2011-12,Back,1984-85,Gross Value Added,Annual,,Construction,,,,12650.764145516716,116865.933046407,₹ Crore
2011-12,Back,1984-85,Gross Value Added,Annual,,"Trade, Repair, Hotels and Restaurants",Trade & Repair Services,,,16862.20369985717,120040.14193095198,₹ Crore
2011-12,Back,1984-85,Gross Value Added,Annual,,"Trade, Repair, Hotels and Restaurants",Hotels & Restaurants,,,1516.3979012640389,10506.722198925027,₹ Crore
2011-12,Back,1984-85,Gross Value Added,Annual,,"Trade, Repair, Hotels and Restaurants",,,,18422.457341930203,130879.0280715748,₹ Crore
2011-12,Back,1984-85,Gross Value Added,Annual,,"Transport, Storage, Communication & Services Related to Broadcasting",Railways,,,3266.1268072898624,14451.745067467715,₹ Crore
2011-12,Back,1984-85,Gross Value Added,Annual,,"Transport, Storage, Communication & Services Related to Broadcasting",Storage,,,199.8249985715926,1524.701775482924,₹ Crore
2011-12,Back,1984-85,Gross Value Added,Annual,,"Transport, Storage, Communication & Services Related to Broadcasting",Communication & Services Related to Broadcasting,,,1839.0189389862494,6157.928774193499,₹ Crore
2011-12,Back,1984-85,Gross Value Added,Annual,,"Transport, Storage, Communication & Services Related to Broadcasting",Transport by Other Means,,,5496.10940100486,44753.09531687201,₹ Crore
2011-12,Back,1984-85,Gross Value Added,Annual,,"Transport, Storage, Communication & Services Related to Broadcasting",,,,10777.353666295738,61434.682364160755,₹ Crore
2011-12,Back,1984-85,Gross Value Added,Annual,,Financial Services,,,,6699.3182319643665,44493.048787844666,₹ Crore
2011-12,Back,1984-85,Gross Value Added,Annual,,"Real Estate, Ownership of Dwelling & Professional Services",,,,27824.86356206363,173192.25716761162,₹ Crore
2011-12,Back,1984-85,Gross Value Added,Annual,,Public Administration and Defence,,,,12851.204188928394,96073.98259730835,₹ Crore
2011-12,Back,1984-85,Gross Value Added,Annual,,Other Services,,,,12751.939154429912,70576.67424681374,₹ Crore
2011-12,Back,1984-85,Gross Value Added,Annual,,Total Gross Value Added,,,,229798.46926682143,1668141.636706586,₹ Crore
2011-12,Back,1984-85,Gross Value Added,Annual,,,,,,229798.39193175704,1668141.190095116,₹ Crore
2011-12,Back,1983-84,Gross Value Added,Annual,,"Agriculture, Livestock, Forestry and Fishing",Crops,,,45783.23825124242,434893.905420496,₹ Crore
2011-12,Back,1983-84,Gross Value Added,Annual,,"Agriculture, Livestock, Forestry and Fishing",Livestock,,,13167.578573912402,123623.47495834575,₹ Crore
2011-12,Back,1983-84,Gross Value Added,Annual,,"Agriculture, Livestock, Forestry and Fishing",Forestry and Logging,,,13036.446790226388,111373.80015256107,₹ Crore
2011-12,Back,1983-84,Gross Value Added,Annual,,"Agriculture, Livestock, Forestry and Fishing",Fishing and Aquaculture,,,1401.6466118831825,18549.74126929353,₹ Crore
2011-12,Back,1983-84,Gross Value Added,Annual,,"Agriculture, Livestock, Forestry and Fishing",,,,70502.58145817879,667494.364130414,₹ Crore
2011-12,Back,1983-84,Gross Value Added,Annual,,Mining and Quarrying,,,,6344.833730119481,74659.24959463433,₹ Crore
2011-12,Back,1983-84,Gross Value Added,Annual,,Manufacturing,"Food Products, Beverages and Tobacco",,,3657.5761713045936,25009.599228486106,₹ Crore
2011-12,Back,1983-84,Gross Value Added,Annual,,Manufacturing,"Textiles, Apparel and Leather Products",,,5822.946385139017,30370.340964377727,₹ Crore
2011-12,Back,1983-84,Gross Value Added,Annual,,Manufacturing,Metal Products,,,8624.33221765362,60381.93834618593,₹ Crore
2011-12,Back,1983-84,Gross Value Added,Annual,,Manufacturing,Machinery and Equipment,,,4434.3666752877525,22848.466865415587,₹ Crore
2011-12,Back,1983-84,Gross Value Added,Annual,,Manufacturing,Other Manufactured Goods,,,12770.25496496087,79600.70926102396,₹ Crore
2011-12,Back,1983-84,Gross Value Added,Annual,,Manufacturing,,,,37507.39457621442,240094.68938542248,₹ Crore
2011-12,Back,1983-84,Gross Value Added,Annual,,"Electricity, Gas, Water Supply & Other Utility Services",,,,4556.912276750267,27355.84697085234,₹ Crore
2011-12,Back,1983-84,Gross Value Added,Annual,,Construction,,,,10782.780799402155,112955.32092829158,₹ Crore
2011-12,Back,1983-84,Gross Value Added,Annual,,"Trade, Repair, Hotels and Restaurants",Trade & Repair Services,,,14490.95700497019,115126.62847792663,₹ Crore
2011-12,Back,1983-84,Gross Value Added,Annual,,"Trade, Repair, Hotels and Restaurants",Hotels & Restaurants,,,1329.0834674072369,9946.280837397506,₹ Crore
2011-12,Back,1983-84,Gross Value Added,Annual,,"Trade, Repair, Hotels and Restaurants",,,,15854.618335516354,125407.29110983008,₹ Crore
2011-12,Back,1983-84,Gross Value Added,Annual,,"Transport, Storage, Communication & Services Related to Broadcasting",Railways,,,3115.0913313723177,14216.585275185866,₹ Crore
2011-12,Back,1983-84,Gross Value Added,Annual,,"Transport, Storage, Communication & Services Related to Broadcasting",Storage,,,173.93448500619812,1405.2681748603093,₹ Crore
2011-12,Back,1983-84,Gross Value Added,Annual,,"Transport, Storage, Communication & Services Related to Broadcasting",Communication & Services Related to Broadcasting,,,1647.9305240956862,5693.14626746885,₹ Crore
2011-12,Back,1983-84,Gross Value Added,Annual,,"Transport, Storage, Communication & Services Related to Broadcasting",Transport by Other Means,,,4686.027248705043,41905.776521215164,₹ Crore
2011-12,Back,1983-84,Gross Value Added,Annual,,"Transport, Storage, Communication & Services Related to Broadcasting",,,,9564.08602106973,58120.503842252045,₹ Crore
2011-12,Back,1983-84,Gross Value Added,Annual,,Financial Services,,,,5727.589911731283,41299.29572428388,₹ Crore
2011-12,Back,1983-84,Gross Value Added,Annual,,"Real Estate, Ownership of Dwelling & Professional Services",,,,24360.036021770866,161340.38480371362,₹ Crore
2011-12,Back,1983-84,Gross Value Added,Annual,,Public Administration and Defence,,,,11003.513378065514,87815.22758998793,₹ Crore
2011-12,Back,1983-84,Gross Value Added,Annual,,Other Services,,,,11189.3862275445,67085.59499866665,₹ Crore
2011-12,Back,1983-84,Gross Value Added,Annual,,Total Gross Value Added,,,,204624.15076291934,1604580.6013005362,₹ Crore
2011-12,Back,1983-84,Gross Value Added,Annual,,,,,,204624.0818998763,1604580.1717062588,₹ Crore
2011-12,Back,1982-83,Gross Value Added,Annual,,"Agriculture, Livestock, Forestry and Fishing",Crops,,,38054.98790177428,392668.560268824,₹ Crore
2011-12,Back,1982-83,Gross Value Added,Annual,,"Agriculture, Livestock, Forestry and Fishing",Livestock,,,10931.696615539326,111388.42986266286,₹ Crore
2011-12,Back,1982-83,Gross Value Added,Annual,,"Agriculture, Livestock, Forestry and Fishing",Forestry and Logging,,,12347.85486344293,115074.41320400618,₹ Crore
2011-12,Back,1982-83,Gross Value Added,Annual,,"Agriculture, Livestock, Forestry and Fishing",Fishing and Aquaculture,,,1138.3795913302888,15507.286534127388,₹ Crore
2011-12,Back,1982-83,Gross Value Added,Annual,,"Agriculture, Livestock, Forestry and Fishing",,,,59078.82849012546,606146.4400216115,₹ Crore
2011-12,Back,1982-83,Gross Value Added,Annual,,Mining and Quarrying,,,,5663.420742668026,72558.88234075287,₹ Crore
2011-12,Back,1982-83,Gross Value Added,Annual,,Manufacturing,"Food Products, Beverages and Tobacco",,,2505.3660810888186,20544.234980050413,₹ Crore
2011-12,Back,1982-83,Gross Value Added,Annual,,Manufacturing,"Textiles, Apparel and Leather Products",,,4911.961137661498,27590.203481266384,₹ Crore
2011-12,Back,1982-83,Gross Value Added,Annual,,Manufacturing,Metal Products,,,7324.354810007416,55051.582215511386,₹ Crore
2011-12,Back,1982-83,Gross Value Added,Annual,,Manufacturing,Machinery and Equipment,,,4054.13189858487,21013.957677601014,₹ Crore
2011-12,Back,1982-83,Gross Value Added,Annual,,Manufacturing,Other Manufactured Goods,,,10659.522510559545,70830.58075119632,₹ Crore
2011-12,Back,1982-83,Gross Value Added,Annual,,Manufacturing,,,,31635.764179483947,217808.5438017135,₹ Crore
2011-12,Back,1982-83,Gross Value Added,Annual,,"Electricity, Gas, Water Supply & Other Utility Services",,,,3857.3120954362616,25589.060997794368,₹ Crore
2011-12,Back,1982-83,Gross Value Added,Annual,,Construction,,,,9379.194055104575,107167.79417387562,₹ Crore
2011-12,Back,1982-83,Gross Value Added,Annual,,"Trade, Repair, Hotels and Restaurants",Trade & Repair Services,,,12564.70751080664,109117.88062029268,₹ Crore
2011-12,Back,1982-83,Gross Value Added,Annual,,"Trade, Repair, Hotels and Restaurants",Hotels & Restaurants,,,1119.368790012358,9858.051709529536,₹ Crore
2011-12,Back,1982-83,Gross Value Added,Annual,,"Trade, Repair, Hotels and Restaurants",,,,13718.021898657642,119243.07711191878,₹ Crore
2011-12,Back,1982-83,Gross Value Added,Annual,,"Transport, Storage, Communication & Services Related to Broadcasting",Railways,,,2735.8986360474037,14345.274960111514,₹ Crore
2011-12,Back,1982-83,Gross Value Added,Annual,,"Transport, Storage, Communication & Services Related to Broadcasting",Storage,,,151.60981729226202,1358.2861263824293,₹ Crore
2011-12,Back,1982-83,Gross Value Added,Annual,,"Transport, Storage, Communication & Services Related to Broadcasting",Communication & Services Related to Broadcasting,,,1396.6224468915495,5387.024406571351,₹ Crore
2011-12,Back,1982-83,Gross Value Added,Annual,,"Transport, Storage, Communication & Services Related to Broadcasting",Transport by Other Means,,,3914.3616649236883,39015.61807241813,₹ Crore
2011-12,Back,1982-83,Gross Value Added,Annual,,"Transport, Storage, Communication & Services Related to Broadcasting",,,,8137.8555161129925,55392.49373296401,₹ Crore
2011-12,Back,1982-83,Gross Value Added,Annual,,Financial Services,,,,5208.356559875053,37745.79909606084,₹ Crore
2011-12,Back,1982-83,Gross Value Added,Annual,,"Real Estate, Ownership of Dwelling & Professional Services",,,,20939.279282117182,146664.06988054578,₹ Crore
2011-12,Back,1982-83,Gross Value Added,Annual,,Public Administration and Defence,,,,9504.958035977084,84913.17366404,₹ Crore
2011-12,Back,1982-83,Gross Value Added,Annual,,Other Services,,,,9931.259231902064,64503.675544526224,₹ Crore
2011-12,Back,1982-83,Gross Value Added,Annual,,Total Gross Value Added,,,,174938.9642974553,1487737.085456151,₹ Crore
2011-12,Back,1982-83,Gross Value Added,Annual,,,,,,174938.9054244954,1487736.687144382,₹ Crore
2011-12,Back,1981-82,Gross Value Added,Annual,,"Agriculture, Livestock, Forestry and Fishing",Crops,,,35500.193672055066,393219.0340379676,₹ Crore
2011-12,Back,1981-82,Gross Value Added,Annual,,"Agriculture, Livestock, Forestry and Fishing",Livestock,,,10214.72447033882,111580.0095099897,₹ Crore
2011-12,Back,1981-82,Gross Value Added,Annual,,"Agriculture, Livestock, Forestry and Fishing",Forestry and Logging,,,10838.81018590829,117337.52588346835,₹ Crore
2011-12,Back,1981-82,Gross Value Added,Annual,,"Agriculture, Livestock, Forestry and Fishing",Fishing and Aquaculture,,,976.5366472674541,15680.496207201657,₹ Crore
2011-12,Back,1981-82,Gross Value Added,Annual,,"Agriculture, Livestock, Forestry and Fishing",,,,54795.99752351313,607853.5050201144,₹ Crore
2011-12,Back,1981-82,Gross Value Added,Annual,,Mining and Quarrying,,,,4589.352889832577,64848.611321839155,₹ Crore
2011-12,Back,1981-82,Gross Value Added,Annual,,Manufacturing,"Food Products, Beverages and Tobacco",,,2261.8227901688333,17482.900823960186,₹ Crore
2011-12,Back,1981-82,Gross Value Added,Annual,,Manufacturing,"Textiles, Apparel and Leather Products",,,4739.50046051686,27655.05210222726,₹ Crore
2011-12,Back,1981-82,Gross Value Added,Annual,,Manufacturing,Metal Products,,,6760.592963741793,56461.37459798,₹ Crore
2011-12,Back,1981-82,Gross Value Added,Annual,,Manufacturing,Machinery and Equipment,,,3368.132159614716,18251.40535779953,₹ Crore
2011-12,Back,1981-82,Gross Value Added,Annual,,Manufacturing,Other Manufactured Goods,,,9094.97295520948,64485.22631945111,₹ Crore
2011-12,Back,1981-82,Gross Value Added,Annual,,Manufacturing,,,,28975.218937231366,210874.6627364529,₹ Crore
2011-12,Back,1981-82,Gross Value Added,Annual,,"Electricity, Gas, Water Supply & Other Utility Services",,,,3262.3810595911373,24008.404832636774,₹ Crore
2011-12,Back,1981-82,Gross Value Added,Annual,,Construction,,,,8272.497675650187,115262.26851228863,₹ Crore
2011-12,Back,1981-82,Gross Value Added,Annual,,"Trade, Repair, Hotels and Restaurants",Trade & Repair Services,,,11364.74405984811,103713.0158219648,₹ Crore
2011-12,Back,1981-82,Gross Value Added,Annual,,"Trade, Repair, Hotels and Restaurants",Hotels & Restaurants,,,912.6753131635563,8319.633958817629,₹ Crore
2011-12,Back,1981-82,Gross Value Added,Annual,,"Trade, Repair, Hotels and Restaurants",,,,12320.094849746007,112408.42794746732,₹ Crore
2011-12,Back,1981-82,Gross Value Added,Annual,,"Transport, Storage, Communication & Services Related to Broadcasting",Railways,,,2154.38965681376,14082.408503597479,₹ Crore
2011-12,Back,1981-82,Gross Value Added,Annual,,"Transport, Storage, Communication & Services Related to Broadcasting",Storage,,,139.1290735717423,1334.2285357188819,₹ Crore
2011-12,Back,1981-82,Gross Value Added,Annual,,"Transport, Storage, Communication & Services Related to Broadcasting",Communication & Services Related to Broadcasting,,,1145.660319882909,5145.793683110027,₹ Crore
2011-12,Back,1981-82,Gross Value Added,Annual,,"Transport, Storage, Communication & Services Related to Broadcasting",Transport by Other Means,,,3302.841459308501,37062.15705878047,₹ Crore
2011-12,Back,1981-82,Gross Value Added,Annual,,"Transport, Storage, Communication & Services Related to Broadcasting",,,,6709.982777615875,53157.01561419235,₹ Crore
2011-12,Back,1981-82,Gross Value Added,Annual,,Financial Services,,,,4515.462005117852,33226.3406546692,₹ Crore
2011-12,Back,1981-82,Gross Value Added,Annual,,"Real Estate, Ownership of Dwelling & Professional Services",,,,18307.193066397107,136293.0850070608,₹ Crore
2011-12,Back,1981-82,Gross Value Added,Annual,,Public Administration and Defence,,,,7999.900112277584,77220.56511951442,₹ Crore
2011-12,Back,1981-82,Gross Value Added,Annual,,Other Services,,,,8669.22744687661,60703.47647894635,₹ Crore
2011-12,Back,1981-82,Gross Value Added,Annual,,Total Gross Value Added,,,,156592.06234987517,1445465.7456893392,₹ Crore
2011-12,Back,1981-82,Gross Value Added,Annual,,,,,,156592.00965127684,1445465.3586948735,₹ Crore
2011-12,Back,1980-81,Gross Value Added,Annual,,"Agriculture, Livestock, Forestry and Fishing",Crops,,,31620.75776281243,375036.73183467117,₹ Crore
2011-12,Back,1980-81,Gross Value Added,Annual,,"Agriculture, Livestock, Forestry and Fishing",Livestock,,,9098.31129159722,106366.86249184853,₹ Crore
2011-12,Back,1980-81,Gross Value Added,Annual,,"Agriculture, Livestock, Forestry and Fishing",Forestry and Logging,,,8983.853356427304,114122.73597205427,₹ Crore
2011-12,Back,1980-81,Gross Value Added,Annual,,"Agriculture, Livestock, Forestry and Fishing",Fishing and Aquaculture,,,899.7455590923349,15546.585637476881,₹ Crore
2011-12,Back,1980-81,Gross Value Added,Annual,,"Agriculture, Livestock, Forestry and Fishing",,,,48615.2852553903,581112.6015834074,₹ Crore
2011-12,Back,1980-81,Gross Value Added,Annual,,Mining and Quarrying,,,,2573.904012964635,57053.03645617966,₹ Crore
2011-12,Back,1980-81,Gross Value Added,Annual,,Manufacturing,"Food Products, Beverages and Tobacco",,,1898.649944008718,14693.298224730115,₹ Crore
2011-12,Back,1980-81,Gross Value Added,Annual,,Manufacturing,"Textiles, Apparel and Leather Products",,,4750.106143158831,28305.441587608155,₹ Crore
2011-12,Back,1980-81,Gross Value Added,Annual,,Manufacturing,Metal Products,,,5432.969701859283,51987.9400256614,₹ Crore
2011-12,Back,1980-81,Gross Value Added,Annual,,Manufacturing,Machinery and Equipment,,,2762.746824813625,16559.258472372792,₹ Crore
2011-12,Back,1980-81,Gross Value Added,Annual,,Manufacturing,Other Manufactured Goods,,,7441.2032564027395,59895.703625026625,₹ Crore
2011-12,Back,1980-81,Gross Value Added,Annual,,Manufacturing,,,,24636.52436807707,194948.12752377786,₹ Crore
2011-12,Back,1980-81,Gross Value Added,Annual,,"Electricity, Gas, Water Supply & Other Utility Services",,,,2808.8912709025176,21929.42313593289,₹ Crore
2011-12,Back,1980-81,Gross Value Added,Annual,,Construction,,,,7240.8902989771495,109277.64332351177,₹ Crore
2011-12,Back,1980-81,Gross Value Added,Annual,,"Trade, Repair, Hotels and Restaurants",Trade & Repair Services,,,9270.36820184198,97527.11407792925,₹ Crore
2011-12,Back,1980-81,Gross Value Added,Annual,,"Trade, Repair, Hotels and Restaurants",Hotels & Restaurants,,,776.9660614569133,8553.254748101828,₹ Crore
2011-12,Back,1980-81,Gross Value Added,Annual,,"Trade, Repair, Hotels and Restaurants",,,,10078.24800778611,106348.7005649574,₹ Crore
2011-12,Back,1980-81,Gross Value Added,Annual,,"Transport, Storage, Communication & Services Related to Broadcasting",Railways,,,1540.6054780567022,12910.418495221877,₹ Crore
2011-12,Back,1980-81,Gross Value Added,Annual,,"Transport, Storage, Communication & Services Related to Broadcasting",Storage,,,116.82931521348446,1241.412245445775,₹ Crore
2011-12,Back,1980-81,Gross Value Added,Annual,,"Transport, Storage, Communication & Services Related to Broadcasting",Communication & Services Related to Broadcasting,,,997.8583328294427,4774.752737651647,₹ Crore
2011-12,Back,1980-81,Gross Value Added,Annual,,"Transport, Storage, Communication & Services Related to Broadcasting",Transport by Other Means,,,2788.262253590303,34981.84116947769,₹ Crore
2011-12,Back,1980-81,Gross Value Added,Annual,,"Transport, Storage, Communication & Services Related to Broadcasting",,,,5422.222979141692,49670.87290136185,₹ Crore
2011-12,Back,1980-81,Gross Value Added,Annual,,Financial Services,,,,3553.885437793566,30976.919960182993,₹ Crore
2011-12,Back,1980-81,Gross Value Added,Annual,,"Real Estate, Ownership of Dwelling & Professional Services",,,,16020.344080783954,125572.11614104187,₹ Crore
2011-12,Back,1980-81,Gross Value Added,Annual,,Public Administration and Defence,,,,6956.733597449157,75526.08682614722,₹ Crore
2011-12,Back,1980-81,Gross Value Added,Annual,,Other Services,,,,7686.490311144069,59505.5464950961,₹ Crore
2011-12,Back,1980-81,Gross Value Added,Annual,,Total Gross Value Added,,,,133744.87556575218,1368481.4943773565,₹ Crore
2011-12,Back,1980-81,Gross Value Added,Annual,,,,,,133744.83055601566,1368481.12799388,₹ Crore
2011-12,Back,1979-80,Gross Value Added,Annual,,"Agriculture, Livestock, Forestry and Fishing",Crops,,,25008.74330688934,327717.77527718595,₹ Crore
2011-12,Back,1979-80,Gross Value Added,Annual,,"Agriculture, Livestock, Forestry and Fishing",Livestock,,,7270.785632943467,93534.57864157965,₹ Crore
2011-12,Back,1979-80,Gross Value Added,Annual,,"Agriculture, Livestock, Forestry and Fishing",Forestry and Logging,,,7529.691930249003,115802.04048666451,₹ Crore
2011-12,Back,1979-80,Gross Value Added,Annual,,"Agriculture, Livestock, Forestry and Fishing",Fishing and Aquaculture,,,750.7193795325279,15275.149805243605,₹ Crore
2011-12,Back,1979-80,Gross Value Added,Annual,,"Agriculture, Livestock, Forestry and Fishing",,,,38651.43519119722,514768.12562970945,₹ Crore
2011-12,Back,1979-80,Gross Value Added,Annual,,Mining and Quarrying,,,,2064.5562531431383,50854.399370401494,₹ Crore
2011-12,Back,1979-80,Gross Value Added,Annual,,Manufacturing,"Food Products, Beverages and Tobacco",,,1831.5829598911546,16624.690586296347,₹ Crore
2011-12,Back,1979-80,Gross Value Added,Annual,,Manufacturing,"Textiles, Apparel and Leather Products",,,4386.402172081483,27284.48795486856,₹ Crore
2011-12,Back,1979-80,Gross Value Added,Annual,,Manufacturing,Metal Products,,,4635.600696940007,48529.64622005753,₹ Crore
2011-12,Back,1979-80,Gross Value Added,Annual,,Manufacturing,Machinery and Equipment,,,2379.90123799293,16066.621305186707,₹ Crore
2011-12,Back,1979-80,Gross Value Added,Annual,,Manufacturing,Other Manufactured Goods,,,6772.687001780787,64067.39879596047,₹ Crore
2011-12,Back,1979-80,Gross Value Added,Annual,,Manufacturing,,,,22058.36285940517,194569.8323215972,₹ Crore
2011-12,Back,1979-80,Gross Value Added,Annual,,"Electricity, Gas, Water Supply & Other Utility Services",,,,2428.9446255630464,20737.37209658653,₹ Crore
2011-12,Back,1979-80,Gross Value Added,Annual,,Construction,,,,5564.67271381189,96551.35577761724,₹ Crore
2011-12,Back,1979-80,Gross Value Added,Annual,,"Trade, Repair, Hotels and Restaurants",Trade & Repair Services,,,7546.07448323801,92674.88027114344,₹ Crore
2011-12,Back,1979-80,Gross Value Added,Annual,,"Trade, Repair, Hotels and Restaurants",Hotels & Restaurants,,,618.4194356128306,8089.741160851794,₹ Crore
2011-12,Back,1979-80,Gross Value Added,Annual,,"Trade, Repair, Hotels and Restaurants",,,,8187.114792248254,101086.56136756127,₹ Crore
2011-12,Back,1979-80,Gross Value Added,Annual,,"Transport, Storage, Communication & Services Related to Broadcasting",Railways,,,1520.2048595618712,12565.2515248518,₹ Crore
2011-12,Back,1979-80,Gross Value Added,Annual,,"Transport, Storage, Communication & Services Related to Broadcasting",Storage,,,98.73045690255582,1284.3850555931776,₹ Crore
2011-12,Back,1979-80,Gross Value Added,Annual,,"Transport, Storage, Communication & Services Related to Broadcasting",Communication & Services Related to Broadcasting,,,950.3412693613739,4457.632568358995,₹ Crore
2011-12,Back,1979-80,Gross Value Added,Annual,,"Transport, Storage, Communication & Services Related to Broadcasting",Transport by Other Means,,,2534.6787047823645,32106.5216875458,₹ Crore
2011-12,Back,1979-80,Gross Value Added,Annual,,"Transport, Storage, Communication & Services Related to Broadcasting",,,,5082.55744081232,46546.582435746524,₹ Crore
2011-12,Back,1979-80,Gross Value Added,Annual,,Financial Services,,,,2923.886762186754,31013.74941538858,₹ Crore
2011-12,Back,1979-80,Gross Value Added,Annual,,"Real Estate, Ownership of Dwelling & Professional Services",,,,14926.609478725493,121897.00807170029,₹ Crore
2011-12,Back,1979-80,Gross Value Added,Annual,,Public Administration and Defence,,,,6257.893423021053,73715.94827311703,₹ Crore
2011-12,Back,1979-80,Gross Value Added,Annual,,Other Services,,,,6512.9722501906,58412.96024103629,₹ Crore
2011-12,Back,1979-80,Gross Value Added,Annual,,Total Gross Value Added,,,,111911.97081653937,1276924.2137838365,₹ Crore
2011-12,Back,1979-80,Gross Value Added,Annual,,,,,,111911.9331543239,1276923.871912986,₹ Crore
2011-12,Back,1978-79,Gross Value Added,Annual,,"Agriculture, Livestock, Forestry and Fishing",Crops,,,24434.64275637389,378260.21431759064,₹ Crore
2011-12,Back,1978-79,Gross Value Added,Annual,,"Agriculture, Livestock, Forestry and Fishing",Livestock,,,7132.478754431773,107894.02210074563,₹ Crore
2011-12,Back,1978-79,Gross Value Added,Annual,,"Agriculture, Livestock, Forestry and Fishing",Forestry and Logging,,,6328.907116207831,127102.36044956256,₹ Crore
2011-12,Back,1978-79,Gross Value Added,Annual,,"Agriculture, Livestock, Forestry and Fishing",Fishing and Aquaculture,,,720.9141436205666,15377.429973911216,₹ Crore
2011-12,Back,1978-79,Gross Value Added,Annual,,"Agriculture, Livestock, Forestry and Fishing",,,,37361.86887275785,590159.1273820221,₹ Crore
2011-12,Back,1978-79,Gross Value Added,Annual,,Mining and Quarrying,,,,1654.814277464511,50312.12227013549,₹ Crore
2011-12,Back,1978-79,Gross Value Added,Annual,,Manufacturing,"Food Products, Beverages and Tobacco",,,1693.7305296762702,18932.93413362147,₹ Crore
2011-12,Back,1978-79,Gross Value Added,Annual,,Manufacturing,"Textiles, Apparel and Leather Products",,,3564.9158579130813,26956.70063377849,₹ Crore
2011-12,Back,1978-79,Gross Value Added,Annual,,Manufacturing,Metal Products,,,4098.123682291241,51109.53607176153,₹ Crore
2011-12,Back,1978-79,Gross Value Added,Annual,,Manufacturing,Machinery and Equipment,,,1992.0607015786952,16320.929134075755,₹ Crore
2011-12,Back,1978-79,Gross Value Added,Annual,,Manufacturing,Other Manufactured Goods,,,5952.824546937882,65268.92997490207,₹ Crore
2011-12,Back,1978-79,Gross Value Added,Annual,,Manufacturing,,,,19262.793470752553,201045.8859017855,₹ Crore
2011-12,Back,1978-79,Gross Value Added,Annual,,"Electricity, Gas, Water Supply & Other Utility Services",,,,2101.919120110145,20484.57269225479,₹ Crore
2011-12,Back,1978-79,Gross Value Added,Annual,,Construction,,,,5513.843235006053,101931.24713369586,₹ Crore
2011-12,Back,1978-79,Gross Value Added,Annual,,"Trade, Repair, Hotels and Restaurants",Trade & Repair Services,,,6400.688177746528,95869.221103303,₹ Crore
2011-12,Back,1978-79,Gross Value Added,Annual,,"Trade, Repair, Hotels and Restaurants",Hotels & Restaurants,,,518.561339777331,8383.009811229833,₹ Crore
2011-12,Back,1978-79,Gross Value Added,Annual,,"Trade, Repair, Hotels and Restaurants",,,,6943.15558351977,104462.13692413268,₹ Crore
2011-12,Back,1978-79,Gross Value Added,Annual,,"Transport, Storage, Communication & Services Related to Broadcasting",Railways,,,1493.9620352660274,12382.515872482074,₹ Crore
2011-12,Back,1978-79,Gross Value Added,Annual,,"Transport, Storage, Communication & Services Related to Broadcasting",Storage,,,82.49311552587956,1179.6489092561537,₹ Crore
2011-12,Back,1978-79,Gross Value Added,Annual,,"Transport, Storage, Communication & Services Related to Broadcasting",Communication & Services Related to Broadcasting,,,874.0638780047373,4122.562200804493,₹ Crore
2011-12,Back,1978-79,Gross Value Added,Annual,,"Transport, Storage, Communication & Services Related to Broadcasting",Transport by Other Means,,,2462.8158702002384,30033.258542577372,₹ Crore
2011-12,Back,1978-79,Gross Value Added,Annual,,"Transport, Storage, Communication & Services Related to Broadcasting",,,,4615.847989099269,44056.81258425943,₹ Crore
2011-12,Back,1978-79,Gross Value Added,Annual,,Financial Services,,,,2634.8714508012845,32121.981203847346,₹ Crore
2011-12,Back,1978-79,Gross Value Added,Annual,,"Real Estate, Ownership of Dwelling & Professional Services",,,,13775.518089217314,117909.12484752116,₹ Crore
2011-12,Back,1978-79,Gross Value Added,Annual,,Public Administration and Defence,,,,5524.80108346201,68848.64668627131,₹ Crore
2011-12,Back,1978-79,Gross Value Added,Annual,,Other Services,,,,5872.466134007997,54337.04611062895,₹ Crore
2011-12,Back,1978-79,Gross Value Added,Annual,,Total Gross Value Added,,,,102558.48011808358,1346987.5998617548,₹ Crore
2011-12,Back,1978-79,Gross Value Added,Annual,,,,,,102558.44560363842,1346987.239232838,₹ Crore
2011-12,Back,1977-78,Gross Value Added,Annual,,"Agriculture, Livestock, Forestry and Fishing",Crops,,,24004.998116104878,370868.28325401933,₹ Crore
2011-12,Back,1977-78,Gross Value Added,Annual,,"Agriculture, Livestock, Forestry and Fishing",Livestock,,,7022.788788137459,105903.56378295644,₹ Crore
2011-12,Back,1977-78,Gross Value Added,Annual,,"Agriculture, Livestock, Forestry and Fishing",Forestry and Logging,,,5585.301841457564,120560.06994472686,₹ Crore
2011-12,Back,1977-78,Gross Value Added,Annual,,"Agriculture, Livestock, Forestry and Fishing",Fishing and Aquaculture,,,603.5560272172185,14669.336498520064,₹ Crore
2011-12,Back,1977-78,Gross Value Added,Annual,,"Agriculture, Livestock, Forestry and Fishing",,,,36353.85466408207,576876.5067790912,₹ Crore
2011-12,Back,1977-78,Gross Value Added,Annual,,Mining and Quarrying,,,,1521.2519760002072,48983.366677843056,₹ Crore
2011-12,Back,1977-78,Gross Value Added,Annual,,Manufacturing,"Food Products, Beverages and Tobacco",,,1707.7073175748137,16692.12050341411,₹ Crore
2011-12,Back,1977-78,Gross Value Added,Annual,,Manufacturing,"Textiles, Apparel and Leather Products",,,3011.0345980579996,22660.1421464495,₹ Crore
2011-12,Back,1977-78,Gross Value Added,Annual,,Manufacturing,Metal Products,,,3548.1330088527693,47846.5658307706,₹ Crore
2011-12,Back,1977-78,Gross Value Added,Annual,,Manufacturing,Machinery and Equipment,,,1593.9147678351592,13857.663297154302,₹ Crore
2011-12,Back,1977-78,Gross Value Added,Annual,,Manufacturing,Other Manufactured Goods,,,5315.307378980158,62982.222764841994,₹ Crore
2011-12,Back,1977-78,Gross Value Added,Annual,,Manufacturing,,,,16727.885885846452,178942.63766008566,₹ Crore
2011-12,Back,1977-78,Gross Value Added,Annual,,"Electricity, Gas, Water Supply & Other Utility Services",,,,1759.9671393046212,18387.91161620076,₹ Crore
2011-12,Back,1977-78,Gross Value Added,Annual,,Construction,,,,5372.906952862591,104256.11275718028,₹ Crore
2011-12,Back,1977-78,Gross Value Added,Annual,,"Trade, Repair, Hotels and Restaurants",Trade & Repair Services,,,5989.892860871227,88184.75346486404,₹ Crore
2011-12,Back,1977-78,Gross Value Added,Annual,,"Trade, Repair, Hotels and Restaurants",Hotels & Restaurants,,,495.7866863411645,7716.942029015307,₹ Crore
2011-12,Back,1977-78,Gross Value Added,Annual,,"Trade, Repair, Hotels and Restaurants",,,,6505.4408619462565,96084.63784476166,₹ Crore
2011-12,Back,1977-78,Gross Value Added,Annual,,"Transport, Storage, Communication & Services Related to Broadcasting",Railways,,,1551.580405772155,12473.883698666938,₹ Crore
2011-12,Back,1977-78,Gross Value Added,Annual,,"Transport, Storage, Communication & Services Related to Broadcasting",Storage,,,76.7281254121605,1083.9757543806693,₹ Crore
2011-12,Back,1977-78,Gross Value Added,Annual,,"Transport, Storage, Communication & Services Related to Broadcasting",Communication & Services Related to Broadcasting,,,749.0189741413986,3865.2760257180007,₹ Crore
2011-12,Back,1977-78,Gross Value Added,Annual,,"Transport, Storage, Communication & Services Related to Broadcasting",Transport by Other Means,,,1942.8239461910414,27455.196114379632,₹ Crore
2011-12,Back,1977-78,Gross Value Added,Annual,,"Transport, Storage, Communication & Services Related to Broadcasting",,,,3966.115222988944,41226.82573443249,₹ Crore
2011-12,Back,1977-78,Gross Value Added,Annual,,Financial Services,,,,2425.17579900741,27749.320431257747,₹ Crore
2011-12,Back,1977-78,Gross Value Added,Annual,,"Real Estate, Ownership of Dwelling & Professional Services",,,,12802.430522828954,114162.93151571651,₹ Crore
2011-12,Back,2011-12,Private Final Consumption Expenditure,Annual,,,,,,4910447,4910447.301815786,₹ Crore
2011-12,Back,2010-11,Private Final Consumption Expenditure,Annual,,,,,,4177954,4571175.383987975,₹ Crore
2011-12,Back,2009-10,Private Final Consumption Expenditure,Annual,,,,,,3562634,4283318.859560324,₹ Crore
2011-12,Back,2008-09,Private Final Consumption Expenditure,Annual,,,,,,3125246,4079321.098005393,₹ Crore
2011-12,Back,2007-08,Private Final Consumption Expenditure,Annual,,,,,,2731519,3905443.0650827927,₹ Crore
2011-12,Back,2006-07,Private Final Consumption Expenditure,Annual,,,,,,2387270,3640367.3690726436,₹ Crore
2011-12,Back,2005-06,Private Final Consumption Expenditure,Annual,,,,,,2084067,3469138.4814290893,₹ Crore
2011-12,Back,2004-05,Private Final Consumption Expenditure,Annual,,,,,,1859274,3228436.118635235,₹ Crore
2011-12,Back,2003-04,Private Final Consumption Expenditure,Annual,,,,,,1717510.9693793086,3069698.170683076,₹ Crore
2011-12,Back,2002-03,Private Final Consumption Expenditure,Annual,,,,,,1571085.6634512113,2897983.3710883423,₹ Crore
2011-12,Back,2001-02,Private Final Consumption Expenditure,Annual,,,,,,1485155.5987856996,2817118.5861359085,₹ Crore
2011-12,Back,2000-01,Private Final Consumption Expenditure,Annual,,,,,,1363941.336727281,2658840.5370871816,₹ Crore
2011-12,Back,1999-2000,Private Final Consumption Expenditure,Annual,,,,,,1272676.0239418084,2570428.3564009336,₹ Crore
2011-12,Back,1998-99,Private Final Consumption Expenditure,Annual,,,,,,1130880.2848921365,2423118.4237201093,₹ Crore
2011-12,Back,1997-98,Private Final Consumption Expenditure,Annual,,,,,,987625.6307952857,2275203.1565322573,₹ Crore
2011-12,Back,1996-97,Private Final Consumption Expenditure,Annual,,,,,,900426.4955272329,2209156.9536077213,₹ Crore
2011-12,Back,1995-96,Private Final Consumption Expenditure,Annual,,,,,,767961.7207653911,2049811.5466106972,₹ Crore
2011-12,Back,1994-95,Private Final Consumption Expenditure,Annual,,,,,,666285.056851768,1932182.427271787,₹ Crore
2011-12,Back,1993-94,Private Final Consumption Expenditure,Annual,,,,,,573350.6814781532,1842628.5281438506,₹ Crore
2011-12,Back,1992-93,Private Final Consumption Expenditure,Annual,,,,,,500443.231216062,1765867.5807366301,₹ Crore
2011-12,Back,1991-92,Private Final Consumption Expenditure,Annual,,,,,,443834.2202755523,1721474.2254993077,₹ Crore
2011-12,Back,1990-91,Private Final Consumption Expenditure,Annual,,,,,,386426.01922359527,1685121.7842483867,₹ Crore
2011-12,Back,1989-90,Private Final Consumption Expenditure,Annual,,,,,,336274.2083383966,1613074.0295803775,₹ Crore
2011-12,Back,1988-89,Private Final Consumption Expenditure,Annual,,,,,,301067.29642524634,1536811.5929436502,₹ Crore
2011-12,Back,1987-88,Private Final Consumption Expenditure,Annual,,,,,,258550.893257479,1446522.8759916748,₹ Crore
2011-12,Back,1986-87,Private Final Consumption Expenditure,Annual,,,,,,232913.71839723596,1398588.1520340936,₹ Crore
2011-12,Back,1985-86,Private Final Consumption Expenditure,Annual,,,,,,207649.8902448099,1355803.6270106365,₹ Crore
2011-12,Back,1984-85,Private Final Consumption Expenditure,Annual,,,,,,188144.07257273863,1301485.3755243986,₹ Crore
2011-12,Back,1983-84,Private Final Consumption Expenditure,Annual,,,,,,170031.72536598778,1265022.873454018,₹ Crore
2011-12,Back,1982-83,Private Final Consumption Expenditure,Annual,,,,,,145224.7515201548,1173908.7003560956,₹ Crore
2011-12,Back,1981-82,Private Final Consumption Expenditure,Annual,,,,,,131555.4856838403,1162284.3355714066,₹ Crore
2011-12,Back,1980-81,Private Final Consumption Expenditure,Annual,,,,,,114482.76647024143,1113847.8637604066,₹ Crore
2011-12,Back,1979-80,Private Final Consumption Expenditure,Annual,,,,,,93656.19794026799,1021870.4637343073,₹ Crore
2011-12,Back,1978-79,Private Final Consumption Expenditure,Annual,,,,,,86248.49115894751,1045316.7350078603,₹ Crore
2011-12,Back,1977-78,Private Final Consumption Expenditure,Annual,,,,,,79303.64797401149,985108.9034370632,₹ Crore
2011-12,Back,1976-77,Private Final Consumption Expenditure,Annual,,,,,,68867.49080491833,910836.8847429287,₹ Crore
2011-12,Back,1975-76,Private Final Consumption Expenditure,Annual,,,,,,66239.55912095588,893030.1935884655,₹ Crore
2011-12,Back,1974-75,Private Final Consumption Expenditure,Annual,,,,,,64770.675667123505,845041.1211978449,₹ Crore
2011-12,Back,1973-74,Private Final Consumption Expenditure,Annual,,,,,,53460.74538240659,845678.7771394539,₹ Crore
2011-12,Back,1972-73,Private Final Consumption Expenditure,Annual,,,,,,44347.055631554766,825422.7720410535,₹ Crore
2011-12,Back,1971-72,Private Final Consumption Expenditure,Annual,,,,,,40236.071199993086,819930.1904879421,₹ Crore
2011-12,Back,1970-71,Private Final Consumption Expenditure,Annual,,,,,,37305.86124900404,804280.8026125672,₹ Crore
2011-12,Back,1969-70,Private Final Consumption Expenditure,Annual,,,,,,35163.464031453055,777864.7630128291,₹ Crore
2011-12,Back,1968-69,Private Final Consumption Expenditure,Annual,,,,,,32506.24914037239,750008.5347599245,₹ Crore
2011-12,Back,1967-68,Private Final Consumption Expenditure,Annual,,,,,,32491.135227021066,730811.3166299901,₹ Crore
2011-12,Back,1966-67,Private Final Consumption Expenditure,Annual,,,,,,27264.555066214358,691679.9010731216,₹ Crore
2011-12,Back,1965-66,Private Final Consumption Expenditure,Annual,,,,,,23410.507161625275,682806.352502507,₹ Crore
2011-12,Back,1964-65,Private Final Consumption Expenditure,Annual,,,,,,22178.723223491907,682202.4665017311,₹ Crore
2011-12,Back,1963-64,Private Final Consumption Expenditure,Annual,,,,,,18839.492992432497,643746.44976152,₹ Crore
2011-12,Back,1962-63,Private Final Consumption Expenditure,Annual,,,,,,16969.146215205445,620657.7425673739,₹ Crore
2011-12,Back,1961-62,Private Final Consumption Expenditure,Annual,,,,,,16112.376252101936,612676.117728169,₹ Crore
2011-12,Back,1960-61,Private Final Consumption Expenditure,Annual,,,,,,15408.634661680648,602406.0827807598,₹ Crore
2011-12,Back,1959-60,Private Final Consumption Expenditure,Annual,,,,,,14259.89363558298,569982.9666469861,₹ Crore
2011-12,Back,1958-59,Private Final Consumption Expenditure,Annual,,,,,,13718.379733782394,563572.6372900638,₹ Crore
2011-12,Back,1957-58,Private Final Consumption Expenditure,Annual,,,,,,12083.643309748053,516185.4644331115,₹ Crore
2011-12,Back,1956-57,Private Final Consumption Expenditure,Annual,,,,,,11912.82151254671,526588.5926767443,₹ Crore
2011-12,Back,1955-56,Private Final Consumption Expenditure,Annual,,,,,,10100.346692938532,504280.5670559699,₹ Crore
2011-12,Back,1954-55,Private Final Consumption Expenditure,Annual,,,,,,10098.195326050225,499505.10012878,₹ Crore
2011-12,Back,1953-54,Private Final Consumption Expenditure,Annual,,,,,,10850.07317088259,483639.18733865314,₹ Crore
2011-12,Back,1952-53,Private Final Consumption Expenditure,Annual,,,,,,9971.36747568861,456212.0359810368,₹ Crore
2011-12,Back,1951-52,Private Final Consumption Expenditure,Annual,,,,,,9994.388008544287,438516.5869846113,₹ Crore
2011-12,Back,1950-51,Private Final Consumption Expenditure,Annual,,,,,,9108.70200078724,412309.12643119396,₹ Crore
2011-12,Back,2011-12,Government Final Consumption Expenditure,Annual,,,,,,968374.8716387263,968374.8716387263,₹ Crore
2011-12,Back,2010-11,Government Final Consumption Expenditure,Annual,,,,,,840372.7520003361,909010.4994841283,₹ Crore
2011-12,Back,2009-10,Government Final Consumption Expenditure,Annual,,,,,,729569.0162714313,863898.6898573309,₹ Crore
2011-12,Back,2008-09,Government Final Consumption Expenditure,Annual,,,,,,581107.9099919805,756542.4058250032,₹ Crore
2011-12,Back,2007-08,Government Final Consumption Expenditure,Annual,,,,,,483111.72141389066,679341.8786031628,₹ Crore
2011-12,Back,2006-07,Government Final Consumption Expenditure,Annual,,,,,,417058.7496466614,620830.6698074697,₹ Crore
2011-12,Back,2005-06,Government Final Consumption Expenditure,Annual,,,,,,376511.1344740819,596646.2112930231,₹ Crore
2011-12,Back,2004-05,Government Final Consumption Expenditure,Annual,,,,,,331528.3524853985,548276.3223155043,₹ Crore
2011-12,Back,2003-04,Government Final Consumption Expenditure,Annual,,,,,,303721.44006219634,527311.5151011123,₹ Crore
2011-12,Back,2002-03,Government Final Consumption Expenditure,Annual,,,,,,282016.693313681,513069.43345029384,₹ Crore
2011-12,Back,2001-02,Government Final Consumption Expenditure,Annual,,,,,,272306.1402054602,514021.65218949615,₹ Crore
2011-12,Back,2000-01,Government Final Consumption Expenditure,Annual,,,,,,255670.0215364352,502203.29801731254,₹ Crore
2011-12,Back,1999-2000,Government Final Consumption Expenditure,Annual,,,,,,242080.5811320199,495387.44227946165,₹ Crore
2011-12,Back,1998-99,Government Final Consumption Expenditure,Annual,,,,,,211078.62126631624,443195.0939406624,₹ Crore
2011-12,Back,1997-98,Government Final Consumption Expenditure,Annual,,,,,,170426.23059776123,395030.39145072515,₹ Crore
2011-12,Back,1996-97,Government Final Consumption Expenditure,Annual,,,,,,144096.89955117687,355075.62718449987,₹ Crore
2011-12,Back,1995-96,Government Final Consumption Expenditure,Annual,,,,,,127071.63918918243,339329.73499109596,₹ Crore
2011-12,Back,1994-95,Government Final Consumption Expenditure,Annual,,,,,,107235.294638164,314765.01028092875,₹ Crore
2011-12,Back,1993-94,Government Final Consumption Expenditure,Annual,,,,,,96382.51230410318,310469.16794698004,₹ Crore
2011-12,Back,1992-93,Government Final Consumption Expenditure,Annual,,,,,,83084.88975361516,293073.0959730618,₹ Crore
2011-12,Back,1991-92,Government Final Consumption Expenditure,Annual,,,,,,73370.02601203448,283295.2075598389,₹ Crore
2011-12,Back,1990-91,Government Final Consumption Expenditure,Annual,,,,,,65016.75774662285,283770.7421083398,₹ Crore
2011-12,Back,1989-90,Government Final Consumption Expenditure,Annual,,,,,,57041.450710109035,274449.5914248424,₹ Crore
2011-12,Back,1988-89,Government Final Consumption Expenditure,Annual,,,,,,49824.828084993685,260526.81960506176,₹ Crore
2011-12,Back,1987-88,Government Final Consumption Expenditure,Annual,,,,,,43166.88905191812,246989.65020773883,₹ Crore
2011-12,Back,1986-87,Government Final Consumption Expenditure,Annual,,,,,,36772.08476182371,228284.045745514,₹ Crore
2011-12,Back,1985-86,Government Final Consumption Expenditure,Annual,,,,,,31100.123642446244,208665.37403990398,₹ Crore
2011-12,Back,1984-85,Government Final Consumption Expenditure,Annual,,,,,,26116.390434142704,188769.65393309473,₹ Crore
2011-12,Back,1983-84,Government Final Consumption Expenditure,Annual,,,,,,22712.51376476165,175705.73426434194,₹ Crore
2011-12,Back,1982-83,Government Final Consumption Expenditure,Annual,,,,,,19658.961115850376,168181.14453307833,₹ Crore
2011-12,Back,1981-82,Government Final Consumption Expenditure,Annual,,,,,,16631.656763962896,153421.87008595886,₹ Crore
2011-12,Back,1980-81,Government Final Consumption Expenditure,Annual,,,,,,14194.332474767516,147225.02159259794,₹ Crore
2011-12,Back,1979-80,Government Final Consumption Expenditure,Annual,,,,,,12226.146522656027,140696.7594406849,₹ Crore
2011-12,Back,1978-79,Government Final Consumption Expenditure,Annual,,,,,,10635.736199332332,132411.18153561366,₹ Crore
2011-12,Back,1977-78,Government Final Consumption Expenditure,Annual,,,,,,9580.328945406865,123289.13916671816,₹ Crore
2011-12,Back,1976-77,Government Final Consumption Expenditure,Annual,,,,,,8978.956123473525,119212.67246302956,₹ Crore
2011-12,Back,1975-76,Government Final Consumption Expenditure,Annual,,,,,,8084.664279085175,110909.32075997375,₹ Crore
2011-12,Back,1974-75,Government Final Consumption Expenditure,Annual,,,,,,6858.757214663392,101140.38293330571,₹ Crore
2011-12,Back,1973-74,Government Final Consumption Expenditure,Annual,,,,,,5653.165087216805,105065.60160812273,₹ Crore
2011-12,Back,1972-73,Government Final Consumption Expenditure,Annual,,,,,,5156.718474969457,105213.31862541882,₹ Crore
2011-12,Back,1971-72,Government Final Consumption Expenditure,Annual,,,,,,4848.496537723525,104214.45639313517,₹ Crore
2011-12,Back,1970-71,Government Final Consumption Expenditure,Annual,,,,,,4188.818965210727,94911.44136923773,₹ Crore
2011-12,Back,1969-70,Government Final Consumption Expenditure,Annual,,,,,,3747.8395975703775,86684.1354808871,₹ Crore
2011-12,Back,1968-69,Government Final Consumption Expenditure,Annual,,,,,,3343.66402667701,79199.08087364052,₹ Crore
2011-12,Back,1967-68,Government Final Consumption Expenditure,Annual,,,,,,3053.658587814625,75251.07449919899,₹ Crore
2011-12,Back,1966-67,Government Final Consumption Expenditure,Annual,,,,,,2731.1750304104135,73274.25741764836,₹ Crore
2011-12,Back,1965-66,Government Final Consumption Expenditure,Annual,,,,,,2492.18859304735,72037.95343318363,₹ Crore
2011-12,Back,1964-65,Government Final Consumption Expenditure,Annual,,,,,,2163.0646327815316,65672.0472995863,₹ Crore
2011-12,Back,1963-64,Government Final Consumption Expenditure,Annual,,,,,,2007.2114610041592,62861.80377712478,₹ Crore
2011-12,Back,1962-63,Government Final Consumption Expenditure,Annual,,,,,,1561.8970329016195,51155.99389633397,₹ Crore
2011-12,Back,1961-62,Government Final Consumption Expenditure,Annual,,,,,,1288.0679050581311,42398.20059897264,₹ Crore
2011-12,Back,1960-61,Government Final Consumption Expenditure,Annual,,,,,,1159.1209599895346,39395.01470758766,₹ Crore
2011-12,Back,1959-60,Government Final Consumption Expenditure,Annual,,,,,,1062.3319775018476,37376.76046914402,₹ Crore
2011-12,Back,1958-59,Government Final Consumption Expenditure,Annual,,,,,,1008.0931969603799,36717.934750844805,₹ Crore
2011-12,Back,1957-58,Government Final Consumption Expenditure,Annual,,,,,,939.8271455892225,35460.598344794904,₹ Crore
2011-12,Back,1956-57,Government Final Consumption Expenditure,Annual,,,,,,804.2301942355537,31489.085564061625,₹ Crore
2011-12,Back,1955-56,Government Final Consumption Expenditure,Annual,,,,,,729.4180831438742,29439.9210646568,₹ Crore
2011-12,Back,1954-55,Government Final Consumption Expenditure,Annual,,,,,,680.7902109342826,28646.546432057046,₹ Crore
2011-12,Back,1953-54,Government Final Consumption Expenditure,Annual,,,,,,652.7356692749028,28479.52019361499,₹ Crore
2011-12,Back,1952-53,Government Final Consumption Expenditure,Annual,,,,,,618.135067895001,28126.90924579288,₹ Crore
2011-12,Back,1951-52,Government Final Consumption Expenditure,Annual,,,,,,596.6265859561432,28094.43192165137,₹ Crore
2011-12,Back,1950-51,Government Final Consumption Expenditure,Annual,,,,,,568.5720442967635,27805.22908286744,₹ Crore
2011-12,Back,2011-12,Change in Stock,Annual,,,,,,207983.18781535595,207983.16698312815,₹ Crore
2011-12,Back,2010-11,Change in Stock,Annual,,,,,,333451.48730973253,367536.521768708,₹ Crore
2011-12,Back,2009-10,Change in Stock,Annual,,,,,,218437.8026098266,254051.0603392079,₹ Crore
2011-12,Back,2008-09,Change in Stock,Annual,,,,,,130194.88027595179,151471.42938692792,₹ Crore
2011-12,Back,2007-08,Change in Stock,Annual,,,,,,245702.69539230072,311521.50057552557,₹ Crore
2011-12,Back,2006-07,Change in Stock,Annual,,,,,,179338.72651477056,237188.26587318588,₹ Crore
2011-12,Back,2005-06,Change in Stock,Annual,,,,,,127267.12324741989,180277.47290487142,₹ Crore
2011-12,Back,2004-05,Change in Stock,Annual,,,,,,97714.98661578896,142341.31066214922,₹ Crore
2011-12,Back,2003-04,Change in Stock,Annual,,,,,,44743.832008092846,38480.50312556607,₹ Crore
2011-12,Back,2002-03,Change in Stock,Annual,,,,,,33510.80676328243,35605.522200971864,₹ Crore
2011-12,Back,2001-02,Change in Stock,Annual,,,,,,-15118.178731682023,-6181.617402119476,₹ Crore
2011-12,Back,2000-01,Change in Stock,Annual,,,,,,-22474.851491007445,30759.261274711258,₹ Crore
2011-12,Back,1999-2000,Change in Stock,Annual,,,,,,52138.98107987962,93929.08230817603,₹ Crore
2011-12,Back,1998-99,Change in Stock,Annual,,,,,,-8567.245389845108,-9272.664256485448,₹ Crore
2011-12,Back,1997-98,Change in Stock,Annual,,,,,,5295.424749032192,30064.440313796968,₹ Crore
2011-12,Back,1996-97,Change in Stock,Annual,,,,,,-24625.949476080757,-40056.57369199435,₹ Crore
2011-12,Back,1995-96,Change in Stock,Annual,,,,,,48409.14337935227,60870.0927490939,₹ Crore
2011-12,Back,1994-95,Change in Stock,Annual,,,,,,30326.45267128106,38234.34611778417,₹ Crore
2011-12,Back,1993-94,Change in Stock,Annual,,,,,,-8333.716999685246,-6776.506677674856,₹ Crore
2011-12,Back,1992-93,Change in Stock,Annual,,,,,,17893.465222205006,32554.890574272642,₹ Crore
2011-12,Back,1991-92,Change in Stock,Annual,,,,,,3683.3039836411403,-3181.5133942658335,₹ Crore
2011-12,Back,1990-91,Change in Stock,Annual,,,,,,7224.568070748885,26750.4528072473,₹ Crore
2011-12,Back,1989-90,Change in Stock,Annual,,,,,,11267.562426124607,28521.242072180718,₹ Crore
2011-12,Back,1988-89,Change in Stock,Annual,,,,,,11638.554119886652,42926.372492396484,₹ Crore
2011-12,Back,1987-88,Change in Stock,Annual,,,,,,5006.427279763338,10671.055692418726,₹ Crore
2011-12,Back,1986-87,Change in Stock,Annual,,,,,,10075.546467376373,37655.54255898557,₹ Crore
2011-12,Back,1985-86,Change in Stock,Annual,,,,,,13210.289148859349,48440.22780799408,₹ Crore
2011-12,Back,1984-85,Change in Stock,Annual,,,,,,6155.887025760772,30854.966632189306,₹ Crore
2011-12,Back,1983-84,Change in Stock,Annual,,,,,,1058.9841113832779,13289.058741791145,₹ Crore
2011-12,Back,1982-83,Change in Stock,Annual,,,,,,7961.471894445275,31713.12414749804,₹ Crore
2011-12,Back,1981-82,Change in Stock,Annual,,,,,,9835.908676687613,41894.96544964568,₹ Crore
2011-12,Back,1980-81,Change in Stock,Annual,,,,,,-178.29418790463944,1782.2377573120377,₹ Crore
2011-12,Back,1979-80,Change in Stock,Annual,,,,,,4004.72773102465,27577.589354966087,₹ Crore
2011-12,Back,1978-79,Change in Stock,Annual,,,,,,3671.041081757176,38635.33606894838,₹ Crore
2011-12,Back,1977-78,Change in Stock,Annual,,,,,,2398.178942985659,19996.376640336624,₹ Crore
2011-12,Back,1976-77,Change in Stock,Annual,,,,,,854.146237546546,13509.38881626369,₹ Crore
2011-12,Back,1975-76,Change in Stock,Annual,,,,,,1559.7247812284916,3853.1136878841467,₹ Crore
2011-12,Back,1974-75,Change in Stock,Annual,,,,,,4688.922251430499,26395.294992193376,₹ Crore
2011-12,Back,1973-74,Change in Stock,Annual,,,,,,1878.3499242770527,20946.756401344865,₹ Crore
2011-12,Back,1972-73,Change in Stock,Annual,,,,,,1378.9229243914003,5758.4303378773475,₹ Crore
2011-12,Back,1971-72,Change in Stock,Annual,,,,,,1312.096819641458,20343.80095602031,₹ Crore
2011-12,Back,1970-71,Change in Stock,Annual,,,,,,1252.4820854935201,15327.56459913722,₹ Crore
2011-12,Back,1969-70,Change in Stock,Annual,,,,,,664.7249101028834,12865.924737101272,₹ Crore
2011-12,Back,1968-69,Change in Stock,Annual,,,,,,610.6139223794585,2548.4353033292405,₹ Crore
2011-12,Back,1967-68,Change in Stock,Annual,,,,,,800.4323315810715,9927.972896700066,₹ Crore
2011-12,Back,1966-67,Change in Stock,Annual,,,,,,521.9957373816644,11758.93388297122,₹ Crore
2011-12,Back,1965-66,Change in Stock,Annual,,,,,,832.9637290730548,8337.22145071297,₹ Crore
2011-12,Back,1964-65,Change in Stock,Annual,,,,,,872.36152384321,11042.87704959969,₹ Crore
2011-12,Back,1963-64,Change in Stock,Annual,,,,,,611.2781860900354,6535.633656579062,₹ Crore
2011-12,Back,1962-63,Change in Stock,Annual,,,,,,429.8824331029739,8006.5088975558165,₹ Crore
2011-12,Back,1961-62,Change in Stock,Annual,,,,,,655.0294337460557,9242.563054274608,₹ Crore
2011-12,Back,1960-61,Change in Stock,Annual,,,,,,612.8313810885878,10882.725488569034,₹ Crore
2011-12,Back,1959-60,Change in Stock,Annual,,,,,,247.3016489367799,7953.737827406943,₹ Crore
2011-12,Back,1958-59,Change in Stock,Annual,,,,,,32.7379373447296,-853.1539528274969,₹ Crore
2011-12,Back,1957-58,Change in Stock,Annual,,,,,,317.0184449986879,12659.632773467105,₹ Crore
2011-12,Back,1956-57,Change in Stock,Annual,,,,,,457.0742533641578,7900.404340262628,₹ Crore
2011-12,Back,1955-56,Change in Stock,Annual,,,,,,305.4029298543173,2586.772419380733,₹ Crore
2011-12,Back,1954-55,Change in Stock,Annual,,,,,,80.97864155443078,2053.4206785352835,₹ Crore
2011-12,Back,1953-54,Change in Stock,Annual,,,,,,-163.79476752208006,-4231.152533720911,₹ Crore
2011-12,Back,1952-53,Change in Stock,Annual,,,,,,-56.6819869039023,1857.9980860245823,₹ Crore
2011-12,Back,1951-52,Change in Stock,Annual,,,,,,447.1063118331603,7014.070813871104,₹ Crore
2011-12,Back,1950-51,Change in Stock,Annual,,,,,,370.1257553378252,7468.498271311446,₹ Crore
2011-12,Back,2011-12,Valuables,Annual,,,,,,253033.33328728,253033.33328728,₹ Crore
2011-12,Back,2010-11,Valuables,Annual,,,,,,167034.69263023743,237367.10439707316,₹ Crore
2011-12,Back,2009-10,Valuables,Annual,,,,,,119310.55786522158,179220.73260055637,₹ Crore
2011-12,Back,2008-09,Valuables,Annual,,,,,,74074.70564683498,113738.26139473247,₹ Crore
2011-12,Back,2007-08,Valuables,Annual,,,,,,54973.26802183666,89612.33424493483,₹ Crore
2011-12,Back,2006-07,Valuables,Annual,,,,,,50990.497618609494,87090.88637199551,₹ Crore
2011-12,Back,2005-06,Valuables,Annual,,,,,,42459.40997976692,76626.70893603691,₹ Crore
2011-12,Back,2004-05,Valuables,Annual,,,,,,42112.41920535974,77839.70488452882,₹ Crore
2011-12,Back,2003-04,Valuables,Annual,,,,,,25205.536043338925,49501.68990540609,₹ Crore
2011-12,Back,2002-03,Valuables,Annual,,,,,,14316.851154032289,29712.769362173327,₹ Crore
2011-12,Back,2001-02,Valuables,Annual,,,,,,14552.781208157632,30998.281303182248,₹ Crore
2011-12,Back,2000-01,Valuables,Annual,,,,,,15103.62659539811,32759.698107308428,₹ Crore
2011-12,Back,1999-2000,Valuables,Annual,,,,,,15919.123956396581,35662.52816879057,₹ Crore
2011-12,Back,1998-99,Valuables,Annual,,,,,,,,₹ Crore
2011-12,Back,2011-12,Export of Goods and Services,Annual,,,,,,2143931,2143931.1201615306,₹ Crore
2011-12,Back,2010-11,Export of Goods and Services,Annual,,,,,,1710193,1856330.1189589407,₹ Crore
2011-12,Back,2009-10,Export of Goods and Services,Annual,,,,,,1298780,1553698.6008705427,₹ Crore
2011-12,Back,2008-09,Export of Goods and Services,Annual,,,,,,1328765,1632623.2898832345,₹ Crore
2011-12,Back,2007-08,Export of Goods and Services,Annual,,,,,,1018907,1422416.6371219216,₹ Crore
2011-12,Back,2006-07,Export of Goods and Services,Annual,,,,,,904872,1343594.1609866815,₹ Crore
2011-12,Back,2005-06,Export of Goods and Services,Annual,,,,,,712087,1115999.4116251054,₹ Crore
2011-12,Back,2004-05,Export of Goods and Services,Annual,,,,,,569051,885116.193721418,₹ Crore
2011-12,Back,2003-04,Export of Goods and Services,Annual,,,,,,417425,695975.1270287391,₹ Crore
2011-12,Back,2002-03,Export of Goods and Services,Annual,,,,,,355556,635116.8351358846,₹ Crore
2011-12,Back,2001-02,Export of Goods and Services,Annual,,,,,,290757,524521.4686954606,₹ Crore
2011-12,Back,2000-01,Export of Goods and Services,Annual,,,,,,278126,502850.982325505,₹ Crore
2011-12,Back,1999-2000,Export of Goods and Services,Annual,,,,,,227697,425591.2312385534,₹ Crore
2011-12,Back,1998-99,Export of Goods and Services,Annual,,,,,,195280,360672.15650634136,₹ Crore
2011-12,Back,1997-98,Export of Goods and Services,Annual,,,,,,165203,316700.4471610675,₹ Crore
2011-12,Back,1996-97,Export of Goods and Services,Annual,,,,,,144854,324249.54809720424,₹ Crore
2011-12,Back,1995-96,Export of Goods and Services,Annual,,,,,,130733,305061.9723667188,₹ Crore
2011-12,Back,1994-95,Export of Goods and Services,Annual,,,,,,101607,232169.77888319295,₹ Crore
2011-12,Back,1993-94,Export of Goods and Services,Annual,,,,,,86147,205380.6188141571,₹ Crore
2011-12,Back,1992-93,Export of Goods and Services,Annual,,,,,,67312,180507.42846191578,₹ Crore
2011-12,Back,1991-92,Export of Goods and Services,Annual,,,,,,56254,172086.8009577001,₹ Crore
2011-12,Back,1990-91,Export of Goods and Services,Annual,,,,,,40635,156924.32350359816,₹ Crore
2011-12,Back,1989-90,Export of Goods and Services,Annual,,,,,,34609,141240.39892223178,₹ Crore
2011-12,Back,1988-89,Export of Goods and Services,Annual,,,,,,25913,126130.99836676038,₹ Crore
2011-12,Back,1987-88,Export of Goods and Services,Annual,,,,,,20281,117360.56871229708,₹ Crore
2011-12,Back,1986-87,Export of Goods and Services,Annual,,,,,,16543,104110.17657983319,₹ Crore
2011-12,Back,1985-86,Export of Goods and Services,Annual,,,,,,14951,98745.92186320531,₹ Crore
2011-12,Back,1984-85,Export of Goods and Services,Annual,,,,,,15846,105401.96181308561,₹ Crore
2011-12,Back,1983-84,Export of Goods and Services,Annual,,,,,,13139,98233.05862164812,₹ Crore
2011-12,Back,1982-83,Export of Goods and Services,Annual,,,,,,11563,99140.10960105789,₹ Crore
2011-12,Back,1981-82,Export of Goods and Services,Annual,,,,,,10256,93510.31366529576,₹ Crore
2011-12,Back,1980-81,Export of Goods and Services,Annual,,,,,,9029,94280.52336564446,₹ Crore
2011-12,Back,1979-80,Export of Goods and Services,Annual,,,,,,8340,89588.47933901106,₹ Crore
2011-12,Back,1978-79,Export of Goods and Services,Annual,,,,,,7115,80598.38188103269,₹ Crore
2011-12,Back,1977-78,Export of Goods and Services,Annual,,,,,,6640,74764.48635485816,₹ Crore
2011-12,Back,1976-77,Export of Goods and Services,Annual,,,,,,6139,77530.26718453955,₹ Crore
2011-12,Back,1975-76,Export of Goods and Services,Annual,,,,,,4812,64706.24250711825,₹ Crore
2011-12,Back,1974-75,Export of Goods and Services,Annual,,,,,,3835,55566.241312186234,₹ Crore
2011-12,Back,1973-74,Export of Goods and Services,Annual,,,,,,2830,51355.217568992375,₹ Crore
2011-12,Back,1972-73,Export of Goods and Services,Annual,,,,,,2225,48926.75945281159,₹ Crore
2011-12,Back,1971-72,Export of Goods and Services,Annual,,,,,,1838,45203.00194744385,₹ Crore
2011-12,Back,1970-71,Export of Goods and Services,Annual,,,,,,1771,44732.40045082899,₹ Crore
2011-12,Back,1969-70,Export of Goods and Services,Annual,,,,,,1628,34002.08493276774,₹ Crore
2011-12,Back,1968-69,Export of Goods and Services,Annual,,,,,,1608,34674.06990238588,₹ Crore
2011-12,Back,1967-68,Export of Goods and Services,Annual,,,,,,1517,33619.08917514392,₹ Crore
2011-12,Back,1966-67,Export of Goods and Services,Annual,,,,,,1330,32031.56157564019,₹ Crore
2011-12,Back,1965-66,Export of Goods and Services,Annual,,,,,,938,25454.123790985424,₹ Crore
2011-12,Back,1964-65,Export of Goods and Services,Annual,,,,,,1002,29551.146952816824,₹ Crore
2011-12,Back,1963-64,Export of Goods and Services,Annual,,,,,,987,31609.578396215762,₹ Crore
2011-12,Back,1962-63,Export of Goods and Services,Annual,,,,,,837,29159.030738733058,₹ Crore
2011-12,Back,1961-62,Export of Goods and Services,Annual,,,,,,804,29329.089964872866,₹ Crore
2011-12,Back,1960-61,Export of Goods and Services,Annual,,,,,,787,29383.706404304598,₹ Crore
2011-12,Back,1959-60,Export of Goods and Services,Annual,,,,,,779,29735.132812889755,₹ Crore
2011-12,Back,1958-59,Export of Goods and Services,Annual,,,,,,719,28209.530993074848,₹ Crore
2011-12,Back,1957-58,Export of Goods and Services,Annual,,,,,,800,32634.778651856304,₹ Crore
2011-12,Back,1956-57,Export of Goods and Services,Annual,,,,,,767,32378.711455400975,₹ Crore
2011-12,Back,1955-56,Export of Goods and Services,Annual,,,,,,757,36094.57045786871,₹ Crore
2011-12,Back,1954-55,Export of Goods and Services,Annual,,,,,,705,33303.456559937804,₹ Crore
2011-12,Back,1953-54,Export of Goods and Services,Annual,,,,,,644,27414.184330450917,₹ Crore
2011-12,Back,1952-53,Export of Goods and Services,Annual,,,,,,715,31240.53186702742,₹ Crore
2011-12,Back,1951-52,Export of Goods and Services,Annual,,,,,,846,35447.59554910266,₹ Crore
2011-12,Back,1950-51,Export of Goods and Services,Annual,,,,,,736,31816.38107445028,₹ Crore
2011-12,Back,2011-12,Import of Goods and Services,Annual,,,,,,2715554,2715554.065620234,₹ Crore
2011-12,Back,2010-11,Import of Goods and Services,Annual,,,,,,2050182,2255223.770727468,₹ Crore
2011-12,Back,2009-10,Import of Goods and Services,Annual,,,,,,1647139,1947316.2403259312,₹ Crore
2011-12,Back,2008-09,Import of Goods and Services,Annual,,,,,,1614040,1985554.3675929,₹ Crore
2011-12,Back,2007-08,Import of Goods and Services,Annual,,,,,,1219108.91,1621540.7521258532,₹ Crore
2011-12,Back,2006-07,Import of Goods and Services,Annual,,,,,,1040535,1474777.029888723,₹ Crore
2011-12,Back,2005-06,Import of Goods and Services,Annual,,,,,,813466,1213761.8602299856,₹ Crore
2011-12,Back,2004-05,Import of Goods and Services,Annual,,,,,,625945,917642.0342899561,₹ Crore
2011-12,Back,2003-04,Import of Goods and Services,Annual,,,,,,436878,750963.8458913756,₹ Crore
2011-12,Back,2002-03,Import of Goods and Services,Annual,,,,,,379981,659411.6763813449,₹ Crore
2011-12,Back,2001-02,Import of Goods and Services,Annual,,,,,,311050,588777.14567752,₹ Crore
2011-12,Back,2000-01,Import of Goods and Services,Annual,,,,,,297523,571937.8730042012,₹ Crore
2011-12,Back,1999-2000,Import of Goods and Services,Annual,,,,,,265702,546839.4908715766,₹ Crore
2011-12,Back,1998-99,Import of Goods and Services,Annual,,,,,,224745,511100.73581761785,₹ Crore
2011-12,Back,1997-98,Import of Goods and Services,Annual,,,,,,184333,422937.01424279565,₹ Crore
2011-12,Back,1996-97,Import of Goods and Services,Annual,,,,,,161022,373617.01261156803,₹ Crore
2011-12,Back,1995-96,Import of Goods and Services,Annual,,,,,,144953,382961.219336951,₹ Crore
2011-12,Back,1994-95,Import of Goods and Services,Annual,,,,,,104710,298894.5124582637,₹ Crore
2011-12,Back,1993-94,Import of Goods and Services,Annual,,,,,,85999,243793.33445072634,₹ Crore
2011-12,Back,1992-93,Import of Goods and Services,Annual,,,,,,73000,204409.2608768603,₹ Crore
2011-12,Back,1991-92,Import of Goods and Services,Annual,,,,,,56249,168754.6455244009,₹ Crore
2011-12,Back,1990-91,Import of Goods and Services,Annual,,,,,,48698,168728.99789777424,₹ Crore
2011-12,Back,1989-90,Import of Goods and Services,Annual,,,,,,40212,163234.80372887856,₹ Crore
2011-12,Back,1988-89,Import of Goods and Services,Annual,,,,,,32010,159901.8560942678,₹ Crore
2011-12,Back,1987-88,Import of Goods and Services,Annual,,,,,,25259,146437.68232911947,₹ Crore
2011-12,Back,1986-87,Import of Goods and Services,Annual,,,,,,22359,148922.02854990042,₹ Crore
2011-12,Back,1985-86,Import of Goods and Services,Annual,,,,,,21754,127192.50116437132,₹ Crore
2011-12,Back,1984-85,Import of Goods and Services,Annual,,,,,,19484,111698.85445147054,₹ Crore
2011-12,Back,1983-84,Import of Goods and Services,Annual,,,,,,17675,130382.78878621799,₹ Crore
2011-12,Back,1982-83,Import of Goods and Services,Annual,,,,,,15736,106885.00090109548,₹ Crore
2011-12,Back,1981-82,Import of Goods and Services,Annual,,,,,,14809,103316.2808023769,₹ Crore
2011-12,Back,1980-81,Import of Goods and Services,Annual,,,,,,13596,93898.77762701652,₹ Crore
2011-12,Back,1979-80,Import of Goods and Services,Annual,,,,,,10094,82112.22606957091,₹ Crore
2011-12,Back,1978-79,Import of Goods and Services,Annual,,,,,,7423,68816.33397904273,₹ Crore
2011-12,Back,1977-78,Import of Goods and Services,Annual,,,,,,6517,68782.53161600677,₹ Crore
2011-12,Back,1976-77,Import of Goods and Services,Annual,,,,,,5614,53991.28722721673,₹ Crore
2011-12,Back,1975-76,Import of Goods and Services,Annual,,,,,,5664,52986.54603990065,₹ Crore
2011-12,Back,1974-75,Import of Goods and Services,Annual,,,,,,4779,52317.168131151906,₹ Crore
2011-12,Back,1973-74,Import of Goods and Services,Annual,,,,,,3176,59967.92788997204,₹ Crore
2011-12,Back,1972-73,Import of Goods and Services,Annual,,,,,,2049,55487.27704027843,₹ Crore
2011-12,Back,1971-72,Import of Goods and Services,Annual,,,,,,2006,56555.27459738255,₹ Crore
2011-12,Back,1970-71,Import of Goods and Services,Annual,,,,,,1816,47916.632428520905,₹ Crore
2011-12,Back,1969-70,Import of Goods and Services,Annual,,,,,,1767,40636.601581756826,₹ Crore
2011-12,Back,1968-69,Import of Goods and Services,Annual,,,,,,1968,46727.60846388334,₹ Crore
2011-12,Back,1967-68,Import of Goods and Services,Annual,,,,,,2236,54563.452910507855,₹ Crore
2011-12,Back,1966-67,Import of Goods and Services,Annual,,,,,,2142,56803.56870058708,₹ Crore
2011-12,Back,1965-66,Import of Goods and Services,Annual,,,,,,1478,44163.087891952746,₹ Crore
2011-12,Back,1964-65,Import of Goods and Services,Annual,,,,,,1529,49652.80520962584,₹ Crore
2011-12,Back,1963-64,Import of Goods and Services,Annual,,,,,,1362,48029.5306194622,₹ Crore
2011-12,Back,1962-63,Import of Goods and Services,Annual,,,,,,1211,46453.82216597447,₹ Crore
2011-12,Back,1961-62,Import of Goods and Services,Annual,,,,,,1113,44706.1619963538,₹ Crore
2011-12,Back,1960-61,Import of Goods and Services,Annual,,,,,,1205,49539.15274741583,₹ Crore
2011-12,Back,1959-60,Import of Goods and Services,Annual,,,,,,1010,42450.56578326647,₹ Crore
2011-12,Back,1958-59,Import of Goods and Services,Annual,,,,,,1104,47694.218050276904,₹ Crore
2011-12,Back,1957-58,Import of Goods and Services,Annual,,,,,,1304,58573.066306148256,₹ Crore
2011-12,Back,1956-57,Import of Goods and Services,Annual,,,,,,1174,54571.00835667142,₹ Crore
2011-12,Back,1955-56,Import of Goods and Services,Annual,,,,,,839,44049.16125536662,₹ Crore
2011-12,Back,1954-55,Import of Goods and Services,Annual,,,,,,750,39011.36457923232,₹ Crore
2011-12,Back,1953-54,Import of Goods and Services,Annual,,,,,,652,30560.9423167238,₹ Crore
2011-12,Back,1952-53,Import of Goods and Services,Annual,,,,,,702,33773.74138920343,₹ Crore
2011-12,Back,1951-52,Import of Goods and Services,Annual,,,,,,1038,47889.847764331345,₹ Crore
2011-12,Back,1950-51,Import of Goods and Services,Annual,,,,,,711,33843.264663321774,₹ Crore
2011-12,Back,2011-12,Primary Income Receivable Net From Row,Annual,,,,,,-76824,-76824,₹ Crore
2011-12,Back,2010-11,Primary Income Receivable Net From Row,Annual,,,,,,-81807,-89418.91830144824,₹ Crore
2011-12,Back,2009-10,Primary Income Receivable Net From Row,Annual,,,,,,-38000,-44758.63599244986,₹ Crore
2011-12,Back,2008-09,Primary Income Receivable Net From Row,Annual,,,,,,-32923,-41211.6283026536,₹ Crore
2011-12,Back,2007-08,Primary Income Receivable Net From Row,Annual,,,,,,-20512,-28267.158516001546,₹ Crore
2011-12,Back,2006-07,Primary Income Receivable Net From Row,Annual,,,,,,-33234,-48986.43706872699,₹ Crore
2011-12,Back,2005-06,Primary Income Receivable Net From Row,Annual,,,,,,-26116,-41678.14033267972,₹ Crore
2011-12,Back,2004-05,Primary Income Receivable Net From Row,Annual,,,,,,-22375,-37441.69408572595,₹ Crore
2011-12,Back,2003-04,Primary Income Receivable Net From Row,Annual,,,,,,-20708,-34627.08271356094,₹ Crore
2011-12,Back,2002-03,Primary Income Receivable Net From Row,Annual,,,,,,-16690,-31727.12937945757,₹ Crore
2011-12,Back,2001-02,Primary Income Receivable Net From Row,Annual,,,,,,-20068,-35761.628795801036,₹ Crore
2011-12,Back,2000-01,Primary Income Receivable Net From Row,Annual,,,,,,-22733,-39826.24890459336,₹ Crore
2011-12,Back,1999-2000,Primary Income Receivable Net From Row,Annual,,,,,,-15431,-27401.602154936514,₹ Crore
2011-12,Back,1998-99,Primary Income Receivable Net From Row,Annual,,,,,,-14968,-24576.97796547906,₹ Crore
2011-12,Back,1997-98,Primary Income Receivable Net From Row,Annual,,,,,,-13205,-23132.265002209147,₹ Crore
2011-12,Back,1996-97,Primary Income Receivable Net From Row,Annual,,,,,,-13082,-28361.75571969507,₹ Crore
2011-12,Back,1995-96,Primary Income Receivable Net From Row,Annual,,,,,,-13484,-29571.09573641669,₹ Crore
2011-12,Back,1994-95,Primary Income Receivable Net From Row,Annual,,,,,,-13083,-27493.44204262383,₹ Crore
2011-12,Back,1993-94,Primary Income Receivable Net From Row,Annual,,,,,,-12080,-27116.40620167516,₹ Crore
2011-12,Back,1992-93,Primary Income Receivable Net From Row,Annual,,,,,,-11645,-29805.53618760849,₹ Crore
2011-12,Back,1991-92,Primary Income Receivable Net From Row,Annual,,,,,,-10077,-29501.278247687686,₹ Crore
2011-12,Back,1990-91,Primary Income Receivable Net From Row,Annual,,,,,,-7545,-28195.23031413151,₹ Crore
2011-12,Back,1989-90,Primary Income Receivable Net From Row,Annual,,,,,,-5731,-22524.78698169046,₹ Crore
2011-12,Back,1988-89,Primary Income Receivable Net From Row,Annual,,,,,,-4496,-20994.098296733577,₹ Crore
2011-12,Back,1987-88,Primary Income Receivable Net From Row,Annual,,,,,,-2619,-14697.246726658757,₹ Crore
2011-12,Back,1986-87,Primary Income Receivable Net From Row,Annual,,,,,,-1805,-10945.961164014572,₹ Crore
2011-12,Back,1985-86,Primary Income Receivable Net From Row,Annual,,,,,,-1429,-9817.751228448833,₹ Crore
2011-12,Back,1984-85,Primary Income Receivable Net From Row,Annual,,,,,,-1424,-9825.3756505302,₹ Crore
2011-12,Back,1983-84,Primary Income Receivable Net From Row,Annual,,,,,,-944,-7058.142633079099,₹ Crore
2011-12,Back,1982-83,Primary Income Receivable Net From Row,Annual,,,,,,-634,-6364.005664390323,₹ Crore
2011-12,Back,1981-82,Primary Income Receivable Net From Row,Annual,,,,,,40,-1844.3137394719622,₹ Crore
2011-12,Back,1980-81,Primary Income Receivable Net From Row,Annual,,,,,,345,-4.161238454356281,₹ Crore
2011-12,Back,1979-80,Primary Income Receivable Net From Row,Annual,,,,,,153,-519.4700776629796,₹ Crore
2011-12,Back,1978-79,Primary Income Receivable Net From Row,Annual,,,,,,-156,-2789.716736622171,₹ Crore
2011-12,Back,1977-78,Primary Income Receivable Net From Row,Annual,,,,,,-233,-2926.7787303412197,₹ Crore
2011-12,Back,1976-77,Primary Income Receivable Net From Row,Annual,,,,,,-233,-3506.086332556295,₹ Crore
2011-12,Back,1975-76,Primary Income Receivable Net From Row,Annual,,,,,,-255,-3812.6949023962015,₹ Crore
2011-12,Back,1974-75,Primary Income Receivable Net From Row,Annual,,,,,,-291,-4420.484672505846,₹ Crore
2011-12,Back,1973-74,Primary Income Receivable Net From Row,Annual,,,,,,-325,-5645.800773394663,₹ Crore
2011-12,Back,1972-73,Primary Income Receivable Net From Row,Annual,,,,,,-302,-6200.282152937165,₹ Crore
2011-12,Back,1971-72,Primary Income Receivable Net From Row,Annual,,,,,,-291,-6757.965184402413,₹ Crore
2011-12,Back,1970-71,Primary Income Receivable Net From Row,Annual,,,,,,-284,-6885.185492625759,₹ Crore
2011-12,Back,1969-70,Primary Income Receivable Net From Row,Annual,,,,,,-271,-6656.100746577949,₹ Crore
2011-12,Back,1968-69,Primary Income Receivable Net From Row,Annual,,,,,,-255,-6212.360696806087,₹ Crore
2011-12,Back,1967-68,Primary Income Receivable Net From Row,Annual,,,,,,-258,-6517.431981024243,₹ Crore
2011-12,Back,1966-67,Primary Income Receivable Net From Row,Annual,,,,,,-230,-5297.146844151619,₹ Crore
2011-12,Back,1965-66,Primary Income Receivable Net From Row,Annual,,,,,,-164,-5433.533071126493,₹ Crore
2011-12,Back,1964-65,Primary Income Receivable Net From Row,Annual,,,,,,-145,-5109.944010654113,₹ Crore
2011-12,Back,1963-64,Primary Income Receivable Net From Row,Annual,,,,,,-112,-3986.727009669085,₹ Crore
2011-12,Back,1962-63,Primary Income Receivable Net From Row,Annual,,,,,,-108,-3958.9932565583435,₹ Crore
2011-12,Back,1961-62,Primary Income Receivable Net From Row,Annual,,,,,,-98,-3444.2688714462915,₹ Crore
2011-12,Back,1960-61,Primary Income Receivable Net From Row,Annual,,,,,,-72,-2577.5180415856325,₹ Crore
2011-12,Back,1959-60,Primary Income Receivable Net From Row,Annual,,,,,,-57,-2156.299304360148,₹ Crore
2011-12,Back,1958-59,Primary Income Receivable Net From Row,Annual,,,,,,-35,-1220.285136872624,₹ Crore
2011-12,Back,1957-58,Primary Income Receivable Net From Row,Annual,,,,,,-20,-887.4800995437266,₹ Crore
2011-12,Back,1956-57,Primary Income Receivable Net From Row,Annual,,,,,,-17,-582.4088153255706,₹ Crore
2011-12,Back,1955-56,Primary Income Receivable Net From Row,Annual,,,,,,-10,-374.4056669950097,₹ Crore
2011-12,Back,1954-55,Primary Income Receivable Net From Row,Annual,,,,,,-29,-1005.348550264378,₹ Crore
2011-12,Back,1953-54,Primary Income Receivable Net From Row,Annual,,,,,,-19,-658.6766363801097,₹ Crore
2011-12,Back,1952-53,Primary Income Receivable Net From Row,Annual,,,,,,-25,-797.3454019338169,₹ Crore
2011-12,Back,1951-52,Primary Income Receivable Net From Row,Annual,,,,,,-35,-984.5482354313218,₹ Crore
2011-12,Back,1950-51,Primary Income Receivable Net From Row,Annual,,,,,,-41,-1573.890489034578,₹ Crore
2011-12,Back,2011-12,Gross National Income,Annual,,,,,,8659506.47110309,8659507.18027984,₹ Crore
2011-12,Back,2010-11,Gross National Income,Annual,,,,,,7552665.104367693,8211815.925877261,₹ Crore
2011-12,Back,2009-10,Gross National Income,Annual,,,,,,6328406.541716427,7606319.37372597,₹ Crore
2011-12,Back,2008-09,Gross National Income,Annual,,,,,,5481229.38466179,7052190.9557724735,₹ Crore
2011-12,Back,2007-08,Gross National Income,Annual,,,,,,4878150.059055483,6852739.525759476,₹ Crore
2011-12,Back,2006-07,Gross National Income,Annual,,,,,,4221394.983786545,6342388.809458317,₹ Crore
2011-12,Back,2005-06,Gross National Income,Annual,,,,,,3606008.660713486,5872935.886743296,₹ Crore
2011-12,Back,2004-05,Gross National Income,Annual,,,,,,3163956.923746411,5442938.231776901,₹ Crore
2011-12,Back,2003-04,Gross National Income,Annual,,,,,,2771822.1413903465,5043422.216032323,₹ Crore
2011-12,Back,2002-03,Gross National Income,Annual,,,,,,2475923.7846821565,4676256.681990197,₹ Crore
2011-12,Back,2001-02,Gross National Income,Annual,,,,,,2295174.95710135,4499694.548868368,₹ Crore
2011-12,Back,2000-01,Gross National Income,Annual,,,,,,2117152.690631502,4286909.648726012,₹ Crore
2011-12,Back,1999-2000,Gross National Income,Annual,,,,,,1972830.5728982026,4139291.9640622246,₹ Crore
2011-12,Back,1998-99,Gross National Income,Annual,,,,,,1757329.011714788,3803494.7228903784,₹ Crore
2011-12,Back,1997-98,Gross National Income,Annual,,,,,,1532088.8758435652,3581984.0519905584,₹ Crore
2011-12,Back,1996-97,Gross National Income,Annual,,,,,,1381733.9747008488,3436436.4415038023,₹ Crore
2011-12,Back,1995-96,Gross National Income,Annual,,,,,,1192098.6758199255,3192012.9008954787,₹ Crore
2011-12,Back,1994-95,Gross National Income,Annual,,,,,,1014487.0589251961,2967253.678318865,₹ Crore
2011-12,Back,1993-94,Gross National Income,Annual,,,,,,863912.4253768079,2780662.827039564,₹ Crore
2011-12,Back,1992-93,Gross National Income,Annual,,,,,,749550.9317364879,2650632.1031023245,₹ Crore
2011-12,Back,1991-92,Gross National Income,Annual,,,,,,652183.4835397131,2511621.9237157996,₹ Crore
2011-12,Back,1990-91,Gross National Income,Annual,,,,,,568564.2055692788,2486353.4309964897,₹ Crore
2011-12,Back,1989-90,Gross National Income,Annual,,,,,,487546.61357208237,2360178.0930874613,₹ Crore
2011-12,Back,1988-89,Gross National Income,Annual,,,,,,424866.99011957366,2227955.998249471,₹ Crore
2011-12,Back,1987-88,Gross National Income,Annual,,,,,,359245.703529916,2036744.4924449425,₹ Crore
2011-12,Back,1986-87,Gross National Income,Annual,,,,,,316560.9412846158,1962251.4820259633,₹ Crore
2011-12,Back,1985-86,Gross National Income,Annual,,,,,,283105.085390419,1873425.375525782,₹ Crore
2011-12,Back,1984-85,Gross National Income,Annual,,,,,,250764.24978613493,1779406.1718026686,₹ Crore
2011-12,Back,1983-84,Gross National Income,Annual,,,,,,224130.23896322772,1716327.3624240465,₹ Crore
2011-12,Back,1982-83,Gross National Income,Annual,,,,,,192620.563407853,1599939.7397227571,₹ Crore
2011-12,Back,1981-82,Gross National Income,Annual,,,,,,172815.5053220633,1550503.9471389153,₹ Crore
2011-12,Back,1980-81,Gross National Income,Annual,,,,,,147407.86837244104,1464389.626871512,₹ Crore
2011-12,Back,1979-80,Gross National Income,Annual,,,,,,123715.17926926915,1371460.2150422358,₹ Crore
2011-12,Back,1978-79,Gross National Income,Annual,,,,,,112515.36833568208,1445029.3777588147,₹ Crore
2011-12,Back,1977-78,Gross National Income,Annual,,,,,,103790.51986861814,1366654.5432613506,₹ Crore
2011-12,Back,1976-77,Gross National Income,Annual,,,,,,91578.68311455041,1273436.0870807471,₹ Crore
2011-12,Back,1975-76,Gross National Income,Annual,,,,,,84957.44968619935,1252240.0201294355,₹ Crore
2011-12,Back,1974-75,Gross National Income,Annual,,,,,,79086.87609877749,1146338.7709661517,₹ Crore
2011-12,Back,1973-74,Gross National Income,Annual,,,,,,66915.65647509601,1131632.8783010794,₹ Crore
2011-12,Back,1972-73,Gross National Income,Annual,,,,,,54943.33662253443,1094794.869016944,₹ Crore
2011-12,Back,1971-72,Gross National Income,Annual,,,,,,49828.91124563567,1100362.9002636103,₹ Crore
2011-12,Back,1970-71,Gross National Income,Annual,,,,,,46532.86229088824,1082340.4608623267,₹ Crore
2011-12,Back,1969-70,Gross National Income,Annual,,,,,,43564.99626263743,1029150.6137214864,₹ Crore
2011-12,Back,1968-69,Gross National Income,Annual,,,,,,39559.09190311727,966013.6842306245,₹ Crore
2011-12,Back,1967-68,Gross National Income,Annual,,,,,,37343.20665258471,933849.6424695697,₹ Crore
2011-12,Back,1966-67,Gross National Income,Annual,,,,,,31875.823423737314,866818.4809903776,₹ Crore
2011-12,Back,1965-66,Gross National Income,Annual,,,,,,28196.02174851713,867164.8927379717,₹ Crore
2011-12,Back,1964-65,Gross National Income,Annual,,,,,,26750.3492669218,891110.800295164,₹ Crore
2011-12,Back,1963-64,Gross National Income,Annual,,,,,,22946.035731817825,830072.0338577742,₹ Crore
2011-12,Back,1962-63,Gross National Income,Annual,,,,,,19968.87604629509,782930.812857968,₹ Crore
2011-12,Back,1961-62,Gross National Income,Annual,,,,,,18584.09359602767,761037.5972242143,₹ Crore
2011-12,Back,1960-61,Gross National Income,Annual,,,,,,17561.26040265425,734466.111377161,₹ Crore
2011-12,Back,1959-60,Gross National Income,Annual,,,,,,16044.745995685158,696487.7983110474,₹ Crore
2011-12,Back,1958-59,Gross National Income,Annual,,,,,,15248.468191138974,679555.3059168594,₹ Crore
2011-12,Back,1957-58,Gross National Income,Annual,,,,,,13690.441326901713,633039.1996499456,₹ Crore
2011-12,Back,1956-57,Gross National Income,Annual,,,,,,13296.90931978862,635961.8877146877,₹ Crore
2011-12,Back,1955-56,Gross National Income,Annual,,,,,,11164.781868388283,602536.7256547195,₹ Crore
2011-12,Back,1954-55,Gross National Income,Annual,,,,,,10948.121437669708,583005.4254569162,₹ Crore
2011-12,Back,1953-54,Gross National Income,Annual,,,,,,11587.705327483814,556544.7147013427,₹ Crore
2011-12,Back,1952-53,Gross National Income,Annual,,,,,,10638.43339040132,524122.1393365196,₹ Crore
2011-12,Back,1951-52,Gross National Income,Annual,,,,,,10828.347058601315,510504.86113500484,₹ Crore
2011-12,Back,1950-51,Gross National Income,Annual,,,,,,10180.629893855668,495274.23218237195,₹ Crore
2011-12,Back,2011-12,Other Current Transfers Net From Row,Annual,,,,,,304902,,₹ Crore
2011-12,Back,2010-11,Other Current Transfers Net From Row,Annual,,,,,,242001,,₹ Crore
2011-12,Back,2009-10,Other Current Transfers Net From Row,Annual,,,,,,247113,,₹ Crore
2011-12,Back,2008-09,Other Current Transfers Net From Row,Annual,,,,,,203209,,₹ Crore
2011-12,Back,2007-08,Other Current Transfers Net From Row,Annual,,,,,,167501,,₹ Crore
2011-12,Back,2006-07,Other Current Transfers Net From Row,Annual,,,,,,134608,,₹ Crore
2011-12,Back,2005-06,Other Current Transfers Net From Row,Annual,,,,,,108565,,₹ Crore
2011-12,Back,2004-05,Other Current Transfers Net From Row,Annual,,,,,,91971,,₹ Crore
2011-12,Back,2003-04,Other Current Transfers Net From Row,Annual,,,,,,99165,,₹ Crore
2011-12,Back,2002-03,Other Current Transfers Net From Row,Annual,,,,,,79229,,₹ Crore
2011-12,Back,2001-02,Other Current Transfers Net From Row,Annual,,,,,,73363,,₹ Crore
2011-12,Back,2000-01,Other Current Transfers Net From Row,Annual,,,,,,58811,,₹ Crore
2011-12,Back,1999-2000,Other Current Transfers Net From Row,Annual,,,,,,53132,,₹ Crore
2011-12,Back,1998-99,Other Current Transfers Net From Row,Annual,,,,,,43242,,₹ Crore
2011-12,Back,1997-98,Other Current Transfers Net From Row,Annual,,,,,,43764,,₹ Crore
2011-12,Back,1996-97,Other Current Transfers Net From Row,Annual,,,,,,43968,,₹ Crore
2011-12,Back,1995-96,Other Current Transfers Net From Row,Annual,,,,,,22112,,₹ Crore
2011-12,Back,1994-95,Other Current Transfers Net From Row,Annual,,,,,,25416,,₹ Crore
2011-12,Back,1993-94,Other Current Transfers Net From Row,Annual,,,,,,16514,,₹ Crore
2011-12,Back,1992-93,Other Current Transfers Net From Row,Annual,,,,,,11226,,₹ Crore
2011-12,Back,1991-92,Other Current Transfers Net From Row,Annual,,,,,,9382,,₹ Crore
2011-12,Back,1990-91,Other Current Transfers Net From Row,Annual,,,,,,3711,,₹ Crore
2011-12,Back,1989-90,Other Current Transfers Net From Row,Annual,,,,,,3798,,₹ Crore
2011-12,Back,1988-89,Other Current Transfers Net From Row,Annual,,,,,,3841,,₹ Crore
2011-12,Back,1987-88,Other Current Transfers Net From Row,Annual,,,,,,3499,,₹ Crore
2011-12,Back,1986-87,Other Current Transfers Net From Row,Annual,,,,,,2976,,₹ Crore
2011-12,Back,1985-86,Other Current Transfers Net From Row,Annual,,,,,,2821,,₹ Crore
2011-12,Back,1984-85,Other Current Transfers Net From Row,Annual,,,,,,3101,,₹ Crore
2011-12,Back,1983-84,Other Current Transfers Net From Row,Annual,,,,,,2774,,₹ Crore
2011-12,Back,1982-83,Other Current Transfers Net From Row,Annual,,,,,,2527,,₹ Crore
2011-12,Back,1981-82,Other Current Transfers Net From Row,Annual,,,,,,2221,,₹ Crore
2011-12,Back,1980-81,Other Current Transfers Net From Row,Annual,,,,,,2257,,₹ Crore
2011-12,Back,1979-80,Other Current Transfers Net From Row,Annual,,,,,,1624,,₹ Crore
2011-12,Back,1978-79,Other Current Transfers Net From Row,Annual,,,,,,1042,,₹ Crore
2011-12,Back,1977-78,Other Current Transfers Net From Row,Annual,,,,,,1022,,₹ Crore
2011-12,Back,1976-77,Other Current Transfers Net From Row,Annual,,,,,,739,,₹ Crore
2011-12,Back,1975-76,Other Current Transfers Net From Row,Annual,,,,,,528,,₹ Crore
2011-12,Back,1974-75,Other Current Transfers Net From Row,Annual,,,,,,274,,₹ Crore
2011-12,Back,1973-74,Other Current Transfers Net From Row,Annual,,,,,,192,,₹ Crore
2011-12,Back,1972-73,Other Current Transfers Net From Row,Annual,,,,,,154,,₹ Crore
2011-12,Back,1971-72,Other Current Transfers Net From Row,Annual,,,,,,163,,₹ Crore
2011-12,Back,1970-71,Other Current Transfers Net From Row,Annual,,,,,,123,,₹ Crore
2011-12,Back,1969-70,Other Current Transfers Net From Row,Annual,,,,,,125,,₹ Crore
2011-12,Back,1968-69,Other Current Transfers Net From Row,Annual,,,,,,128,,₹ Crore
2011-12,Back,1967-68,Other Current Transfers Net From Row,Annual,,,,,,102,,₹ Crore
2011-12,Back,1966-67,Other Current Transfers Net From Row,Annual,,,,,,90,,₹ Crore
2011-12,Back,1965-66,Other Current Transfers Net From Row,Annual,,,,,,79,,₹ Crore
2011-12,Back,1964-65,Other Current Transfers Net From Row,Annual,,,,,,39,,₹ Crore
2011-12,Back,1963-64,Other Current Transfers Net From Row,Annual,,,,,,42,,₹ Crore
2011-12,Back,1962-63,Other Current Transfers Net From Row,Annual,,,,,,34,,₹ Crore
2011-12,Back,1961-62,Other Current Transfers Net From Row,Annual,,,,,,35,,₹ Crore
2011-12,Back,1960-61,Other Current Transfers Net From Row,Annual,,,,,,28,,₹ Crore
2011-12,Back,1959-60,Other Current Transfers Net From Row,Annual,,,,,,78,,₹ Crore
2011-12,Back,1958-59,Other Current Transfers Net From Row,Annual,,,,,,77,,₹ Crore
2011-12,Back,1957-58,Other Current Transfers Net From Row,Annual,,,,,,78,,₹ Crore
2011-12,Back,1956-57,Other Current Transfers Net From Row,Annual,,,,,,85,,₹ Crore
2011-12,Back,1955-56,Other Current Transfers Net From Row,Annual,,,,,,90,,₹ Crore
2011-12,Back,1954-55,Other Current Transfers Net From Row,Annual,,,,,,57,,₹ Crore
2011-12,Back,1953-54,Other Current Transfers Net From Row,Annual,,,,,,60,,₹ Crore
2011-12,Back,1952-53,Other Current Transfers Net From Row,Annual,,,,,,57,,₹ Crore
2011-12,Back,1951-52,Other Current Transfers Net From Row,Annual,,,,,,47,,₹ Crore
2011-12,Back,1950-51,Other Current Transfers Net From Row,Annual,,,,,,37,,₹ Crore
2011-12,Back,2011-12,Gross National Disposable Income,Annual,,,,,,8964408.47110309,,₹ Crore
2011-12,Back,2010-11,Gross National Disposable Income,Annual,,,,,,7794666.104367693,,₹ Crore
2011-12,Back,2009-10,Gross National Disposable Income,Annual,,,,,,6575519.541716427,,₹ Crore
2011-12,Back,2008-09,Gross National Disposable Income,Annual,,,,,,5684438.38466179,,₹ Crore
2011-12,Back,2007-08,Gross National Disposable Income,Annual,,,,,,5045651.059055483,,₹ Crore
2011-12,Back,2006-07,Gross National Disposable Income,Annual,,,,,,4356002.983786545,,₹ Crore
2011-12,Back,2005-06,Gross National Disposable Income,Annual,,,,,,3714573.660713486,,₹ Crore
2011-12,Back,2004-05,Gross National Disposable Income,Annual,,,,,,3255927.923746411,,₹ Crore
2011-12,Back,2003-04,Gross National Disposable Income,Annual,,,,,,2870987.1413903465,,₹ Crore
2011-12,Back,2002-03,Gross National Disposable Income,Annual,,,,,,2555152.7846821565,,₹ Crore
2011-12,Back,2001-02,Gross National Disposable Income,Annual,,,,,,2368537.95710135,,₹ Crore
2011-12,Back,2000-01,Gross National Disposable Income,Annual,,,,,,2175963.690631502,,₹ Crore
2011-12,Back,1999-2000,Gross National Disposable Income,Annual,,,,,,2025962.5728982026,,₹ Crore
2011-12,Back,1998-99,Gross National Disposable Income,Annual,,,,,,1800571.011714788,,₹ Crore
2011-12,Back,1997-98,Gross National Disposable Income,Annual,,,,,,1575852.8758435652,,₹ Crore
2011-12,Back,1996-97,Gross National Disposable Income,Annual,,,,,,1425701.9747008488,,₹ Crore
2011-12,Back,1995-96,Gross National Disposable Income,Annual,,,,,,1214210.6758199255,,₹ Crore
2011-12,Back,1994-95,Gross National Disposable Income,Annual,,,,,,1039903.0589251961,,₹ Crore
2011-12,Back,1993-94,Gross National Disposable Income,Annual,,,,,,880426.4253768079,,₹ Crore
2011-12,Back,1992-93,Gross National Disposable Income,Annual,,,,,,760776.9317364879,,₹ Crore
2011-12,Back,1991-92,Gross National Disposable Income,Annual,,,,,,661565.4835397131,,₹ Crore
2011-12,Back,1990-91,Gross National Disposable Income,Annual,,,,,,572275.2055692788,,₹ Crore
2011-12,Back,1989-90,Gross National Disposable Income,Annual,,,,,,491344.61357208237,,₹ Crore
2011-12,Back,1988-89,Gross National Disposable Income,Annual,,,,,,428707.99011957366,,₹ Crore
2011-12,Back,1987-88,Gross National Disposable Income,Annual,,,,,,362744.703529916,,₹ Crore
2011-12,Back,1986-87,Gross National Disposable Income,Annual,,,,,,319536.9412846158,,₹ Crore
2011-12,Back,1985-86,Gross National Disposable Income,Annual,,,,,,285926.085390419,,₹ Crore
2011-12,Back,1984-85,Gross National Disposable Income,Annual,,,,,,253865.24978613493,,₹ Crore
2011-12,Back,1983-84,Gross National Disposable Income,Annual,,,,,,226904.23896322772,,₹ Crore
2011-12,Back,1982-83,Gross National Disposable Income,Annual,,,,,,195147.563407853,,₹ Crore
2011-12,Back,1981-82,Gross National Disposable Income,Annual,,,,,,175036.5053220633,,₹ Crore
2011-12,Back,1980-81,Gross National Disposable Income,Annual,,,,,,149664.86837244104,,₹ Crore
2011-12,Back,1979-80,Gross National Disposable Income,Annual,,,,,,125339.17926926915,,₹ Crore
2011-12,Back,1978-79,Gross National Disposable Income,Annual,,,,,,113557.36833568208,,₹ Crore
2011-12,Back,1977-78,Gross National Disposable Income,Annual,,,,,,104812.51986861814,,₹ Crore
2011-12,Back,1976-77,Gross National Disposable Income,Annual,,,,,,92317.68311455041,,₹ Crore
2011-12,Back,1975-76,Gross National Disposable Income,Annual,,,,,,85485.44968619935,,₹ Crore
2011-12,Back,1974-75,Gross National Disposable Income,Annual,,,,,,79360.87609877749,,₹ Crore
2011-12,Back,1973-74,Gross National Disposable Income,Annual,,,,,,67107.65647509601,,₹ Crore
2011-12,Back,1972-73,Gross National Disposable Income,Annual,,,,,,55097.33662253443,,₹ Crore
2011-12,Back,1971-72,Gross National Disposable Income,Annual,,,,,,49991.91124563567,,₹ Crore
2011-12,Back,1970-71,Gross National Disposable Income,Annual,,,,,,46655.86229088824,,₹ Crore
2011-12,Back,1969-70,Gross National Disposable Income,Annual,,,,,,43689.99626263743,,₹ Crore
2011-12,Back,1968-69,Gross National Disposable Income,Annual,,,,,,39687.09190311727,,₹ Crore
2011-12,Back,1967-68,Gross National Disposable Income,Annual,,,,,,37445.20665258471,,₹ Crore
2011-12,Back,1966-67,Gross National Disposable Income,Annual,,,,,,31965.823423737314,,₹ Crore
2011-12,Back,1965-66,Gross National Disposable Income,Annual,,,,,,28275.02174851713,,₹ Crore
2011-12,Back,1964-65,Gross National Disposable Income,Annual,,,,,,26789.3492669218,,₹ Crore
2011-12,Back,1963-64,Gross National Disposable Income,Annual,,,,,,22988.035731817825,,₹ Crore
2011-12,Back,1962-63,Gross National Disposable Income,Annual,,,,,,20002.87604629509,,₹ Crore
2011-12,Back,1961-62,Gross National Disposable Income,Annual,,,,,,18619.09359602767,,₹ Crore
2011-12,Back,1960-61,Gross National Disposable Income,Annual,,,,,,17589.26040265425,,₹ Crore
2011-12,Back,1959-60,Gross National Disposable Income,Annual,,,,,,16122.745995685158,,₹ Crore
2011-12,Back,1958-59,Gross National Disposable Income,Annual,,,,,,15325.468191138974,,₹ Crore
2011-12,Back,1957-58,Gross National Disposable Income,Annual,,,,,,13768.441326901713,,₹ Crore
2011-12,Back,1956-57,Gross National Disposable Income,Annual,,,,,,13381.90931978862,,₹ Crore
2011-12,Back,1955-56,Gross National Disposable Income,Annual,,,,,,11254.781868388283,,₹ Crore
2011-12,Back,1954-55,Gross National Disposable Income,Annual,,,,,,11005.121437669708,,₹ Crore
2011-12,Back,1953-54,Gross National Disposable Income,Annual,,,,,,11647.705327483814,,₹ Crore
2011-12,Back,1952-53,Gross National Disposable Income,Annual,,,,,,10695.43339040132,,₹ Crore
2011-12,Back,1951-52,Gross National Disposable Income,Annual,,,,,,10875.347058601315,,₹ Crore
2011-12,Back,1950-51,Gross National Disposable Income,Annual,,,,,,10217.629893855668,,₹ Crore
2011-12,Back,2011-12,Net Taxes on Products,Annual,,,,,,629383,629382.9764467645,₹ Crore
2011-12,Back,2010-11,Net Taxes on Products,Annual,,,,,,550801.4490623875,596720.6352131693,₹ Crore
2011-12,Back,2009-10,Net Taxes on Products,Annual,,,,,,391500.57360549085,519241.51194757223,₹ Crore
2011-12,Back,2008-09,Net Taxes on Products,Annual,,,,,,341314.3697638437,419187.4042547578,₹ Crore
2011-12,Back,2007-08,Net Taxes on Products,Annual,,,,,,408474.15520630777,482711.4623473417,₹ Crore
2011-12,Back,2006-07,Net Taxes on Products,Annual,,,,,,349734.001917684,433008.61366228014,₹ Crore
2011-12,Back,2005-06,Net Taxes on Products,Annual,,,,,,305210.9195726677,400385.7444255408,₹ Crore
2011-12,Back,2004-05,Net Taxes on Products,Annual,,,,,,282033.20189733617,387877.2691067271,₹ Crore
2011-12,Back,2003-04,Net Taxes on Products,Annual,,,,,,226065.31219873857,320965.22699771356,₹ Crore
2011-12,Back,2002-03,Net Taxes on Products,Annual,,,,,,201730.6447987198,301910.22095675487,₹ Crore
2011-12,Back,2001-02,Net Taxes on Products,Annual,,,,,,189152.09233902348,293861.11888400465,₹ Crore
2011-12,Back,2000-01,Net Taxes on Products,Annual,,,,,,184367.54587967135,301905.21174643654,₹ Crore
2011-12,Back,1999-2000,Net Taxes on Products,Annual,,,,,,172059.6507690912,302169.4276503846,₹ Crore
2011-12,Back,1998-99,Net Taxes on Products,Annual,,,,,,141278.3391705081,249949.17491749767,₹ Crore
2011-12,Back,1997-98,Net Taxes on Products,Annual,,,,,,130402.96743832622,251152.4182642852,₹ Crore
2011-12,Back,1996-97,Net Taxes on Products,Annual,,,,,,122453.6793811929,249159.78334466275,₹ Crore
2011-12,Back,1995-96,Net Taxes on Products,Annual,,,,,,112281.17526648333,243441.32546203677,₹ Crore
2011-12,Back,1994-95,Net Taxes on Products,Annual,,,,,,93780.00566775049,218912.62219935143,₹ Crore
2011-12,Back,1993-94,Net Taxes on Products,Annual,,,,,,76520.87585093942,198784.71413002815,₹ Crore
2011-12,Back,1992-93,Net Taxes on Products,Annual,,,,,,73379.8379521115,211700.13860675925,₹ Crore
2011-12,Back,1991-92,Net Taxes on Products,Annual,,,,,,62601.09331471776,198063.7023486346,₹ Crore
2011-12,Back,1990-91,Net Taxes on Products,Annual,,,,,,56316.86542825616,204533.97458239412,₹ Crore
2011-12,Back,1989-90,Net Taxes on Products,Annual,,,,,,47057.00992852339,188646.4001103337,₹ Crore
2011-12,Back,1988-89,Net Taxes on Products,Annual,,,,,,42026.09368588723,181688.51588627463,₹ Crore
2011-12,Back,1987-88,Net Taxes on Products,Annual,,,,,,37303.026279432466,174841.59935205686,₹ Crore
2011-12,Back,1986-87,Net Taxes on Products,Annual,,,,,,32063.063411069394,160660.20228142617,₹ Crore
2011-12,Back,1985-86,Net Taxes on Products,Annual,,,,,,27755.57087238421,145678.30831023585,₹ Crore
2011-12,Back,1984-85,Net Taxes on Products,Annual,,,,,,22389.857854377886,121090.35735808173,₹ Crore
2011-12,Back,1983-84,Net Taxes on Products,Annual,,,,,,20450.15706335142,118805.33335086587,₹ Crore
2011-12,Back,1982-83,Net Taxes on Products,Annual,,,,,,18315.65798335761,118567.05824276432,₹ Crore
2011-12,Back,1981-82,Net Taxes on Products,Annual,,,,,,16183.495670786477,106882.90218351269,₹ Crore
2011-12,Back,1980-81,Net Taxes on Products,Annual,,,,,,13318.037816425378,95912.66011608532,₹ Crore
2011-12,Back,1979-80,Net Taxes on Products,Annual,,,,,,11650.246114945257,95055.81320691179,₹ Crore
2011-12,Back,1978-79,Net Taxes on Products,Annual,,,,,,10112.922732043662,100831.85526259802,₹ Crore
2011-12,Back,1977-78,Net Taxes on Products,Annual,,,,,,8597.627432280075,92847.4751655648,₹ Crore
2011-12,Back,1976-77,Net Taxes on Products,Annual,,,,,,8200.549830357078,88950.04215072189,₹ Crore
2011-12,Back,1975-76,Net Taxes on Products,Annual,,,,,,7429.493940303975,82726.04929631599,₹ Crore
2011-12,Back,1974-75,Net Taxes on Products,Annual,,,,,,6141.663542084731,74356.56214794633,₹ Crore
2011-12,Back,1973-74,Net Taxes on Products,Annual,,,,,,5021.720483301986,73227.61622965243,₹ Crore
2011-12,Back,1972-73,Net Taxes on Products,Annual,,,,,,4476.284188172605,83265.4977337172,₹ Crore
2011-12,Back,1971-72,Net Taxes on Products,Annual,,,,,,3966.425840197713,86138.42964265938,₹ Crore
2011-12,Back,1970-71,Net Taxes on Products,Annual,,,,,,3438.1793123062816,78448.67550860136,₹ Crore
2011-12,Back,1969-70,Net Taxes on Products,Annual,,,,,,3057.325006857558,73284.93773782719,₹ Crore
2011-12,Back,1968-69,Net Taxes on Products,Annual,,,,,,2733.3364799781702,68589.68923117197,₹ Crore
2011-12,Back,1967-68,Net Taxes on Products,Annual,,,,,,2438.7792064374007,59712.57631809043,₹ Crore
2011-12,Back,1966-67,Net Taxes on Products,Annual,,,,,,2184.932215406974,57735.173230966786,₹ Crore
2011-12,Back,1965-66,Net Taxes on Products,Annual,,,,,,2072.592300707678,66422.58377936634,₹ Crore
2011-12,Back,1964-65,Net Taxes on Products,Annual,,,,,,1789.9419552769941,59462.04123793787,₹ Crore
2011-12,Back,1963-64,Net Taxes on Products,Annual,,,,,,1568.6111102885188,56286.080350114615,₹ Crore
2011-12,Back,1962-63,Net Taxes on Products,Annual,,,,,,1273.7660576944872,46596.77949372993,₹ Crore
2011-12,Back,1961-62,Net Taxes on Products,Annual,,,,,,1097.0563263028343,39524.98177908198,₹ Crore
2011-12,Back,1960-61,Net Taxes on Products,Annual,,,,,,969.1516549135122,33906.09625219216,₹ Crore
2011-12,Back,1959-60,Net Taxes on Products,Annual,,,,,,879.6605563892717,41995.64305179869,₹ Crore
2011-12,Back,1958-59,Net Taxes on Products,Annual,,,,,,791.13394126821,38188.992917751544,₹ Crore
2011-12,Back,1957-58,Net Taxes on Products,Annual,,,,,,755.1728308051242,36666.653802723624,₹ Crore
2011-12,Back,1956-57,Net Taxes on Products,Annual,,,,,,641.5832758793149,31973.89371228672,₹ Crore
2011-12,Back,1955-56,Net Taxes on Products,Annual,,,,,,559.523922813567,30902.086034735898,₹ Crore
2011-12,Back,1954-55,Net Taxes on Products,Annual,,,,,,530.0995447468886,26287.144073547795,₹ Crore
2011-12,Back,1953-54,Net Taxes on Products,Annual,,,,,,485.64678205306154,22193.34825698391,₹ Crore
2011-12,Back,1952-53,Net Taxes on Products,Annual,,,,,,450.19406415062076,20604.082158721692,₹ Crore
2011-12,Back,1951-52,Net Taxes on Products,Annual,,,,,,506.99784340647057,21090.54991661629,₹ Crore
2011-12,Back,1950-51,Net Taxes on Products,Annual,,,,,,412.59407072966314,17638.387449745554,₹ Crore
2011-12,Back,2011-12,Gross Saving,Annual,,,,,,3026837.1739242813,,₹ Crore
2011-12,Back,2010-11,Gross Saving,Annual,,,,,,2817807.2151936954,,₹ Crore
2011-12,Back,2009-10,Gross Saving,Annual,,,,,,2292685.7199491467,,₹ Crore
2011-12,Back,2008-09,Gross Saving,Annual,,,,,,1986268.4435146814,,₹ Crore
2011-12,Back,2007-08,Gross Saving,Annual,,,,,,1852642.7763451347,,₹ Crore
2011-12,Back,2006-07,Gross Saving,Annual,,,,,,1485990.6560385502,,₹ Crore
2011-12,Back,2005-06,Gross Saving,Annual,,,,,,1278386.7811600014,,₹ Crore
2011-12,Back,2004-05,Gross Saving,Annual,,,,,,1108167.0886219922,,₹ Crore
2011-12,Back,2003-04,Gross Saving,Annual,,,,,,826056.4545664432,,₹ Crore
2011-12,Back,2002-03,Gross Saving,Annual,,,,,,668327.852906808,,₹ Crore
2011-12,Back,2001-02,Gross Saving,Annual,,,,,,603109.5064043103,,₹ Crore
2011-12,Back,2000-01,Gross Saving,Annual,,,,,,531523.4138530003,,₹ Crore
2011-12,Back,1999-2000,Gross Saving,Annual,,,,,,523256.06278640154,,₹ Crore
2011-12,Back,1998-99,Gross Saving,Annual,,,,,,420621.90525881684,,₹ Crore
2011-12,Back,1997-98,Gross Saving,Annual,,,,,,379062.4084291445,,₹ Crore
2011-12,Back,1996-97,Gross Saving,Annual,,,,,,318125.5805103763,,₹ Crore
2011-12,Back,1995-96,Gross Saving,Annual,,,,,,288645.91333965724,,₹ Crore
2011-12,Back,1994-95,Gross Saving,Annual,,,,,,247176.80854118592,,₹ Crore
2011-12,Back,1993-94,Gross Saving,Annual,,,,,,194277.82044277902,,₹ Crore
2011-12,Back,1992-93,Gross Saving,Annual,,,,,,164940.10338541254,,₹ Crore
2011-12,Back,1991-92,Gross Saving,Annual,,,,,,143175.85381578593,,₹ Crore
2011-12,Back,1990-91,Gross Saving,Annual,,,,,,134420.21797086377,,₹ Crore
2011-12,Back,1989-90,Gross Saving,Annual,,,,,,107340.76632319254,,₹ Crore
2011-12,Back,1988-89,Gross Saving,Annual,,,,,,87868.13930196642,,₹ Crore
2011-12,Back,1987-88,Gross Saving,Annual,,,,,,73488.26633078064,,₹ Crore
2011-12,Back,1986-87,Gross Saving,Annual,,,,,,57825.42597298369,,₹ Crore
2011-12,Back,1985-86,Gross Saving,Annual,,,,,,52249.421086096525,,₹ Crore
2011-12,Back,1984-85,Gross Saving,Annual,,,,,,44864.453320238295,,₹ Crore
2011-12,Back,1983-84,Gross Saving,Annual,,,,,,38009.895896443006,,₹ Crore
2011-12,Back,1982-83,Gross Saving,Annual,,,,,,33315.70723834542,,₹ Crore
2011-12,Back,1981-82,Gross Saving,Annual,,,,,,28989.20214629369,,₹ Crore
2011-12,Back,1980-81,Gross Saving,Annual,,,,,,25307.01170202085,,₹ Crore
2011-12,Back,1979-80,Gross Saving,Annual,,,,,,23770.92162071161,,₹ Crore
2011-12,Back,1978-79,Gross Saving,Annual,,,,,,22879.91658135358,,₹ Crore
2011-12,Back,1977-78,Gross Saving,Annual,,,,,,19300.78993831227,,₹ Crore
2011-12,Back,1976-77,Gross Saving,Annual,,,,,,16585.57892931485,,₹ Crore
2011-12,Back,1975-76,Gross Saving,Annual,,,,,,14169.040949666334,,₹ Crore
2011-12,Back,1974-75,Gross Saving,Annual,,,,,,12803.010400395095,,₹ Crore
2011-12,Back,1973-74,Gross Saving,Annual,,,,,,10983.741519122785,,₹ Crore
2011-12,Back,1972-73,Gross Saving,Annual,,,,,,7599.4357189091215,,₹ Crore
2011-12,Back,1971-72,Gross Saving,Annual,,,,,,7351.494900583995,,₹ Crore
2011-12,Back,1970-71,Gross Saving,Annual,,,,,,6494.234340636293,,₹ Crore
2011-12,Back,1969-70,Gross Saving,Annual,,,,,,6116.454143849038,,₹ Crore
2011-12,Back,1968-69,Gross Saving,Annual,,,,,,4730.096821382461,,₹ Crore
2011-12,Back,1967-68,Gross Saving,Annual,,,,,,4511.066266914787,,₹ Crore
2011-12,Back,1966-67,Gross Saving,Annual,,,,,,4403.144289013513,,₹ Crore
2011-12,Back,1965-66,Gross Saving,Annual,,,,,,3941.301420765516,,₹ Crore
2011-12,Back,1964-65,Gross Saving,Annual,,,,,,3208.175540301079,,₹ Crore
2011-12,Back,1963-64,Gross Saving,Annual,,,,,,2782.8708868232998,,₹ Crore
2011-12,Back,1962-63,Gross Saving,Annual,,,,,,2506.7333471178213,,₹ Crore
2011-12,Back,1961-62,Gross Saving,Annual,,,,,,2117.372089191762,,₹ Crore
2011-12,Back,1960-61,Gross Saving,Annual,,,,,,1997.8835901592538,,₹ Crore
2011-12,Back,1959-60,Gross Saving,Annual,,,,,,1756.72902100694,,₹ Crore
2011-12,Back,1958-59,Gross Saving,Annual,,,,,,1407.313667398892,,₹ Crore
2011-12,Back,1957-58,Gross Saving,Annual,,,,,,1439.597289310202,,₹ Crore
2011-12,Back,1956-57,Gross Saving,Annual,,,,,,1650.872684381151,,₹ Crore
2011-12,Back,1955-56,Gross Saving,Annual,,,,,,1386.828318802996,,₹ Crore
2011-12,Back,1954-55,Gross Saving,Annual,,,,,,1074.8548079554675,,₹ Crore
2011-12,Back,1953-54,Gross Saving,Annual,,,,,,917.2407640082632,,₹ Crore
2011-12,Back,1952-53,Gross Saving,Annual,,,,,,925.205505688973,,₹ Crore
2011-12,Back,1951-52,Gross Saving,Annual,,,,,,1031.2227735979384,,₹ Crore
2011-12,Back,1950-51,Gross Saving,Annual,,,,,,956.0241570356098,,₹ Crore
2011-12,Back,2011-12,Gross Domestic Product,Annual,,,,,,8736331,8736331.18027984,₹ Crore
2011-12,Back,2010-11,Gross Domestic Product,Annual,,,,,,7634472.104367693,8301234.844178709,₹ Crore
2011-12,Back,2009-10,Gross Domestic Product,Annual,,,,,,6366406.54171643,7651078.00971842,₹ Crore
2011-12,Back,2008-09,Gross Domestic Product,Annual,,,,,,5514152.38466179,7093402.584075127,₹ Crore
2011-12,Back,2007-08,Gross Domestic Product,Annual,,,,,,4898662.059055483,6881006.684275478,₹ Crore
2011-12,Back,2006-07,Gross Domestic Product,Annual,,,,,,4254628.983786545,6391375.246527044,₹ Crore
2011-12,Back,2005-06,Gross Domestic Product,Annual,,,,,,3632124.660713486,5914614.027075975,₹ Crore
2011-12,Back,2004-05,Gross Domestic Product,Annual,,,,,,3186331.923746411,5480379.925862626,₹ Crore
2011-12,Back,2003-04,Gross Domestic Product,Annual,,,,,,2792530.1413903465,5078049.298745882,₹ Crore
2011-12,Back,2002-03,Gross Domestic Product,Annual,,,,,,2492613.7846821565,4707983.811369652,₹ Crore
2011-12,Back,2001-02,Gross Domestic Product,Annual,,,,,,2315242.95710135,4535456.177664166,₹ Crore
2011-12,Back,2000-01,Gross Domestic Product,Annual,,,,,,2139885.690631502,4326735.897630602,₹ Crore
2011-12,Back,1999-2000,Gross Domestic Product,Annual,,,,,,1988261.5728982026,4166693.5662171585,₹ Crore
2011-12,Back,1998-99,Gross Domestic Product,Annual,,,,,,1772297.011714788,3828071.7008558554,₹ Crore
2011-12,Back,1997-98,Gross Domestic Product,Annual,,,,,,1545293.8758435652,3605116.316992765,₹ Crore
2011-12,Back,1996-97,Gross Domestic Product,Annual,,,,,,1394815.9747008488,3464798.197223495,₹ Crore
2011-12,Back,1995-96,Gross Domestic Product,Annual,,,,,,1205582.6758199255,3221583.9966318933,₹ Crore
2011-12,Back,1994-95,Gross Domestic Product,Annual,,,,,,1027570.0589251961,2994747.120361487,₹ Crore
2011-12,Back,1993-94,Gross Domestic Product,Annual,,,,,,875992.4253768079,2807779.2332412372,₹ Crore
2011-12,Back,1992-93,Gross Domestic Product,Annual,,,,,,761195.9317364879,2680437.639289931,₹ Crore
2011-12,Back,1991-92,Gross Domestic Product,Annual,,,,,,662260.4835397131,2541123.201963485,₹ Crore
2011-12,Back,1990-91,Gross Domestic Product,Annual,,,,,,576109.2055692788,2514548.6613106197,₹ Crore
2011-12,Back,1989-90,Gross Domestic Product,Annual,,,,,,493277.61357208237,2382702.88006915,₹ Crore
2011-12,Back,1988-89,Gross Domestic Product,Annual,,,,,,429362.99011957366,2248950.096546203,₹ Crore
2011-12,Back,1987-88,Gross Domestic Product,Annual,,,,,,361864.703529916,2051441.7391715997,₹ Crore
2011-12,Back,1986-87,Gross Domestic Product,Annual,,,,,,318365.9412846158,1973197.4431899765,₹ Crore
2011-12,Back,1985-86,Gross Domestic Product,Annual,,,,,,284534.085390419,1883243.1267542297,₹ Crore
2011-12,Back,1984-85,Gross Domestic Product,Annual,,,,,,252188.24978613493,1789231.5474531977,₹ Crore
2011-12,Back,1983-84,Gross Domestic Product,Annual,,,,,,225074.23896322772,1723385.5050571247,₹ Crore
2011-12,Back,1982-83,Gross Domestic Product,Annual,,,,,,193254.563407853,1606303.7453871462,₹ Crore
2011-12,Back,1981-82,Gross Domestic Product,Annual,,,,,,172775.5053220633,1552348.2608783862,₹ Crore
2011-12,Back,1980-81,Gross Domestic Product,Annual,,,,,,147062.86837244104,1464393.7881099654,₹ Crore
2011-12,Back,1979-80,Gross Domestic Product,Annual,,,,,,123562.17926926915,1371979.6851198978,₹ Crore
2011-12,Back,1978-79,Gross Domestic Product,Annual,,,,,,112671.36833568208,1447819.094495436,₹ Crore
2011-12,Back,1977-78,Gross Domestic Product,Annual,,,,,,104023.51986861814,1369581.321991691,₹ Crore
2011-12,Back,1976-77,Gross Domestic Product,Annual,,,,,,91811.68311455041,1276942.1734133025,₹ Crore
2011-12,Back,1975-76,Gross Domestic Product,Annual,,,,,,85212.44968619935,1256052.715031831,₹ Crore
2011-12,Back,1974-75,Gross Domestic Product,Annual,,,,,,79377.87609877749,1150759.2556386567,₹ Crore
2011-12,Back,1973-74,Gross Domestic Product,Annual,,,,,,67240.65647509601,1137278.6790744734,₹ Crore
2011-12,Back,1972-73,Gross Domestic Product,Annual,,,,,,55245.33662253443,1100995.1511698805,₹ Crore
2011-12,Back,1971-72,Gross Domestic Product,Annual,,,,,,50119.91124563567,1107120.8654480118,₹ Crore
2011-12,Back,1970-71,Gross Domestic Product,Annual,,,,,,46816.86229088824,1089225.6463549517,₹ Crore
2011-12,Back,1969-70,Gross Domestic Product,Annual,,,,,,43835.99626263743,1035806.7144680637,₹ Crore
2011-12,Back,1968-69,Gross Domestic Product,Annual,,,,,,39814.09190311727,972226.0449274299,₹ Crore
2011-12,Back,1967-68,Gross Domestic Product,Annual,,,,,,37601.20665258471,940367.0744505933,₹ Crore
2011-12,Back,1966-67,Gross Domestic Product,Annual,,,,,,32105.823423737314,872115.6278345287,₹ Crore
2011-12,Back,1965-66,Gross Domestic Product,Annual,,,,,,28360.02174851713,872598.4258090976,₹ Crore
2011-12,Back,1964-65,Gross Domestic Product,Annual,,,,,,26895.3492669218,896220.7443058175,₹ Crore
2011-12,Back,1963-64,Gross Domestic Product,Annual,,,,,,23058.035731817825,834058.7608674427,₹ Crore
2011-12,Back,1962-63,Gross Domestic Product,Annual,,,,,,20076.87604629509,786889.8061145258,₹ Crore
2011-12,Back,1961-62,Gross Domestic Product,Annual,,,,,,18682.09359602767,764481.8660956601,₹ Crore
2011-12,Back,1960-61,Gross Domestic Product,Annual,,,,,,17633.26040265425,737043.6294187462,₹ Crore
2011-12,Back,1959-60,Gross Domestic Product,Annual,,,,,,16101.745995685158,698644.0976154071,₹ Crore
2011-12,Back,1958-59,Gross Domestic Product,Annual,,,,,,15283.468191138974,680775.5910537316,₹ Crore
2011-12,Back,1957-58,Gross Domestic Product,Annual,,,,,,13710.441326901713,633926.6797494888,₹ Crore
2011-12,Back,1956-57,Gross Domestic Product,Annual,,,,,,13313.90931978862,636544.2965300129,₹ Crore
2011-12,Back,1955-56,Gross Domestic Product,Annual,,,,,,11174.781868388283,602911.131321714,₹ Crore
2011-12,Back,1954-55,Gross Domestic Product,Annual,,,,,,10977.121437669708,584010.7740071802,₹ Crore
2011-12,Back,1953-54,Gross Domestic Product,Annual,,,,,,11606.705327483814,557203.3913377225,₹ Crore
2011-12,Back,1952-53,Gross Domestic Product,Annual,,,,,,10663.43339040132,524919.4847384531,₹ Crore
2011-12,Back,1951-52,Gross Domestic Product,Annual,,,,,,10863.347058601315,511489.4093704358,₹ Crore
2011-12,Back,1950-51,Gross Domestic Product,Annual,,,,,,10221.629893855668,496848.1226714062,₹ Crore
2011-12,Back,2011-12,Consumption of Fixed Capital,Annual,,,,,,917174.940811059,917174.940811059,₹ Crore
2011-12,Back,2010-11,Consumption of Fixed Capital,Annual,,,,,,795944.6527012339,838431.9122222129,₹ Crore
2011-12,Back,2009-10,Consumption of Fixed Capital,Annual,,,,,,690280.7298282061,768600.8095497016,₹ Crore
2011-12,Back,2008-09,Consumption of Fixed Capital,Annual,,,,,,593393.4586976859,693547.247467261,₹ Crore
2011-12,Back,2007-08,Consumption of Fixed Capital,Annual,,,,,,508935.6057653567,633674.9997199277,₹ Crore
2011-12,Back,2006-07,Consumption of Fixed Capital,Annual,,,,,,438326.88128507003,571823.3168145955,₹ Crore
2011-12,Back,2005-06,Consumption of Fixed Capital,Annual,,,,,,379968.34165690327,521311.7945505965,₹ Crore
2011-12,Back,2004-05,Consumption of Fixed Capital,Annual,,,,,,333959.2527167606,475848.32877361873,₹ Crore
2011-12,Back,2003-04,Consumption of Fixed Capital,Annual,,,,,,284459.16676334187,434341.2835551106,₹ Crore
2011-12,Back,2002-03,Consumption of Fixed Capital,Annual,,,,,,256816.91942538074,408026.9611362613,₹ Crore
2011-12,Back,2001-02,Consumption of Fixed Capital,Annual,,,,,,238169.17146359794,386836.1592914853,₹ Crore
2011-12,Back,2000-01,Consumption of Fixed Capital,Annual,,,,,,215005.01613116206,362211.61680837546,₹ Crore
2011-12,Back,1999-2000,Consumption of Fixed Capital,Annual,,,,,,193526.9209722172,338732.3782045203,₹ Crore
2011-12,Back,1998-99,Consumption of Fixed Capital,Annual,,,,,,169652.61235605518,314176.56501970196,₹ Crore
2011-12,Back,1997-98,Consumption of Fixed Capital,Annual,,,,,,152508.04838426635,294068.5892558384,₹ Crore
2011-12,Back,1996-97,Consumption of Fixed Capital,Annual,,,,,,134384.31241758208,273399.62188005686,₹ Crore
2011-12,Back,1995-96,Consumption of Fixed Capital,Annual,,,,,,116597.97010914248,257714.68165112668,₹ Crore
2011-12,Back,1994-95,Consumption of Fixed Capital,Annual,,,,,,100110.20712098865,243289.2322481294,₹ Crore
2011-12,Back,1993-94,Consumption of Fixed Capital,Annual,,,,,,86018.43846625347,228862.8261471514,₹ Crore
2011-12,Back,1992-93,Consumption of Fixed Capital,Annual,,,,,,76829.08860401904,219478.53376454476,₹ Crore
2011-12,Back,1991-92,Consumption of Fixed Capital,Annual,,,,,,67130.00560968168,207667.79629241535,₹ Crore
2011-12,Back,1990-91,Consumption of Fixed Capital,Annual,,,,,,54598.28706192125,194275.06223305428,₹ Crore
2011-12,Back,1989-90,Consumption of Fixed Capital,Annual,,,,,,46983.45140290342,181799.08755229498,₹ Crore
2011-12,Back,1988-89,Consumption of Fixed Capital,Annual,,,,,,40456.713644438234,172019.24132522586,₹ Crore
2011-12,Back,1987-88,Consumption of Fixed Capital,Annual,,,,,,34706.52466376713,164017.43705809073,₹ Crore
2011-12,Back,1986-87,Consumption of Fixed Capital,Annual,,,,,,29625.559182989844,153473.09948164612,₹ Crore
2011-12,Back,1985-86,Consumption of Fixed Capital,Annual,,,,,,26254.232547298416,145216.21020049736,₹ Crore
2011-12,Back,1984-85,Consumption of Fixed Capital,Annual,,,,,,21924.05973004462,136778.65607251582,₹ Crore
2011-12,Back,1983-84,Consumption of Fixed Capital,Annual,,,,,,18783.63960406814,128445.62512338132,₹ Crore
2011-12,Back,1982-83,Consumption of Fixed Capital,Annual,,,,,,16903.384924729748,123206.55382281033,₹ Crore
2011-12,Back,1981-82,Consumption of Fixed Capital,Annual,,,,,,14580.165733996688,116844.50179992586,₹ Crore
2011-12,Back,1980-81,Consumption of Fixed Capital,Annual,,,,,,11937.775553098705,111458.59200020018,₹ Crore
2011-12,Back,1979-80,Consumption of Fixed Capital,Annual,,,,,,10318.100923438404,105937.7605494678,₹ Crore
2011-12,Back,1978-79,Consumption of Fixed Capital,Annual,,,,,,8444.184293153263,101188.06779659544,₹ Crore
2011-12,Back,1977-78,Consumption of Fixed Capital,Annual,,,,,,7613.349916789794,97302.33932613437,₹ Crore
2011-12,Back,1976-77,Consumption of Fixed Capital,Annual,,,,,,7090.081092402457,93510.85707254462,₹ Crore
2011-12,Back,1975-76,Consumption of Fixed Capital,Annual,,,,,,6543.675673125311,88173.57415382877,₹ Crore
2011-12,Back,1974-75,Consumption of Fixed Capital,Annual,,,,,,5553.897300515091,84080.0920440961,₹ Crore
2011-12,Back,1973-74,Consumption of Fixed Capital,Annual,,,,,,4323.334085625584,79511.14624465306,₹ Crore
2011-12,Back,1972-73,Consumption of Fixed Capital,Annual,,,,,,3590.4487440611324,76341.53444447127,₹ Crore
2011-12,Back,1971-72,Consumption of Fixed Capital,Annual,,,,,,3217.947025929715,73540.61492053047,₹ Crore
2011-12,Back,1970-71,Consumption of Fixed Capital,Annual,,,,,,2935.139997752811,70583.50478349316,₹ Crore
2011-12,Back,1969-70,Consumption of Fixed Capital,Annual,,,,,,2440.245175468101,63950.84406038695,₹ Crore
2011-12,Back,1968-69,Consumption of Fixed Capital,Annual,,,,,,2117.781705218186,60129.8100981491,₹ Crore
2011-12,Back,1967-68,Consumption of Fixed Capital,Annual,,,,,,1976.0004190312438,57221.83264007293,₹ Crore
2011-12,Back,1966-67,Consumption of Fixed Capital,Annual,,,,,,1730.40081407955,53866.10976227323,₹ Crore
2011-12,Back,1965-66,Consumption of Fixed Capital,Annual,,,,,,1481.7411091708605,50624.54193657207,₹ Crore
2011-12,Back,1964-65,Consumption of Fixed Capital,Annual,,,,,,1327.06431418568,48355.34332076683,₹ Crore
2011-12,Back,1963-64,Consumption of Fixed Capital,Annual,,,,,,1169.5274980928086,45447.53139416723,₹ Crore
2011-12,Back,1962-63,Consumption of Fixed Capital,Annual,,,,,,1052.1909427466053,43421.71631615296,₹ Crore
2011-12,Back,1961-62,Consumption of Fixed Capital,Annual,,,,,,975.7223597922286,41445.421292937106,₹ Crore
2011-12,Back,1960-61,Consumption of Fixed Capital,Annual,,,,,,881.4142217257099,39896.66483125246,₹ Crore
2011-12,Back,1959-60,Consumption of Fixed Capital,Annual,,,,,,832.2745804324044,40064.343720337405,₹ Crore
2011-12,Back,1958-59,Consumption of Fixed Capital,Annual,,,,,,786.1306751817546,39122.29867366514,₹ Crore
2011-12,Back,1957-58,Consumption of Fixed Capital,Annual,,,,,,722.3695562164555,37097.850775377905,₹ Crore
2011-12,Back,1956-57,Consumption of Fixed Capital,Annual,,,,,,649.6891684424663,36225.922878468584,₹ Crore
2011-12,Back,1955-56,Consumption of Fixed Capital,Annual,,,,,,604.2912382596177,35037.432086536624,₹ Crore
2011-12,Back,1954-55,Consumption of Fixed Capital,Annual,,,,,,565.8880067016745,34612.25827247944,₹ Crore
2011-12,Back,1953-54,Consumption of Fixed Capital,Annual,,,,,,646.5271392065415,42055.66023277062,₹ Crore
2011-12,Back,1952-53,Consumption of Fixed Capital,Annual,,,,,,689.8282834661325,43391.18746925876,₹ Crore
2011-12,Back,1951-52,Consumption of Fixed Capital,Annual,,,,,,692.3981405771428,45018.6194776606,₹ Crore
2011-12,Back,1950-51,Consumption of Fixed Capital,Annual,,,,,,649.4144489593563,46791.52604866358,₹ Crore
2011-12,Back,2011-12,Net Domestic Product,Annual,,,,,,7819156.0591889415,7819156.239468781,₹ Crore
2011-12,Back,2010-11,Net Domestic Product,Annual,,,,,,6838527.451666459,7462802.931956496,₹ Crore
2011-12,Back,2009-10,Net Domestic Product,Annual,,,,,,5676125.811888221,6882477.200168719,₹ Crore
2011-12,Back,2008-09,Net Domestic Product,Annual,,,,,,4920758.925964104,6399855.336607866,₹ Crore
2011-12,Back,2007-08,Net Domestic Product,Annual,,,,,,4389726.453290126,6247331.68455555,₹ Crore
2011-12,Back,2006-07,Net Domestic Product,Annual,,,,,,3816302.102501475,5819551.929712448,₹ Crore
2011-12,Back,2005-06,Net Domestic Product,Annual,,,,,,3252156.3190565826,5393302.232525378,₹ Crore
2011-12,Back,2004-05,Net Domestic Product,Annual,,,,,,2852372.6710296506,5004531.5970890075,₹ Crore
2011-12,Back,2003-04,Net Domestic Product,Annual,,,,,,2508070.9746270045,4643708.015190771,₹ Crore
2011-12,Back,2002-03,Net Domestic Product,Annual,,,,,,2235796.8652567756,4299956.850233391,₹ Crore
2011-12,Back,2001-02,Net Domestic Product,Annual,,,,,,2077073.7856377522,4148620.018372681,₹ Crore
2011-12,Back,2000-01,Net Domestic Product,Annual,,,,,,1924880.6745003397,3964524.280822227,₹ Crore
2011-12,Back,1999-2000,Net Domestic Product,Annual,,,,,,1794734.6519259855,3827961.188012638,₹ Crore
2011-12,Back,1998-99,Net Domestic Product,Annual,,,,,,1602644.3993587326,3513895.1358361533,₹ Crore
2011-12,Back,1997-98,Net Domestic Product,Annual,,,,,,1392785.8274592988,3311047.7277369266,₹ Crore
2011-12,Back,1996-97,Net Domestic Product,Annual,,,,,,1260431.6622832667,3191398.5753434384,₹ Crore
2011-12,Back,1995-96,Net Domestic Product,Annual,,,,,,1088984.7057107831,2963869.3149807667,₹ Crore
2011-12,Back,1994-95,Net Domestic Product,Annual,,,,,,927459.8518042074,2751457.8881133576,₹ Crore
2011-12,Back,1993-94,Net Domestic Product,Annual,,,,,,789973.9869105545,2578916.4070940856,₹ Crore
2011-12,Back,1992-93,Net Domestic Product,Annual,,,,,,684366.8431324689,2460959.105525386,₹ Crore
2011-12,Back,1991-92,Net Domestic Product,Annual,,,,,,595130.4779300314,2333455.40567107,₹ Crore
2011-12,Back,1990-91,Net Domestic Product,Annual,,,,,,521510.91850735754,2320273.5990775656,₹ Crore
2011-12,Back,1989-90,Net Domestic Product,Annual,,,,,,446294.16216917895,2200903.792516855,₹ Crore
2011-12,Back,1988-89,Net Domestic Product,Annual,,,,,,388906.2764751354,2076930.855220977,₹ Crore
2011-12,Back,1987-88,Net Domestic Product,Annual,,,,,,327158.17886614887,1887424.302113509,₹ Crore
2011-12,Back,1986-87,Net Domestic Product,Annual,,,,,,288740.38210162596,1819724.3437083303,₹ Crore
2011-12,Back,1985-86,Net Domestic Product,Annual,,,,,,258279.85284312058,1738026.9165537322,₹ Crore
2011-12,Back,1984-85,Net Domestic Product,Annual,,,,,,230264.1900560903,1652452.891380682,₹ Crore
2011-12,Back,1983-84,Net Domestic Product,Annual,,,,,,206290.5993591596,1594939.8799337433,₹ Crore
2011-12,Back,1982-83,Net Domestic Product,Annual,,,,,,176351.17848312325,1483097.191564336,₹ Crore
2011-12,Back,1981-82,Net Domestic Product,Annual,,,,,,158195.33958806662,1435503.7590784603,₹ Crore
2011-12,Back,1980-81,Net Domestic Product,Annual,,,,,,135125.09281934233,1352935.1961097652,₹ Crore
2011-12,Back,1979-80,Net Domestic Product,Annual,,,,,,113244.07834583076,1266041.92457043,₹ Crore
2011-12,Back,1978-79,Net Domestic Product,Annual,,,,,,104227.18404252882,1346631.0266988405,₹ Crore
2011-12,Back,1977-78,Net Domestic Product,Annual,,,,,,96410.16995182834,1272278.9826655565,₹ Crore
2011-12,Back,1976-77,Net Domestic Product,Annual,,,,,,84721.60202214796,1183431.316340758,₹ Crore
2011-12,Back,1975-76,Net Domestic Product,Annual,,,,,,78668.77401307404,1167879.1408780024,₹ Crore
2011-12,Back,1974-75,Net Domestic Product,Annual,,,,,,73823.9787982624,1066679.1635945605,₹ Crore
2011-12,Back,1973-74,Net Domestic Product,Annual,,,,,,62917.32238947043,1057767.5328298204,₹ Crore
2011-12,Back,1972-73,Net Domestic Product,Annual,,,,,,51654.887878473295,1024653.6167254093,₹ Crore
2011-12,Back,1971-72,Net Domestic Product,Annual,,,,,,46901.96421970595,1033580.2505274813,₹ Crore
2011-12,Back,1970-71,Net Domestic Product,Annual,,,,,,43881.722293135426,1018642.1415714585,₹ Crore
2011-12,Back,1969-70,Net Domestic Product,Annual,,,,,,41395.75108716933,971855.8704076767,₹ Crore
2011-12,Back,1968-69,Net Domestic Product,Annual,,,,,,37696.31019789908,912096.2348292808,₹ Crore
2011-12,Back,1967-68,Net Domestic Product,Annual,,,,,,35625.206233553465,883145.2418105204,₹ Crore
2011-12,Back,1966-67,Net Domestic Product,Annual,,,,,,30375.422609657766,818249.5180722554,₹ Crore
2011-12,Back,1965-66,Net Domestic Product,Annual,,,,,,26878.28063934627,821973.8838725255,₹ Crore
2011-12,Back,1964-65,Net Domestic Product,Annual,,,,,,25568.284952736118,847865.4009850507,₹ Crore
2011-12,Back,1963-64,Net Domestic Product,Annual,,,,,,21888.508233725017,788611.2294732755,₹ Crore
2011-12,Back,1962-63,Net Domestic Product,Annual,,,,,,19024.685103548483,743468.0897983728,₹ Crore
2011-12,Back,1961-62,Net Domestic Product,Annual,,,,,,17706.37123623544,723036.444802723,₹ Crore
2011-12,Back,1960-61,Net Domestic Product,Annual,,,,,,16751.84618092854,697146.9645874938,₹ Crore
2011-12,Back,1959-60,Net Domestic Product,Annual,,,,,,15269.471415252754,658579.7538950697,₹ Crore
2011-12,Back,1958-59,Net Domestic Product,Annual,,,,,,14497.33751595722,641653.2923800665,₹ Crore
2011-12,Back,1957-58,Net Domestic Product,Annual,,,,,,12988.071770685257,596828.8289741109,₹ Crore
2011-12,Back,1956-57,Net Domestic Product,Annual,,,,,,12664.220151346153,600318.3736515443,₹ Crore
2011-12,Back,1955-56,Net Domestic Product,Annual,,,,,,10570.490630128666,567873.6992351774,₹ Crore
2011-12,Back,1954-55,Net Domestic Product,Annual,,,,,,10411.233430968034,549398.5157347008,₹ Crore
2011-12,Back,1953-54,Net Domestic Product,Annual,,,,,,10960.178188277274,515147.73110495193,₹ Crore
2011-12,Back,1952-53,Net Domestic Product,Annual,,,,,,9973.605106935187,481528.29726919427,₹ Crore
2011-12,Back,1951-52,Net Domestic Product,Annual,,,,,,10170.948918024173,466470.78989277524,₹ Crore
2011-12,Back,1950-51,Net Domestic Product,Annual,,,,,,9572.215444896312,450056.5966227426,₹ Crore
2011-12,Back,2011-12,Gross Capital Formation by Industry of Use,Annual,,,,,,3403008,3403008,₹ Crore
2011-12,Back,2010-11,Gross Capital Formation by Industry of Use,Annual,,,,,,3037520,3330444,₹ Crore
2011-12,Back,2009-10,Gross Capital Formation by Industry of Use,Annual,,,,,,2473478,2772552,₹ Crore
2011-12,Back,2008-09,Gross Capital Formation by Industry of Use,Annual,,,,,,2115027,2456984,₹ Crore
2011-12,Back,2007-08,Gross Capital Formation by Industry of Use,Annual,,,,,,1917072,2663579,₹ Crore
2011-12,Back,2006-07,Gross Capital Formation by Industry of Use,Annual,,,,,,1531514,2140999,₹ Crore
2011-12,Back,2005-06,Gross Capital Formation by Industry of Use,Annual,,,,,,1322989,1943997,₹ Crore
2011-12,Back,2004-05,Gross Capital Formation by Industry of Use,Annual,,,,,,1121505,1629848,₹ Crore
2011-12,Back,2003-04,Gross Capital Formation by Industry of Use,Annual,,,,,,810623.6130945614,1278002.6208748757,₹ Crore
2011-12,Back,2002-03,Gross Capital Formation by Industry of Use,Annual,,,,,,667435.2216373369,1104540.3354726725,₹ Crore
2011-12,Back,2001-02,Gross Capital Formation by Industry of Use,Annual,,,,,,607259.7348920217,1026902.4022613078,₹ Crore
2011-12,Back,2000-01,Gross Capital Formation by Industry of Use,Annual,,,,,,561703.2957597736,982057.9046203402,₹ Crore
2011-12,Back,1999-2000,Gross Capital Formation by Industry of Use,Annual,,,,,,572903.907386632,1039497.5945446584,₹ Crore
2011-12,Back,1998-99,Gross Capital Formation by Industry of Use,Annual,,,,,,464122.26881766383,883664.4065723609,₹ Crore
2011-12,Back,1997-98,Gross Capital Formation by Industry of Use,Annual,,,,,,427515.97659392364,851485.214644772,₹ Crore
2011-12,Back,1996-97,Gross Capital Formation by Industry of Use,Annual,,,,,,357378.0547383503,741194.0499329331,₹ Crore
2011-12,Back,1995-96,Gross Capital Formation by Industry of Use,Annual,,,,,,329649.14084710024,734516.693681299,₹ Crore
2011-12,Back,1994-95,Gross Capital Formation by Industry of Use,Annual,,,,,,274909.76538627164,681493.3278271515,₹ Crore
2011-12,Back,1993-94,Gross Capital Formation by Industry of Use,Annual,,,,,,210290.75408027993,570397.5624584397,₹ Crore
2011-12,Back,1992-93,Gross Capital Formation by Industry of Use,Annual,,,,,,189719.2884890676,557555.7074068307,₹ Crore
2011-12,Back,1991-92,Gross Capital Formation by Industry of Use,Annual,,,,,,156196.40323080294,493742.1746058782,₹ Crore
2011-12,Back,1990-91,Gross Capital Formation by Industry of Use,Annual,,,,,,162253.06707883606,591420.5200775237,₹ Crore
2011-12,Back,1989-90,Gross Capital Formation by Industry of Use,Annual,,,,,,126533.9396423419,498293.07760960516,₹ Crore
2011-12,Back,1988-89,Gross Capital Formation by Industry of Use,Annual,,,,,,106106.01041027665,460831.28151001583,₹ Crore
2011-12,Back,1987-88,Gross Capital Formation by Industry of Use,Annual,,,,,,85624.44674659615,410346.01860210503,₹ Crore
2011-12,Back,1986-87,Gross Capital Formation by Industry of Use,Annual,,,,,,69160.79767276203,362585.2802979441,₹ Crore
2011-12,Back,1985-86,Gross Capital Formation by Industry of Use,Annual,,,,,,63419.572562947535,350028.639618101,₹ Crore
2011-12,Back,1984-85,Gross Capital Formation by Industry of Use,Annual,,,,,,52181.366046573145,324193.8050389037,₹ Crore
2011-12,Back,1983-84,Gross Capital Formation by Industry of Use,Annual,,,,,,44396.05899307435,308649.82865124475,₹ Crore
2011-12,Back,1982-83,Gross Capital Formation by Industry of Use,Annual,,,,,,39894.9252261209,289066.6452949144,₹ Crore
2011-12,Back,1981-82,Gross Capital Formation by Industry of Use,Annual,,,,,,35409.1940200923,280613.0113269967,₹ Crore
2011-12,Back,1980-81,Gross Capital Formation by Industry of Use,Annual,,,,,,30497.8357641452,296884.73781334044,₹ Crore
2011-12,Back,1979-80,Gross Capital Formation by Industry of Use,Annual,,,,,,27269.43552174775,273463.39157463127,₹ Crore
2011-12,Back,1978-79,Gross Capital Formation by Industry of Use,Annual,,,,,,25770.785633446198,309462.0038889068,₹ Crore
2011-12,Back,1977-78,Gross Capital Formation by Industry of Use,Annual,,,,,,20074.079212145873,260055.91744972093,₹ Crore
2011-12,Back,1976-77,Gross Capital Formation by Industry of Use,Annual,,,,,,17301.457318317538,222975.02667898714,₹ Crore
2011-12,Back,1975-76,Gross Capital Formation by Industry of Use,Annual,,,,,,15893.824445750251,188514.67180680207,₹ Crore
2011-12,Back,1974-75,Gross Capital Formation by Industry of Use,Annual,,,,,,15029.068639953806,209618.89000524764,₹ Crore
2011-12,Back,1973-74,Gross Capital Formation by Industry of Use,Annual,,,,,,12608.225738980957,220993.52354505827,₹ Crore
2011-12,Back,1972-73,Gross Capital Formation by Industry of Use,Annual,,,,,,8770.697569982805,185023.9600381429,₹ Crore
2011-12,Back,1971-72,Gross Capital Formation by Industry of Use,Annual,,,,,,8681.16749234732,193906.81951112798,₹ Crore
2011-12,Back,1970-71,Gross Capital Formation by Industry of Use,Annual,,,,,,7670.82967858743,178944.6677484117,₹ Crore
2011-12,Back,1969-70,Gross Capital Formation by Industry of Use,Annual,,,,,,6938.5972395789095,179241.35943590742,₹ Crore
2011-12,Back,1968-69,Gross Capital Formation by Industry of Use,Annual,,,,,,5631.792707569931,161422.31200552097,₹ Crore
2011-12,Back,1967-68,Gross Capital Formation by Industry of Use,Annual,,,,,,5811.3244180690945,164821.32545101576,₹ Crore
2011-12,Back,1966-67,Gross Capital Formation by Industry of Use,Annual,,,,,,5793.702848580797,171965.43115336925,₹ Crore
2011-12,Back,1965-66,Gross Capital Formation by Industry of Use,Annual,,,,,,4980.815429173504,164177.38193372535,₹ Crore
2011-12,Back,1964-65,Gross Capital Formation by Industry of Use,Annual,,,,,,4207.921500326452,148734.82492143364,₹ Crore
2011-12,Back,1963-64,Gross Capital Formation by Industry of Use,Annual,,,,,,3563.8418181288007,134718.89603249443,₹ Crore
2011-12,Back,1962-63,Gross Capital Formation by Industry of Use,Annual,,,,,,3245.9988977989497,125418.79216044626,₹ Crore
2011-12,Back,1961-62,Gross Capital Formation by Industry of Use,Annual,,,,,,2717.62999905917,109826.76000986049,₹ Crore
2011-12,Back,1960-61,Gross Capital Formation by Industry of Use,Annual,,,,,,2722.1517308380394,110984.62475741972,₹ Crore
2011-12,Back,1959-60,Gross Capital Formation by Industry of Use,Annual,,,,,,2162.921936270602,94482.65286784919,₹ Crore
2011-12,Back,1958-59,Gross Capital Formation by Industry of Use,Annual,,,,,,1941.6022685865394,89839.38985350994,₹ Crore
2011-12,Back,1957-58,Gross Capital Formation by Industry of Use,Annual,,,,,,2082.098249409927,96538.18627871758,₹ Crore
2011-12,Back,1956-57,Gross Capital Formation by Industry of Use,Annual,,,,,,2185.5577040723097,106609.76158841685,₹ Crore
2011-12,Back,1955-56,Gross Capital Formation by Industry of Use,Annual,,,,,,1553.2930799258154,83079.6930374521,₹ Crore
2011-12,Back,1954-55,Gross Capital Formation by Industry of Use,Annual,,,,,,1191.672830533005,67997.47734664928,₹ Crore
2011-12,Back,1953-54,Gross Capital Formation by Industry of Use,Annual,,,,,,988.6422964117252,58441.63211001257,₹ Crore
2011-12,Back,1952-53,Gross Capital Formation by Industry of Use,Annual,,,,,,977.844059428195,53881.92587580557,₹ Crore
2011-12,Back,1951-52,Gross Capital Formation by Industry of Use,Annual,,,,,,1341.7525849585265,70767.7952941004,₹ Crore
2011-12,Back,1950-51,Gross Capital Formation by Industry of Use,Annual,,,,,,1028.972431364708,59154.99095307564,₹ Crore
2011-12,Back,2011-12,Gross Fixed Capital Formation,Annual,,,,,,2997732.8703773078,2997732.8703773078,₹ Crore
2011-12,Back,2010-11,Gross Fixed Capital Formation,Annual,,,,,,2536936.199164809,2674327.746826832,₹ Crore
2011-12,Back,2009-10,Gross Fixed Capital Formation,Annual,,,,,,2161498.597922505,2408303.0758304177,₹ Crore
2011-12,Back,2008-09,Gross Fixed Capital Formation,Annual,,,,,,1914401.1835977505,2236601.8420033706,₹ Crore
2011-12,Back,2007-08,Gross Fixed Capital Formation,Annual,,,,,,1754351.87283247,2167263.7058082903,₹ Crore
2011-12,Back,2006-07,Gross Fixed Capital Formation,Annual,,,,,,1428912.5312104686,1863048.4182422238,₹ Crore
2011-12,Back,2005-06,Gross Fixed Capital Formation,Annual,,,,,,1189714.6742266456,1636059.6785551033,₹ Crore
2011-12,Back,2004-05,Gross Fixed Capital Formation,Annual,,,,,,978463.3133771732,1405051.8462301465,₹ Crore
2011-12,Back,2003-04,Gross Fixed Capital Formation,Annual,,,,,,791258.5483596971,1260656.5949411844,₹ Crore
2011-12,Back,2002-03,Gross Fixed Capital Formation,Annual,,,,,,706220.4189462845,1199300.3396143948,₹ Crore
2011-12,Back,2001-02,Gross Fixed Capital Formation,Annual,,,,,,693005.6908177094,1207965.7341476711,₹ Crore
2011-12,Back,2000-01,Gross Fixed Capital Formation,Annual,,,,,,556836.4503423809,988594.4057913577,₹ Crore
2011-12,Back,1999-2000,Gross Fixed Capital Formation,Annual,,,,,,547469.6617404143,1006653.5884126382,₹ Crore
2011-12,Back,1998-99,Gross Fixed Capital Formation,Annual,,,,,,451204.9805447954,862295.082725403,₹ Crore
2011-12,Back,1997-98,Gross Fixed Capital Formation,Annual,,,,,,391732.80338486534,779518.7862991983,₹ Crore
2011-12,Back,1996-97,Gross Fixed Capital Formation,Annual,,,,,,342075.6485686954,714509.6672766249,₹ Crore
2011-12,Back,1995-96,Gross Fixed Capital Formation,Annual,,,,,,303046.38290686585,682415.2985577146,₹ Crore
2011-12,Back,1994-95,Gross Fixed Capital Formation,Annual,,,,,,240028.94129663435,608646.5868105437,₹ Crore
2011-12,Back,1993-94,Gross Fixed Capital Formation,Annual,,,,,,207327.75240123135,575503.3665588361,₹ Crore
2011-12,Back,1992-93,Gross Fixed Capital Formation,Annual,,,,,,190980.25246766373,580297.559893499,₹ Crore
2011-12,Back,1991-92,Gross Fixed Capital Formation,Annual,,,,,,162812.32783275633,524681.315467146,₹ Crore
2011-12,Back,1990-91,Gross Fixed Capital Formation,Annual,,,,,,150261.78333966652,568474.501284709,₹ Crore
2011-12,Back,1989-90,Gross Fixed Capital Formation,Annual,,,,,,121231.91944038314,488046.08893298946,₹ Crore
2011-12,Back,1988-89,Gross Fixed Capital Formation,Annual,,,,,,101209.3533752564,448865.9582093477,₹ Crore
2011-12,Back,1987-88,Gross Fixed Capital Formation,Annual,,,,,,88452.84484886052,433844.73037692136,₹ Crore
2011-12,Back,1986-87,Gross Fixed Capital Formation,Annual,,,,,,72908.71355840056,390688.29673140845,₹ Crore
2011-12,Back,1985-86,Gross Fixed Capital Formation,Annual,,,,,,62037.81388866472,356695.87382686784,₹ Crore
2011-12,Back,1984-85,Gross Fixed Capital Formation,Annual,,,,,,52582.33062255647,340990.1940046092,₹ Crore
2011-12,Back,1983-84,Gross Fixed Capital Formation,Annual,,,,,,46295.672714769025,335400.3746232331,₹ Crore
2011-12,Back,1982-83,Gross Fixed Capital Formation,Annual,,,,,,40611.50559547165,312490.58136527083,₹ Crore
2011-12,Back,1981-82,Gross Fixed Capital Formation,Annual,,,,,,34325.74826811243,295789.4617137689,₹ Crore
2011-12,Back,1980-81,Gross Fixed Capital Formation,Annual,,,,,,28936.44317784961,296163.1341975539,₹ Crore
2011-12,Back,1979-80,Gross Fixed Capital Formation,Annual,,,,,,25150.233980975052,289271.4782071011,₹ Crore
2011-12,Back,1978-79,Gross Fixed Capital Formation,Annual,,,,,,21849.835931421145,289459.5478514876,₹ Crore
2011-12,Back,1977-78,Gross Fixed Capital Formation,Annual,,,,,,19546.219766837017,275224.835842454,₹ Crore
2011-12,Back,1976-77,Gross Fixed Capital Formation,Annual,,,,,,16975.01419561612,242436.45208681267,₹ Crore
2011-12,Back,1975-76,Gross Fixed Capital Formation,Annual,,,,,,15095.139060768553,218545.27191938198,₹ Crore
2011-12,Back,1974-75,Gross Fixed Capital Formation,Annual,,,,,,13180.242276700454,222538.27674673716,₹ Crore
2011-12,Back,1973-74,Gross Fixed Capital Formation,Annual,,,,,,10696.162956404649,214295.21598406645,₹ Crore
2011-12,Back,1972-73,Gross Fixed Capital Formation,Annual,,,,,,9420.674105250393,220098.86454961903,₹ Crore
2011-12,Back,1971-72,Gross Fixed Capital Formation,Annual,,,,,,8312.738346959484,211029.17366417922,₹ Crore
2011-12,Back,1970-71,Gross Fixed Capital Formation,Annual,,,,,,7273.542107326424,191154.6944923245,₹ Crore
2011-12,Back,1969-70,Gross Fixed Capital Formation,Annual,,,,,,7067.986577937047,202380.02640366377,₹ Crore
2011-12,Back,1968-69,Gross Fixed Capital Formation,Annual,,,,,,6453.301698496106,202242.20426445847,₹ Crore
2011-12,Back,1967-68,Gross Fixed Capital Formation,Annual,,,,,,6042.063970511058,191983.9502948253,₹ Crore
2011-12,Back,1966-67,Gross Fixed Capital Formation,Annual,,,,,,5371.995762756115,180330.46499930316,₹ Crore
2011-12,Back,1965-66,Gross Fixed Capital Formation,Annual,,,,,,4855.269074455429,177802.27951146383,₹ Crore
2011-12,Back,1964-65,Gross Fixed Capital Formation,Annual,,,,,,4380.254060641635,172265.82000868313,₹ Crore
2011-12,Back,1963-64,Gross Fixed Capital Formation,Annual,,,,,,3768.701101179198,159940.37783162607,₹ Crore
2011-12,Back,1962-63,Gross Fixed Capital Formation,Annual,,,,,,3205.5521054571677,143252.27906046467,₹ Crore
2011-12,Back,1961-62,Gross Fixed Capital Formation,Annual,,,,,,2943.542678919901,134420.93107125256,₹ Crore
2011-12,Back,1960-61,Gross Fixed Capital Formation,Annual,,,,,,2549.047663720594,118710.61671420264,₹ Crore
2011-12,Back,1959-60,Gross Fixed Capital Formation,Annual,,,,,,2243.9839482231423,111299.65695124275,₹ Crore
2011-12,Back,1958-59,Gross Fixed Capital Formation,Annual,,,,,,2058.0225260169846,105561.69103397582,₹ Crore
2011-12,Back,1957-58,Gross Fixed Capital Formation,Annual,,,,,,2052.8078549506017,105727.73599813813,₹ Crore
2011-12,Back,1956-57,Gross Fixed Capital Formation,Annual,,,,,,2052.1101049604713,116847.77318581135,₹ Crore
2011-12,Back,1955-56,Gross Fixed Capital Formation,Annual,,,,,,1645.6862352221724,97704.47816246467,₹ Crore
2011-12,Back,1954-55,Gross Fixed Capital Formation,Annual,,,,,,1363.3178491602255,87129.91420441543,₹ Crore
2011-12,Back,1953-54,Gross Fixed Capital Formation,Annual,,,,,,1165.6778910232283,76722.57413538345,₹ Crore
2011-12,Back,1952-53,Gross Fixed Capital Formation,Annual,,,,,,1179.849768376635,74365.48125948217,₹ Crore
2011-12,Back,1951-52,Gross Fixed Capital Formation,Annual,,,,,,1255.8038625883994,78692.0897413731,₹ Crore
2011-12,Back,1950-51,Gross Fixed Capital Formation,Annual,,,,,,1168.9793564830784,80759.1630669031,₹ Crore
2011-12,Current,2025-26,Private Final Consumption Expenditure,Annual,First Advance Estimates,,,,,21963864.6840872,11367565.107664917,₹ Crore
2011-12,Current,2024-25,Private Final Consumption Expenditure,Annual,First Advance Estimates,,,,,20029580.270626087,10405037.50649656,₹ Crore
2011-12,Current,2024-25,Private Final Consumption Expenditure,Annual,Second Advance Estimates,,,,,20354192.285266213,10661785.40793807,₹ Crore
2011-12,Current,2024-25,Private Final Consumption Expenditure,Annual,Provisional Estimates,,,,,20298413.075072803,10619578.56783522,₹ Crore
2011-12,Current,2023-24,Private Final Consumption Expenditure,Annual,First Advance Estimates,,,,,18051291.2146937,9774121.69085006,₹ Crore
2011-12,Current,2023-24,Private Final Consumption Expenditure,Annual,Second Advance Estimates,,,,,17734040.799235586,9605526.255362432,₹ Crore
2011-12,Current,2023-24,Private Final Consumption Expenditure,Annual,Provisional Estimates,,,,,17822526.1133764,9699214.070318855,₹ Crore
2011-12,Current,2023-24,Private Final Consumption Expenditure,Annual,First Revised Estimates,,,,,18130431.44515767,9906774.488123063,₹ Crore
2011-12,Current,2022-23,Private Final Consumption Expenditure,Annual,First Advance Estimates,,,,,16398402.988906223,9021582.784120485,₹ Crore
2011-12,Current,2022-23,Private Final Consumption Expenditure,Annual,Second Advance Estimates,,,,,16471083.150318945,9342132.080653744,₹ Crore
2011-12,Current,2022-23,Private Final Consumption Expenditure,Annual,Provisional Estimates,,,,,16494733.468356345,9358694.390072677,₹ Crore
2011-12,Current,2022-23,Private Final Consumption Expenditure,Annual,First Revised Estimates,,,,,16422535.401929073,9323824.54098957,₹ Crore
2011-12,Current,2022-23,Private Final Consumption Expenditure,Annual,Final Estimates,,,,,16527861.734231519,9384942.861926321,₹ Crore
2011-12,Current,2021-22,Private Final Consumption Expenditure,Annual,First Advance Estimates,,,,,13352400.53990908,8080526.849763003,₹ Crore
2011-12,Current,2021-22,Private Final Consumption Expenditure,Annual,Second Advance Estimates,,,,,14024730.72439916,8355832.645318739,₹ Crore
2011-12,Current,2021-22,Private Final Consumption Expenditure,Annual,Provisional Estimates,,,,,14095404.55526478,8377853.7309973175,₹ Crore
2011-12,Current,2021-22,Private Final Consumption Expenditure,Annual,First Revised Estimates,,,,,14344335.717394983,8703540.526654854,₹ Crore
2011-12,Current,2021-22,Private Final Consumption Expenditure,Annual,Second Revised Estimates,,,,,14382703.986636588,8732573.400662309,₹ Crore
2011-12,Current,2020-21,Private Final Consumption Expenditure,Annual,First Advance Estimates,,,,,11569766,7537315,₹ Crore
2011-12,Current,2020-21,Private Final Consumption Expenditure,Annual,Second Advance Estimates,,,,,11565629,7574812,₹ Crore
2011-12,Current,2020-21,Private Final Consumption Expenditure,Annual,Provisional Estimates,,,,,11568231.325203115,7560985.474970633,₹ Crore
2011-12,Current,2020-21,Private Final Consumption Expenditure,Annual,First Revised Estimates,,,,,12032762.415198956,7763733.859067322,₹ Crore
2011-12,Current,2020-21,Private Final Consumption Expenditure,Annual,Second Revised Estimates,,,,,12150103.028002132,7824496.31745131,₹ Crore
2011-12,Current,2020-21,Private Final Consumption Expenditure,Annual,Third Revised Estimates,,,,,12130481.132317286,7819508.52147505,₹ Crore
2011-12,Current,2019-20,Private Final Consumption Expenditure,Annual,First Advance Estimates,,,,,12307193,8480699,₹ Crore
2011-12,Current,2019-20,Private Final Consumption Expenditure,Annual,Second Advance Estimates,,,,,12279252,8330242,₹ Crore
2011-12,Current,2019-20,Private Final Consumption Expenditure,Annual,Provisional Estimates,,,,,12262064,8325907,₹ Crore
2011-12,Current,2019-20,Private Final Consumption Expenditure,Annual,First Revised Estimates,,,,,12309019.016577456,8321700.62436832,₹ Crore
2011-12,Current,2019-20,Private Final Consumption Expenditure,Annual,Second Revised Estimates,,,,,12237110.85363039,8259704.344947293,₹ Crore
2011-12,Current,2019-20,Private Final Consumption Expenditure,Annual,Third Revised Estimates,,,,,12245357.270463368,8256217.713521406,₹ Crore
2011-12,Current,2018-19,Private Final Consumption Expenditure,Annual,First Advance Estimates,,,,,10998553,7726295,₹ Crore
2011-12,Current,2018-19,Private Final Consumption Expenditure,Annual,Second Advance Estimates,,,,,11333406,8032934,₹ Crore
2011-12,Current,2018-19,Private Final Consumption Expenditure,Annual,Provisional Estimates,,,,,11290029,8016674,₹ Crore
2011-12,Current,2018-19,Private Final Consumption Expenditure,Annual,First Revised Estimates,,,,,11254014.0,7908057.0,₹ Crore
2011-12,Current,2018-19,Private Final Consumption Expenditure,Annual,Second Revised Estimates,,,,,11222071.981250308,7884423.402217585,₹ Crore
2011-12,Current,2018-19,Private Final Consumption Expenditure,Annual,Third Revised Estimates,,,,,11205296.437899115,7850443.899478033,₹ Crore
2011-12,Current,2017-18,Private Final Consumption Expenditure,Annual,First Advance Estimates,,,,,9774547,7238252,₹ Crore
2011-12,Current,2017-18,Private Final Consumption Expenditure,Annual,Second Advance Estimates,,,,,9858805,7224982,₹ Crore
2011-12,Current,2017-18,Private Final Consumption Expenditure,Annual,Provisional Estimates,,,,,9914401,7259098,₹ Crore
2011-12,Current,2017-18,Private Final Consumption Expenditure,Annual,First Revised Estimates,,,,,10083120.525062572,7417489.076799209,₹ Crore
2011-12,Current,2017-18,Private Final Consumption Expenditure,Annual,Second Revised Estimates,,,,,10090759.0,7379819.0,₹ Crore
2011-12,Current,2017-18,Private Final Consumption Expenditure,Annual,Third Revised Estimates,,,,,10036152.956306718,7330728.485608376,₹ Crore
2011-12,Current,2016-17,Private Final Consumption Expenditure,Annual,First Advance Estimates,,,,,8972423,6713186,₹ Crore
2011-12,Current,2016-17,Private Final Consumption Expenditure,Annual,Second Advance Estimates,,,,,8839537,6825585,₹ Crore
2011-12,Current,2016-17,Private Final Consumption Expenditure,Annual,Provisional Estimates,,,,,8927010,6806624,₹ Crore
2011-12,Current,2016-17,Private Final Consumption Expenditure,Annual,First Revised Estimates,,,,,9004904.363809425,6812333.956327483,₹ Crore
2011-12,Current,2016-17,Private Final Consumption Expenditure,Annual,Second Revised Estimates,,,,,9115768.797349755,6904085.2849251535,₹ Crore
2011-12,Current,2016-17,Private Final Consumption Expenditure,Annual,Third Revised Estimates,,,,,9126533.0,6900236.0,₹ Crore
2011-12,Current,2015-16,Private Final Consumption Expenditure,Annual,First Advance Estimates,,,,,8111993,6310565,₹ Crore
2011-12,Current,2015-16,Private Final Consumption Expenditure,Annual,Provisional Estimates,,,,,8077560,6301128,₹ Crore
2011-12,Current,2015-16,Private Final Consumption Expenditure,Annual,First Revised Estimates,,,,,7899519.5357485,6366043.267800144,₹ Crore
2011-12,Current,2015-16,Private Final Consumption Expenditure,Annual,Second Revised Estimates,,,,,8091249.4624453895,6351137.318590534,₹ Crore
2011-12,Current,2015-16,Private Final Consumption Expenditure,Annual,Third Revised Estimates,,,,,8126408.329377808,6381418.715935039,₹ Crore
2011-12,Current,2014-15,Private Final Consumption Expenditure,Annual,First Advance Estimates,,,,,7642763,6108497,₹ Crore
2011-12,Current,2014-15,Private Final Consumption Expenditure,Annual,Provisional Estimates,,,,,7534239,6064247,₹ Crore
2011-12,Current,2014-15,Private Final Consumption Expenditure,Annual,First Revised Estimates,,,,,7193046.0,5864283.0,₹ Crore
2011-12,Current,2014-15,Private Final Consumption Expenditure,Annual,Second Revised Estimates,,,,,7272782.059849544,5931496.9406036865,₹ Crore
2011-12,Current,2014-15,Private Final Consumption Expenditure,Annual,Third Revised Estimates,,,,,7247340.105879591,5912656.720889831,₹ Crore
2011-12,Current,2013-14,Private Final Consumption Expenditure,Annual,Second Revised Estimates,,,,,6507932.0,5520068.0,₹ Crore
2011-12,Current,2013-14,Private Final Consumption Expenditure,Annual,Third Revised Estimates,,,,,6538718.644977037,5555493.929002235,₹ Crore
2011-12,Current,2013-14,Private Final Consumption Expenditure,Annual,Additional Revision,,,,,6475649.384440681,5557329.123766179,₹ Crore
2011-12,Current,2012-13,Private Final Consumption Expenditure,Annual,Second Revised Estimates,,,,,5670929.0,5170252.0,₹ Crore
2011-12,Current,2012-13,Private Final Consumption Expenditure,Annual,Third Revised Estimates,,,,,5666521.600400595,5172468.473216859,₹ Crore
2011-12,Current,2012-13,Private Final Consumption Expenditure,Annual,Additional Revision,,,,,5614484.479666422,5179090.9213165045,₹ Crore
2011-12,Current,2011-12,Private Final Consumption Expenditure,Annual,Second Revised Estimates,,,,,4910447.0,4910447.0,₹ Crore
2011-12,Current,2011-12,Private Final Consumption Expenditure,Annual,Additional Revision,,,,,4910447.272174998,4910447.272174998,₹ Crore
2011-12,Current,2025-26,Government Final Consumption Expenditure,Annual,First Advance Estimates,,,,,3519836.05565222,1796418.9342878729,₹ Crore
2011-12,Current,2024-25,Government Final Consumption Expenditure,Annual,First Advance Estimates,,,,,3330597.578275945,1721191.549325802,₹ Crore
2011-12,Current,2024-25,Government Final Consumption Expenditure,Annual,Second Advance Estimates,,,,,3358066.0048393477,1732611.1278270073,₹ Crore
2011-12,Current,2024-25,Government Final Consumption Expenditure,Annual,Provisional Estimates,,,,,3303118.904427187,1707729.7002948886,₹ Crore
2011-12,Current,2023-24,Government Final Consumption Expenditure,Annual,First Advance Estimates,,,,,3045907.041345458,1641363.6655709648,₹ Crore
2011-12,Current,2023-24,Government Final Consumption Expenditure,Annual,Second Advance Estimates,,,,,3085665.601970135,1662077.991666552,₹ Crore
2011-12,Current,2023-24,Government Final Consumption Expenditure,Annual,Provisional Estimates,,,,,3068970.4995932444,1653333.135987551,₹ Crore
2011-12,Current,2023-24,Government Final Consumption Expenditure,Annual,First Revised Estimates,,,,,3104297.7974379277,1669675.254513713,₹ Crore
2011-12,Current,2022-23,Government Final Consumption Expenditure,Annual,First Advance Estimates,,,,,2928406.326270745,1626278.5951206316,₹ Crore
2011-12,Current,2022-23,Government Final Consumption Expenditure,Annual,Second Advance Estimates,,,,,2853536.9686911847,1594759.948270986,₹ Crore
2011-12,Current,2022-23,Government Final Consumption Expenditure,Annual,Provisional Estimates,,,,,2819204.7407855224,1577305.7056751892,₹ Crore
2011-12,Current,2022-23,Government Final Consumption Expenditure,Annual,First Revised Estimates,,,,,2883648.5058504906,1613725.5080985017,₹ Crore
2011-12,Current,2022-23,Government Final Consumption Expenditure,Annual,Final Estimates,,,,,2757628.1565690013,1543991.45406522,₹ Crore
2011-12,Current,2021-22,Government Final Consumption Expenditure,Annual,First Advance Estimates,,,,,2838751.4369968264,1707307.0458604444,₹ Crore
2011-12,Current,2021-22,Government Final Consumption Expenditure,Annual,Second Advance Estimates,,,,,2685864.77916268,1611821.129413812,₹ Crore
2011-12,Current,2021-22,Government Final Consumption Expenditure,Annual,Provisional Estimates,,,,,2633867.2491985466,1577131.7876238797,₹ Crore
2011-12,Current,2021-22,Government Final Consumption Expenditure,Annual,First Revised Estimates,,,,,2625361.0402293364,1575280.6733677958,₹ Crore
2011-12,Current,2021-22,Government Final Consumption Expenditure,Annual,Second Revised Estimates,,,,,2472152.7246411773,1480393.8521343167,₹ Crore
2011-12,Current,2020-21,Government Final Consumption Expenditure,Annual,First Advance Estimates,,,,,2724740,1747876,₹ Crore
2011-12,Current,2020-21,Government Final Consumption Expenditure,Annual,Second Advance Estimates,,,,,2468014,1587130,₹ Crore
2011-12,Current,2020-21,Government Final Consumption Expenditure,Annual,Provisional Estimates,,,,,2467414.516001893,1586744.5246999755,₹ Crore
2011-12,Current,2020-21,Government Final Consumption Expenditure,Annual,First Revised Estimates,,,,,2393289.9414894255,1537603.4946547495,₹ Crore
2011-12,Current,2020-21,Government Final Consumption Expenditure,Annual,Second Revised Estimates,,,,,2302794.4478586004,1478221.7263653865,₹ Crore
2011-12,Current,2020-21,Government Final Consumption Expenditure,Annual,Third Revised Estimates,,,,,2305547.4503112515,1480124.3572273564,₹ Crore
2011-12,Current,2019-20,Government Final Consumption Expenditure,Annual,First Advance Estimates,,,,,2434175,1664514,₹ Crore
2011-12,Current,2019-20,Government Final Consumption Expenditure,Annual,Second Advance Estimates,,,,,2398843,1623700,₹ Crore
2011-12,Current,2019-20,Government Final Consumption Expenditure,Annual,Provisional Estimates,,,,,2446579,1652367,₹ Crore
2011-12,Current,2019-20,Government Final Consumption Expenditure,Annual,First Revised Estimates,,,,,2285015.8536340897,1541741.5325848851,₹ Crore
2011-12,Current,2019-20,Government Final Consumption Expenditure,Annual,Second Revised Estimates,,,,,2200871.4531321265,1484272.3843201585,₹ Crore
2011-12,Current,2019-20,Government Final Consumption Expenditure,Annual,Third Revised Estimates,,,,,2211933.0885373456,1491606.0534603945,₹ Crore
2011-12,Current,2018-19,Government Final Consumption Expenditure,Annual,First Advance Estimates,,,,,2170473,1528183,₹ Crore
2011-12,Current,2018-19,Government Final Consumption Expenditure,Annual,Second Advance Estimates,,,,,2130997,1500879,₹ Crore
2011-12,Current,2018-19,Government Final Consumption Expenditure,Annual,Provisional Estimates,,,,,2134615,1506035,₹ Crore
2011-12,Current,2018-19,Government Final Consumption Expenditure,Annual,First Revised Estimates,,,,,2104235.0,1478565.0,₹ Crore
2011-12,Current,2018-19,Government Final Consumption Expenditure,Annual,Second Revised Estimates,,,,,2037627.4351305384,1429054.662528102,₹ Crore
2011-12,Current,2018-19,Government Final Consumption Expenditure,Annual,Third Revised Estimates,,,,,2045552.4164204951,1434945.1971102508,₹ Crore
2011-12,Current,2017-18,Government Final Consumption Expenditure,Annual,First Advance Estimates,,,,,1976644,1454468,₹ Crore
2011-12,Current,2017-18,Government Final Consumption Expenditure,Annual,Second Advance Estimates,,,,,1905712,1400183,₹ Crore
2011-12,Current,2017-18,Government Final Consumption Expenditure,Annual,Provisional Estimates,,,,,1908420,1399695,₹ Crore
2011-12,Current,2017-18,Government Final Consumption Expenditure,Annual,First Revised Estimates,,,,,1885613.426581492,1378562.6764755424,₹ Crore
2011-12,Current,2017-18,Government Final Consumption Expenditure,Annual,Second Revised Estimates,,,,,1838117.0,1343222.0,₹ Crore
2011-12,Current,2017-18,Government Final Consumption Expenditure,Annual,Third Revised Estimates,,,,,1840118.8624815766,1344842.6330827463,₹ Crore
2011-12,Current,2016-17,Government Final Consumption Expenditure,Annual,First Advance Estimates,,,,,1861284,1394898,₹ Crore
2011-12,Current,2016-17,Government Final Consumption Expenditure,Annual,Second Advance Estimates,,,,,1723373,1290553,₹ Crore
2011-12,Current,2016-17,Government Final Consumption Expenditure,Annual,Provisional Estimates,,,,,1769036,1340086,₹ Crore
2011-12,Current,2016-17,Government Final Consumption Expenditure,Annual,First Revised Estimates,,,,,1663836.2138629535,1262123.6779295115,₹ Crore
2011-12,Current,2016-17,Government Final Consumption Expenditure,Annual,Second Revised Estimates,,,,,1583312.0765501817,1199041.2333198818,₹ Crore
2011-12,Current,2016-17,Government Final Consumption Expenditure,Annual,Third Revised Estimates,,,,,1586658.0,1201598.0,₹ Crore
2011-12,Current,2015-16,Government Final Consumption Expenditure,Annual,First Advance Estimates,,,,,1451174,1138558,₹ Crore
2011-12,Current,2015-16,Government Final Consumption Expenditure,Annual,Provisional Estimates,,,,,1439198,1126952,₹ Crore
2011-12,Current,2015-16,Government Final Consumption Expenditure,Annual,First Revised Estimates,,,,,1412064.2582841304,1102961.2244738587,₹ Crore
2011-12,Current,2015-16,Government Final Consumption Expenditure,Annual,Second Revised Estimates,,,,,1427835.292130881,1125317.1323878947,₹ Crore
2011-12,Current,2015-16,Government Final Consumption Expenditure,Annual,Third Revised Estimates,,,,,1436171.0441892077,1132802.4979806724,₹ Crore
2011-12,Current,2014-15,Government Final Consumption Expenditure,Annual,First Advance Estimates,,,,,1486255,1194560,₹ Crore
2011-12,Current,2014-15,Government Final Consumption Expenditure,Annual,Provisional Estimates,,,,,1432070,1157810,₹ Crore
2011-12,Current,2014-15,Government Final Consumption Expenditure,Annual,First Revised Estimates,,,,,1365463.0,1102607.0,₹ Crore
2011-12,Current,2014-15,Government Final Consumption Expenditure,Annual,Second Revised Estimates,,,,,1298049.7842003263,1072013.077377207,₹ Crore
2011-12,Current,2014-15,Government Final Consumption Expenditure,Annual,Third Revised Estimates,,,,,1301761.7766254954,1054150.8794761004,₹ Crore
2011-12,Current,2013-14,Government Final Consumption Expenditure,Annual,Second Revised Estimates,,,,,1152993.0,977521.0,₹ Crore
2011-12,Current,2013-14,Government Final Consumption Expenditure,Annual,Third Revised Estimates,,,,,1156016.4441255992,980168.2601532891,₹ Crore
2011-12,Current,2013-14,Government Final Consumption Expenditure,Annual,Additional Revision,,,,,1156509.0395031953,979825.1183480672,₹ Crore
2011-12,Current,2012-13,Government Final Consumption Expenditure,Annual,Second Revised Estimates,,,,,1061360.0,973498.0,₹ Crore
2011-12,Current,2012-13,Government Final Consumption Expenditure,Annual,Third Revised Estimates,,,,,1061945.9810887286,974735.9384561365,₹ Crore
2011-12,Current,2012-13,Government Final Consumption Expenditure,Annual,Additional Revision,,,,,1062404.0637172873,974262.9696792281,₹ Crore
2011-12,Current,2011-12,Government Final Consumption Expenditure,Annual,Second Revised Estimates,,,,,968375.0,968375.0,₹ Crore
2011-12,Current,2011-12,Government Final Consumption Expenditure,Annual,Additional Revision,,,,,968375.0,968375.0,₹ Crore
2011-12,Current,2025-26,Change in Stock,Annual,First Advance Estimates,,,,,516697.971203283,334874.9543618585,₹ Crore
2011-12,Current,2024-25,Change in Stock,Annual,First Advance Estimates,,,,,319248.8081043378,203100.69404325588,₹ Crore
2011-12,Current,2024-25,Change in Stock,Annual,Second Advance Estimates,,,,,497702.6136716386,318839.43346885405,₹ Crore
2011-12,Current,2024-25,Change in Stock,Annual,Provisional Estimates,,,,,497181.11607743625,319227.5014108897,₹ Crore
2011-12,Current,2023-24,Change in Stock,Annual,First Advance Estimates,,,,,190981.7016097566,133319.14580435562,₹ Crore
2011-12,Current,2023-24,Change in Stock,Annual,Second Advance Estimates,,,,,292655.0526307762,192587.0953783243,₹ Crore
2011-12,Current,2023-24,Change in Stock,Annual,Provisional Estimates,,,,,295198.31562864746,194348.90293852572,₹ Crore
2011-12,Current,2023-24,Change in Stock,Annual,First Revised Estimates,,,,,459571.0092877563,305610.0071763638,₹ Crore
2011-12,Current,2022-23,Change in Stock,Annual,First Advance Estimates,,,,,244202.84526336292,192083.12599935563,₹ Crore
2011-12,Current,2022-23,Change in Stock,Annual,Second Advance Estimates,,,,,180751.24066124763,126546.8458708836,₹ Crore
2011-12,Current,2022-23,Change in Stock,Annual,Provisional Estimates,,,,,181754.31027047528,127462.63247158426,₹ Crore
2011-12,Current,2022-23,Change in Stock,Annual,First Revised Estimates,,,,,277119.6337732129,183464.09139930713,₹ Crore
2011-12,Current,2022-23,Change in Stock,Annual,Final Estimates,,,,,299850.73677257716,199176.9216525164,₹ Crore
2011-12,Current,2021-22,Change in Stock,Annual,First Advance Estimates,,,,,230442.05818861126,167641.13105149887,₹ Crore
2011-12,Current,2021-22,Change in Stock,Annual,Second Advance Estimates,,,,,218169.59054732914,187937.3580879128,₹ Crore
2011-12,Current,2021-22,Change in Stock,Annual,Provisional Estimates,,,,,218169.59054732914,187937.3580879128,₹ Crore
2011-12,Current,2021-22,Change in Stock,Annual,First Revised Estimates,,,,,163437.5316289287,124162.17689137359,₹ Crore
2011-12,Current,2021-22,Change in Stock,Annual,Second Revised Estimates,,,,,213837.20690168574,160202.99329172642,₹ Crore
2011-12,Current,2020-21,Change in Stock,Annual,First Advance Estimates,,,,,333968,258023,₹ Crore
2011-12,Current,2020-21,Change in Stock,Annual,Second Advance Estimates,,,,,192749,152830,₹ Crore
2011-12,Current,2020-21,Change in Stock,Annual,Provisional Estimates,,,,,195411.35650822415,154275.76556060245,₹ Crore
2011-12,Current,2020-21,Change in Stock,Annual,First Revised Estimates,,,,,-11763.953199109994,-11572.855001638047,₹ Crore
2011-12,Current,2020-21,Change in Stock,Annual,Second Revised Estimates,,,,,26356.674208280278,15760.607134793758,₹ Crore
2011-12,Current,2020-21,Change in Stock,Annual,Third Revised Estimates,,,,,38459.990953079614,25616.482921596817,₹ Crore
2011-12,Current,2019-20,Change in Stock,Annual,First Advance Estimates,,,,,197966,161225,₹ Crore
2011-12,Current,2019-20,Change in Stock,Annual,Second Advance Estimates,,,,,339252,270122,₹ Crore
2011-12,Current,2019-20,Change in Stock,Annual,Provisional Estimates,,,,,338357,269489,₹ Crore
2011-12,Current,2019-20,Change in Stock,Annual,First Revised Estimates,,,,,194441.0206927973,158385.35938967718,₹ Crore
2011-12,Current,2019-20,Change in Stock,Annual,Second Revised Estimates,,,,,134472.1491510779,108283.55383407229,₹ Crore
2011-12,Current,2019-20,Change in Stock,Annual,Third Revised Estimates,,,,,135230.79176445966,108537.220686233,₹ Crore
2011-12,Current,2018-19,Change in Stock,Annual,First Advance Estimates,,,,,116841,99806,₹ Crore
2011-12,Current,2018-19,Change in Stock,Annual,Second Advance Estimates,,,,,188503,158405,₹ Crore
2011-12,Current,2018-19,Change in Stock,Annual,Provisional Estimates,,,,,187671,157637,₹ Crore
2011-12,Current,2018-19,Change in Stock,Annual,First Revised Estimates,,,,,320076.0,264415.0,₹ Crore
2011-12,Current,2018-19,Change in Stock,Annual,Second Revised Estimates,,,,,318013.3295270988,262639.23706764774,₹ Crore
2011-12,Current,2018-19,Change in Stock,Annual,Third Revised Estimates,,,,,318234.48279533937,262770.7938247246,₹ Crore
2011-12,Current,2017-18,Change in Stock,Annual,First Advance Estimates,,,,,346238,301116,₹ Crore
2011-12,Current,2017-18,Change in Stock,Annual,Second Advance Estimates,,,,,106598,93883,₹ Crore
2011-12,Current,2017-18,Change in Stock,Annual,Provisional Estimates,,,,,107033,94320,₹ Crore
2011-12,Current,2017-18,Change in Stock,Annual,First Revised Estimates,,,,,173889.60436925633,150416.8419543164,₹ Crore
2011-12,Current,2017-18,Change in Stock,Annual,Second Revised Estimates,,,,,251062.0,215795.0,₹ Crore
2011-12,Current,2017-18,Change in Stock,Annual,Third Revised Estimates,,,,,237580.80209004323,206436.26637395783,₹ Crore
2011-12,Current,2016-17,Change in Stock,Annual,First Advance Estimates,,,,,256815,216545,₹ Crore
2011-12,Current,2016-17,Change in Stock,Annual,Second Advance Estimates,,,,,319773,308426,₹ Crore
2011-12,Current,2016-17,Change in Stock,Annual,Provisional Estimates,,,,,328198,291179,₹ Crore
2011-12,Current,2016-17,Change in Stock,Annual,First Revised Estimates,,,,,100152.2832538509,90255.69232420152,₹ Crore
2011-12,Current,2016-17,Change in Stock,Annual,Second Revised Estimates,,,,,139713.77242981712,124087.42348237774,₹ Crore
2011-12,Current,2016-17,Change in Stock,Annual,Third Revised Estimates,,,,,138083.0,122639.0,₹ Crore
2011-12,Current,2015-16,Change in Stock,Annual,First Advance Estimates,,,,,233767,205809,₹ Crore
2011-12,Current,2015-16,Change in Stock,Annual,Provisional Estimates,,,,,234444,205816,₹ Crore
2011-12,Current,2015-16,Change in Stock,Annual,First Revised Estimates,,,,,291745.36373819143,263070.9416415767,₹ Crore
2011-12,Current,2015-16,Change in Stock,Annual,Second Revised Estimates,,,,,254785.6780258607,232448.6824253608,₹ Crore
2011-12,Current,2015-16,Change in Stock,Annual,Third Revised Estimates,,,,,262477.2319290451,239556.84248567934,₹ Crore
2011-12,Current,2014-15,Change in Stock,Annual,First Advance Estimates,,,,,188720,164328,₹ Crore
2011-12,Current,2014-15,Change in Stock,Annual,Provisional Estimates,,,,,186674,163998,₹ Crore
2011-12,Current,2014-15,Change in Stock,Annual,First Revised Estimates,,,,,220557.0,195007.0,₹ Crore
2011-12,Current,2014-15,Change in Stock,Annual,Second Revised Estimates,,,,,278411.32937352476,243740.02308314087,₹ Crore
2011-12,Current,2014-15,Change in Stock,Annual,Third Revised Estimates,,,,,312697.66762083775,274751.21124216384,₹ Crore
2011-12,Current,2013-14,Change in Stock,Annual,Second Revised Estimates,,,,,179971.0,162036.0,₹ Crore
2011-12,Current,2013-14,Change in Stock,Annual,Third Revised Estimates,,,,,169931.4258515915,153198.9902715161,₹ Crore
2011-12,Current,2013-14,Change in Stock,Annual,Additional Revision,,,,,144621.30778044846,129758.39536538211,₹ Crore
2011-12,Current,2012-13,Change in Stock,Annual,Second Revised Estimates,,,,,212363.0,199096.0,₹ Crore
2011-12,Current,2012-13,Change in Stock,Annual,Third Revised Estimates,,,,,212343.32051919913,199077.94447605015,₹ Crore
2011-12,Current,2012-13,Change in Stock,Annual,Additional Revision,,,,,214524.3843035383,201528.39109664748,₹ Crore
2011-12,Current,2011-12,Change in Stock,Annual,Second Revised Estimates,,,,,206854.0,206854.0,₹ Crore
2011-12,Current,2011-12,Change in Stock,Annual,Additional Revision,,,,,207983.18781535595,207983.18781535595,₹ Crore
2011-12,Current,2025-26,Valuables,Annual,First Advance Estimates,,,,,576105.187169579,241984.53286293516,₹ Crore
2011-12,Current,2024-25,Valuables,Annual,First Advance Estimates,,,,,513008.7245027375,280787.13076931523,₹ Crore
2011-12,Current,2024-25,Valuables,Annual,Second Advance Estimates,,,,,496531.65521532093,271781.68490188336,₹ Crore
2011-12,Current,2024-25,Valuables,Annual,Provisional Estimates,,,,,500784.5297625025,270757.7567436289,₹ Crore
2011-12,Current,2023-24,Valuables,Annual,First Advance Estimates,,,,,314675.27229043166,197930.67183886463,₹ Crore
2011-12,Current,2023-24,Valuables,Annual,Second Advance Estimates,,,,,414375.31524743757,260746.750804927,₹ Crore
2011-12,Current,2023-24,Valuables,Annual,Provisional Estimates,,,,,439023.5057310397,277856.6724962452,₹ Crore
2011-12,Current,2023-24,Valuables,Annual,First Revised Estimates,,,,,424918.7484683424,269106.23715537833,₹ Crore
2011-12,Current,2022-23,Valuables,Annual,First Advance Estimates,,,,,430139.7958447026,296195.20378250675,₹ Crore
2011-12,Current,2022-23,Valuables,Annual,Second Advance Estimates,,,,,349545.17924600234,237615.47871518412,₹ Crore
2011-12,Current,2022-23,Valuables,Annual,Provisional Estimates,,,,,330994.4290114477,226089.39281245775,₹ Crore
2011-12,Current,2022-23,Valuables,Annual,First Revised Estimates,,,,,335730.1070242194,229167.30854895522,₹ Crore
2011-12,Current,2022-23,Valuables,Annual,Final Estimates,,,,,344489.114046132,235146.1529325133,₹ Crore
2011-12,Current,2021-22,Valuables,Annual,First Advance Estimates,,,,,431085.9788407079,294021.8087953581,₹ Crore
2011-12,Current,2021-22,Valuables,Annual,Second Advance Estimates,,,,,460368.7820901056,339088.0499949522,₹ Crore
2011-12,Current,2021-22,Valuables,Annual,Provisional Estimates,,,,,401686.2737810844,295045.88876758085,₹ Crore
2011-12,Current,2021-22,Valuables,Annual,First Revised Estimates,,,,,379112.1779731931,278758.95439205377,₹ Crore
2011-12,Current,2021-22,Valuables,Annual,Second Revised Estimates,,,,,385014.66095460067,283099.0154077946,₹ Crore
2011-12,Current,2020-21,Valuables,Annual,First Advance Estimates,,,,,137540,99082,₹ Crore
2011-12,Current,2020-21,Valuables,Annual,Second Advance Estimates,,,,,144020,101949,₹ Crore
2011-12,Current,2020-21,Valuables,Annual,Provisional Estimates,,,,,235781.76610298644,167784.23253251205,₹ Crore
2011-12,Current,2020-21,Valuables,Annual,First Revised Estimates,,,,,271414.22941324004,207980.25242393874,₹ Crore
2011-12,Current,2020-21,Valuables,Annual,Second Revised Estimates,,,,,271463.8418386339,208018.26960814855,₹ Crore
2011-12,Current,2020-21,Valuables,Annual,Third Revised Estimates,,,,,278820.89869078255,213655.86106573374,₹ Crore
2011-12,Current,2019-20,Valuables,Annual,First Advance Estimates,,,,,217077,198356,₹ Crore
2011-12,Current,2019-20,Valuables,Annual,Second Advance Estimates,,,,,224006,192629,₹ Crore
2011-12,Current,2019-20,Valuables,Annual,Provisional Estimates,,,,,224006,192629,₹ Crore
2011-12,Current,2019-20,Valuables,Annual,First Revised Estimates,,,,,194700.05458545533,164526.7578759596,₹ Crore
2011-12,Current,2019-20,Valuables,Annual,Second Revised Estimates,,,,,194708.44009883105,164526.7578759596,₹ Crore
2011-12,Current,2019-20,Valuables,Annual,Third Revised Estimates,,,,,194800.49046989105,164526.7578759596,₹ Crore
2011-12,Current,2018-19,Valuables,Annual,First Advance Estimates,,,,,256933,272619,₹ Crore
2011-12,Current,2018-19,Valuables,Annual,Second Advance Estimates,,,,,213238,193310,₹ Crore
2011-12,Current,2018-19,Valuables,Annual,Provisional Estimates,,,,,193992,174780,₹ Crore
2011-12,Current,2018-19,Valuables,Annual,First Revised Estimates,,,,,200184.0,169734.0,₹ Crore
2011-12,Current,2018-19,Valuables,Annual,Second Revised Estimates,,,,,226094.89274854393,191704.43408337122,₹ Crore
2011-12,Current,2018-19,Valuables,Annual,Third Revised Estimates,,,,,226104.33004116145,191704.43408337122,₹ Crore
2011-12,Current,2017-18,Valuables,Annual,First Advance Estimates,,,,,253587,254795,₹ Crore
2011-12,Current,2017-18,Valuables,Annual,Second Advance Estimates,,,,,271551,272240,₹ Crore
2011-12,Current,2017-18,Valuables,Annual,Provisional Estimates,,,,,252142,253624,₹ Crore
2011-12,Current,2017-18,Valuables,Annual,First Revised Estimates,,,,,218705.89647920427,192120.3818222418,₹ Crore
2011-12,Current,2017-18,Valuables,Annual,Second Revised Estimates,,,,,219322.0,192661.0,₹ Crore
2011-12,Current,2017-18,Valuables,Annual,Third Revised Estimates,,,,,241685.37637900116,212306.5154541958,₹ Crore
2011-12,Current,2016-17,Valuables,Annual,First Advance Estimates,,,,,138721,115665,₹ Crore
2011-12,Current,2016-17,Valuables,Annual,Second Advance Estimates,,,,,131175,118069,₹ Crore
2011-12,Current,2016-17,Valuables,Annual,Provisional Estimates,,,,,166287,148700,₹ Crore
2011-12,Current,2016-17,Valuables,Annual,First Revised Estimates,,,,,176446.60411809423,159735.37566981043,₹ Crore
2011-12,Current,2016-17,Valuables,Annual,Second Revised Estimates,,,,,166558.70507417648,150783.95789523964,₹ Crore
2011-12,Current,2016-17,Valuables,Annual,Third Revised Estimates,,,,,167326.0,151479.0,₹ Crore
2011-12,Current,2015-16,Valuables,Annual,First Advance Estimates,,,,,209039,196245,₹ Crore
2011-12,Current,2015-16,Valuables,Annual,Provisional Estimates,,,,,187461,173811,₹ Crore
2011-12,Current,2015-16,Valuables,Annual,First Revised Estimates,,,,,197255.8519103048,179371.42419506336,₹ Crore
2011-12,Current,2015-16,Valuables,Annual,Second Revised Estimates,,,,,202883.0922975035,185417.15489873922,₹ Crore
2011-12,Current,2015-16,Valuables,Annual,Third Revised Estimates,,,,,203505.9655499319,185986.40581570793,₹ Crore
2011-12,Current,2014-15,Valuables,Annual,First Advance Estimates,,,,,169305,171748,₹ Crore
2011-12,Current,2014-15,Valuables,Annual,Provisional Estimates,,,,,176432,167884,₹ Crore
2011-12,Current,2014-15,Valuables,Annual,First Revised Estimates,,,,,192663.0,173275.0,₹ Crore
2011-12,Current,2014-15,Valuables,Annual,Second Revised Estimates,,,,,209406.67678791468,188333.71247216332,₹ Crore
2011-12,Current,2014-15,Valuables,Annual,Third Revised Estimates,,,,,209406.67678791468,187956.78973047694,₹ Crore
2011-12,Current,2013-14,Valuables,Annual,Second Revised Estimates,,,,,162982.0,150123.0,₹ Crore
2011-12,Current,2013-14,Valuables,Annual,Third Revised Estimates,,,,,161761.42949289095,148998.65990065504,₹ Crore
2011-12,Current,2013-14,Valuables,Annual,Additional Revision,,,,,161761.42949289095,148879.093769888,₹ Crore
2011-12,Current,2012-13,Valuables,Annual,Second Revised Estimates,,,,,273775.0,259719.0,₹ Crore
2011-12,Current,2012-13,Valuables,Annual,Third Revised Estimates,,,,,273774.52435882314,259719.0527220142,₹ Crore
2011-12,Current,2012-13,Valuables,Annual,Additional Revision,,,,,273774.52435882314,259949.27926297623,₹ Crore
2011-12,Current,2011-12,Valuables,Annual,Second Revised Estimates,,,,,253033.0,253033.0,₹ Crore
2011-12,Current,2011-12,Valuables,Annual,Additional Revision,,,,,253033.33328728,253033.33328728,₹ Crore
2011-12,Current,2025-26,Export of Goods and Services,Annual,First Advance Estimates,,,,,7662052.35402305,4327568.580175821,₹ Crore
2011-12,Current,2024-25,Export of Goods and Services,Annual,First Advance Estimates,,,,,6966331.383225009,4182169.437673956,₹ Crore
2011-12,Current,2024-25,Export of Goods and Services,Annual,Second Advance Estimates,,,,,7010639.279461696,4097741.522691431,₹ Crore
2011-12,Current,2024-25,Export of Goods and Services,Annual,Provisional Estimates,,,,,6997830.01527112,4068098.177979222,₹ Crore
2011-12,Current,2023-24,Export of Goods and Services,Annual,First Advance Estimates,,,,,6428931.759793985,3806953.419211607,₹ Crore
2011-12,Current,2023-24,Export of Goods and Services,Annual,Second Advance Estimates,,,,,6433885.197333362,3906345.6693415525,₹ Crore
2011-12,Current,2023-24,Export of Goods and Services,Annual,Provisional Estimates,,,,,6453014.96074838,3948947.2696707235,₹ Crore
2011-12,Current,2023-24,Export of Goods and Services,Annual,First Revised Estimates,,,,,6460981.773897266,3825494.335522731,₹ Crore
2011-12,Current,2022-23,Export of Goods and Services,Annual,First Advance Estimates,,,,,6210927.827186474,3570296.5275417003,₹ Crore
2011-12,Current,2022-23,Export of Goods and Services,Annual,Second Advance Estimates,,,,,6107092.758637799,3686095.9083658243,₹ Crore
2011-12,Current,2022-23,Export of Goods and Services,Annual,Provisional Estimates,,,,,6207308.9406570885,3754521.425878665,₹ Crore
2011-12,Current,2022-23,Export of Goods and Services,Annual,First Revised Estimates,,,,,6252449.309986534,3847741.9309139512,₹ Crore
2011-12,Current,2022-23,Export of Goods and Services,Annual,Final Estimates,,,,,6252449.309986534,3743310.0513845244,₹ Crore
2011-12,Current,2021-22,Export of Goods and Services,Annual,First Advance Estimates,,,,,4676511.264537341,3140151.82696101,₹ Crore
2011-12,Current,2021-22,Export of Goods and Services,Annual,Second Advance Estimates,,,,,4921149.782912694,3091630.5808549793,₹ Crore
2011-12,Current,2021-22,Export of Goods and Services,Annual,Provisional Estimates,,,,,5063885.443806078,3174843.988671507,₹ Crore
2011-12,Current,2021-22,Export of Goods and Services,Annual,First Revised Estimates,,,,,5049644.672957633,3305833.350399685,₹ Crore
2011-12,Current,2021-22,Export of Goods and Services,Annual,Second Revised Estimates,,,,,5049644.672957633,3393107.177843807,₹ Crore
2011-12,Current,2020-21,Export of Goods and Services,Annual,First Advance Estimates,,,,,3534555,2584918,₹ Crore
2011-12,Current,2020-21,Export of Goods and Services,Annual,Second Advance Estimates,,,,,3540509,2598162,₹ Crore
2011-12,Current,2020-21,Export of Goods and Services,Annual,Provisional Estimates,,,,,3685170.0334369,2694386.4706576485,₹ Crore
2011-12,Current,2020-21,Export of Goods and Services,Annual,First Revised Estimates,,,,,3704532.906006037,2553682.949099156,₹ Crore
2011-12,Current,2020-21,Export of Goods and Services,Annual,Second Revised Estimates,,,,,3709236.906006037,2556836.430700591,₹ Crore
2011-12,Current,2020-21,Export of Goods and Services,Annual,Third Revised Estimates,,,,,3709236.906006037,2618152.5068007344,₹ Crore
2011-12,Current,2019-20,Export of Goods and Services,Annual,First Advance Estimates,,,,,3771459,2874795,₹ Crore
2011-12,Current,2019-20,Export of Goods and Services,Annual,Second Advance Estimates,,,,,3804197,2866580,₹ Crore
2011-12,Current,2019-20,Export of Goods and Services,Annual,Provisional Estimates,,,,,3745473,2817660,₹ Crore
2011-12,Current,2019-20,Export of Goods and Services,Annual,First Revised Estimates,,,,,3750566.824623799,2826638.805353941,₹ Crore
2011-12,Current,2019-20,Export of Goods and Services,Annual,Second Revised Estimates,,,,,3752187.824623799,2813609.3812187063,₹ Crore
2011-12,Current,2019-20,Export of Goods and Services,Annual,Third Revised Estimates,,,,,3752187.824623799,2813893.6543017616,₹ Crore
2011-12,Current,2018-19,Export of Goods and Services,Annual,First Advance Estimates,,,,,3727937,2945401,₹ Crore
2011-12,Current,2018-19,Export of Goods and Services,Annual,Second Advance Estimates,,,,,3752789,2957878,₹ Crore
2011-12,Current,2018-19,Export of Goods and Services,Annual,Provisional Estimates,,,,,3752230,2933969,₹ Crore
2011-12,Current,2018-19,Export of Goods and Services,Annual,First Revised Estimates,,,,,3766294.0,2922543.0,₹ Crore
2011-12,Current,2018-19,Export of Goods and Services,Annual,Second Revised Estimates,,,,,3766293.5333856903,2923273.478713462,₹ Crore
2011-12,Current,2018-19,Export of Goods and Services,Annual,Third Revised Estimates,,,,,3766293.5333856903,2912480.4826216483,₹ Crore
2011-12,Current,2017-18,Export of Goods and Services,Annual,First Advance Estimates,,,,,3116710,2598033,₹ Crore
2011-12,Current,2017-18,Export of Goods and Services,Annual,Second Advance Estimates,,,,,3160610,2599495,₹ Crore
2011-12,Current,2017-18,Export of Goods and Services,Annual,Provisional Estimates,,,,,3194507,2627923,₹ Crore
2011-12,Current,2017-18,Export of Goods and Services,Annual,First Revised Estimates,,,,,3210546.5714411773,2607309.8299900126,₹ Crore
2011-12,Current,2017-18,Export of Goods and Services,Annual,Second Revised Estimates,,,,,3211521.0,2601777.0,₹ Crore
2011-12,Current,2017-18,Export of Goods and Services,Annual,Third Revised Estimates,,,,,3211520.5714411773,2602011.7980648126,₹ Crore
2011-12,Current,2016-17,Export of Goods and Services,Annual,First Advance Estimates,,,,,2861096,2429080,₹ Crore
2011-12,Current,2016-17,Export of Goods and Services,Annual,Second Advance Estimates,,,,,2864543,2429413,₹ Crore
2011-12,Current,2016-17,Export of Goods and Services,Annual,Provisional Estimates,,,,,2911700,2486007,₹ Crore
2011-12,Current,2016-17,Export of Goods and Services,Annual,First Revised Estimates,,,,,2946242.927554791,2489078.551864635,₹ Crore
2011-12,Current,2016-17,Export of Goods and Services,Annual,Second Revised Estimates,,,,,2948772.1065294454,2490436.507563059,₹ Crore
2011-12,Current,2016-17,Export of Goods and Services,Annual,Third Revised Estimates,,,,,2948772.0,2488423.0,₹ Crore
2011-12,Current,2015-16,Export of Goods and Services,Annual,First Advance Estimates,,,,,2672636,2349643,₹ Crore
2011-12,Current,2015-16,Export of Goods and Services,Annual,Provisional Estimates,,,,,2706892,2377742,₹ Crore
2011-12,Current,2015-16,Export of Goods and Services,Annual,First Revised Estimates,,,,,2728643.4219988342,2375780.387170549,₹ Crore
2011-12,Current,2015-16,Export of Goods and Services,Annual,Second Revised Estimates,,,,,2728641.4219988342,2371637.72015904,₹ Crore
2011-12,Current,2015-16,Export of Goods and Services,Annual,Third Revised Estimates,,,,,2728647.4219988342,2370281.6363036134,₹ Crore
2011-12,Current,2014-15,Export of Goods and Services,Annual,First Advance Estimates,,,,,2985454,2475997,₹ Crore
2011-12,Current,2014-15,Export of Goods and Services,Annual,Provisional Estimates,,,,,2908176,2434350,₹ Crore
2011-12,Current,2014-15,Export of Goods and Services,Annual,First Revised Estimates,,,,,2861066.0,2508402.0,₹ Crore
2011-12,Current,2014-15,Export of Goods and Services,Annual,Second Revised Estimates,,,,,2863541.278176366,2510404.787921954,₹ Crore
2011-12,Current,2014-15,Export of Goods and Services,Annual,Third Revised Estimates,,,,,2863636.278176366,2512144.6363840215,₹ Crore
2011-12,Current,2013-14,Export of Goods and Services,Annual,Second Revised Estimates,,,,,2854713.0,2466632.0,₹ Crore
2011-12,Current,2013-14,Export of Goods and Services,Annual,Third Revised Estimates,,,,,2856781.300215655,2468063.979212664,₹ Crore
2011-12,Current,2013-14,Export of Goods and Services,Annual,Additional Revision,,,,,2856781.300215655,2468268.9168375726,₹ Crore
2011-12,Current,2012-13,Export of Goods and Services,Annual,Second Revised Estimates,,,,,2439707.0,2288581.0,₹ Crore
2011-12,Current,2012-13,Export of Goods and Services,Annual,Third Revised Estimates,,,,,2439707.0,2289411.154971773,₹ Crore
2011-12,Current,2012-13,Export of Goods and Services,Annual,Additional Revision,,,,,2439707.0,2289835.984044295,₹ Crore
2011-12,Current,2011-12,Export of Goods and Services,Annual,Second Revised Estimates,,,,,2143931.0,2143931.0,₹ Crore
2011-12,Current,2011-12,Export of Goods and Services,Annual,Additional Revision,,,,,2143931.0,2143931.0,₹ Crore
2011-12,Current,2025-26,Import of Goods and Services,Annual,First Advance Estimates,,,,,8468883.17977277,4840195.292640336,₹ Crore
2011-12,Current,2024-25,Import of Goods and Services,Annual,First Advance Estimates,,,,,7815049.624899499,4290923.804578709,₹ Crore
2011-12,Current,2024-25,Import of Goods and Services,Annual,Second Advance Estimates,,,,,7776928.378189385,4341194.354453424,₹ Crore
2011-12,Current,2024-25,Import of Goods and Services,Annual,Provisional Estimates,,,,,7766863.267851971,4229389.502251038,₹ Crore
2011-12,Current,2023-24,Import of Goods and Services,Annual,First Advance Estimates,,,,,7016343.522595471,4629535.855441537,₹ Crore
2011-12,Current,2023-24,Import of Goods and Services,Annual,Second Advance Estimates,,,,,7042440.238736459,4346728.449845905,₹ Crore
2011-12,Current,2023-24,Import of Goods and Services,Annual,Provisional Estimates,,,,,7110309.727941764,4347869.869641417,₹ Crore
2011-12,Current,2023-24,Import of Goods and Services,Annual,First Revised Estimates,,,,,7092192.265542794,4390614.417785235,₹ Crore
2011-12,Current,2022-23,Import of Goods and Services,Annual,First Advance Estimates,,,,,7477458.323981802,4688642.158840075,₹ Crore
2011-12,Current,2022-23,Import of Goods and Services,Annual,Second Advance Estimates,,,,,7324248.745465748,4151419.4861470964,₹ Crore
2011-12,Current,2022-23,Import of Goods and Services,Annual,Provisional Estimates,,,,,7203212.512800238,4091374.9633029564,₹ Crore
2011-12,Current,2022-23,Import of Goods and Services,Annual,First Revised Estimates,,,,,7213027.47463363,3919020.789950888,₹ Crore
2011-12,Current,2022-23,Import of Goods and Services,Annual,Final Estimates,,,,,7213027.47463363,3859868.6980246603,₹ Crore
2011-12,Current,2021-22,Import of Goods and Services,Annual,First Advance Estimates,,,,,5366008.474653086,3707795.135944117,₹ Crore
2011-12,Current,2021-22,Import of Goods and Services,Annual,Second Advance Estimates,,,,,5405826.703114379,3718262.5224681366,₹ Crore
2011-12,Current,2021-22,Import of Goods and Services,Annual,Provisional Estimates,,,,,5653891.537120042,3878193.3008728554,₹ Crore
2011-12,Current,2021-22,Import of Goods and Services,Annual,First Revised Estimates,,,,,5669022.611270153,3493326.03013917,₹ Crore
2011-12,Current,2021-22,Import of Goods and Services,Annual,Second Revised Estimates,,,,,5669022.611270153,3543745.4199084695,₹ Crore
2011-12,Current,2020-21,Import of Goods and Services,Annual,First Advance Estimates,,,,,3505756,2476873,₹ Crore
2011-12,Current,2020-21,Import of Goods and Services,Annual,Second Advance Estimates,,,,,3602541,2733144,₹ Crore
2011-12,Current,2020-21,Import of Goods and Services,Annual,Provisional Estimates,,,,,3792712.375074072,2865827.3765013674,₹ Crore
2011-12,Current,2020-21,Import of Goods and Services,Annual,First Revised Estimates,,,,,3781272.5763047324,2862871.2680777377,₹ Crore
2011-12,Current,2020-21,Import of Goods and Services,Annual,Second Revised Estimates,,,,,3787293.5763047324,2867503.1503650565,₹ Crore
2011-12,Current,2020-21,Import of Goods and Services,Annual,Third Revised Estimates,,,,,3787293.5763047324,2902462.9859886626,₹ Crore
2011-12,Current,2019-20,Import of Goods and Services,Annual,First Advance Estimates,,,,,4338020,3347131,₹ Crore
2011-12,Current,2019-20,Import of Goods and Services,Annual,Second Advance Estimates,,,,,4353485,3159868,₹ Crore
2011-12,Current,2019-20,Import of Goods and Services,Annual,Provisional Estimates,,,,,4298950,3115388,₹ Crore
2011-12,Current,2019-20,Import of Goods and Services,Annual,First Revised Estimates,,,,,4265040.028957966,3317164.7538620057,₹ Crore
2011-12,Current,2019-20,Import of Goods and Services,Annual,Second Revised Estimates,,,,,4270232.028957966,3321585.7123118322,₹ Crore
2011-12,Current,2019-20,Import of Goods and Services,Annual,Third Revised Estimates,,,,,4270232.028957966,3321756.7053864533,₹ Crore
2011-12,Current,2018-19,Import of Goods and Services,Annual,First Advance Estimates,,,,,4387991,3355573,₹ Crore
2011-12,Current,2018-19,Import of Goods and Services,Annual,Second Advance Estimates,,,,,4464374,3567138,₹ Crore
2011-12,Current,2018-19,Import of Goods and Services,Annual,Provisional Estimates,,,,,4493933,3557901,₹ Crore
2011-12,Current,2018-19,Import of Goods and Services,Annual,First Revised Estimates,,,,,4468166.0,3342777.0,₹ Crore
2011-12,Current,2018-19,Import of Goods and Services,Annual,Second Revised Estimates,,,,,4468166.056008625,3343220.1169830873,₹ Crore
2011-12,Current,2018-19,Import of Goods and Services,Annual,Third Revised Estimates,,,,,4477169.056008625,3349860.5710605457,₹ Crore
2011-12,Current,2017-18,Import of Goods and Services,Annual,First Advance Estimates,,,,,3525371,2826793,₹ Crore
2011-12,Current,2017-18,Import of Goods and Services,Annual,Second Advance Estimates,,,,,3647623,2871386,₹ Crore
2011-12,Current,2017-18,Import of Goods and Services,Annual,Provisional Estimates,,,,,3694286,2934879,₹ Crore
2011-12,Current,2017-18,Import of Goods and Services,Annual,First Revised Estimates,,,,,3758519.417071766,3083560.0395620074,₹ Crore
2011-12,Current,2017-18,Import of Goods and Services,Annual,Second Revised Estimates,,,,,3751389.0,3078132.0,₹ Crore
2011-12,Current,2017-18,Import of Goods and Services,Annual,Third Revised Estimates,,,,,3751389.4170717667,3078273.8077992043,₹ Crore
2011-12,Current,2016-17,Import of Goods and Services,Annual,First Advance Estimates,,,,,3034410,2491499,₹ Crore
2011-12,Current,2016-17,Import of Goods and Services,Annual,Second Advance Estimates,,,,,3059370,2480531,₹ Crore
2011-12,Current,2016-17,Import of Goods and Services,Annual,Provisional Estimates,,,,,3133081,2568680,₹ Crore
2011-12,Current,2016-17,Import of Goods and Services,Annual,First Revised Estimates,,,,,3208505.289154171,2611628.4827868952,₹ Crore
2011-12,Current,2016-17,Import of Goods and Services,Annual,Second Revised Estimates,,,,,3220591.427389316,2621585.952027461,₹ Crore
2011-12,Current,2016-17,Import of Goods and Services,Annual,Third Revised Estimates,,,,,3220591.0,2621593.0,₹ Crore
2011-12,Current,2015-16,Import of Goods and Services,Annual,First Advance Estimates,,,,,3025076,2496119,₹ Crore
2011-12,Current,2015-16,Import of Goods and Services,Annual,Provisional Estimates,,,,,3051005,2590793,₹ Crore
2011-12,Current,2015-16,Import of Goods and Services,Annual,First Revised Estimates,,,,,3044917.4019463677,2510401.341031631,₹ Crore
2011-12,Current,2015-16,Import of Goods and Services,Annual,Second Revised Estimates,,,,,3044915.2336263675,2510848.499244602,₹ Crore
2011-12,Current,2015-16,Import of Goods and Services,Annual,Third Revised Estimates,,,,,3044923.4019463677,2511539.7729509925,₹ Crore
2011-12,Current,2014-15,Import of Goods and Services,Annual,First Advance Estimates,,,,,3285462,2623615,₹ Crore
2011-12,Current,2014-15,Import of Goods and Services,Annual,Provisional Estimates,,,,,3199827,2579770,₹ Crore
2011-12,Current,2014-15,Import of Goods and Services,Annual,First Revised Estimates,,,,,3233123.0,2664390.0,₹ Crore
2011-12,Current,2014-15,Import of Goods and Services,Annual,Second Revised Estimates,,,,,3235964.9257859457,2666744.0867358297,₹ Crore
2011-12,Current,2014-15,Import of Goods and Services,Annual,Third Revised Estimates,,,,,3235961.9257859457,2667595.260959616,₹ Crore
2011-12,Current,2013-14,Import of Goods and Services,Annual,Second Revised Estimates,,,,,3190352.0,2643368.0,₹ Crore
2011-12,Current,2013-14,Import of Goods and Services,Annual,Third Revised Estimates,,,,,3191810.8986064103,2644448.879162234,₹ Crore
2011-12,Current,2013-14,Import of Goods and Services,Annual,Additional Revision,,,,,3191810.8986064103,2644555.0835005837,₹ Crore
2011-12,Current,2012-13,Import of Goods and Services,Annual,Second Revised Estimates,,,,,3108428.0,2878384.0,₹ Crore
2011-12,Current,2012-13,Import of Goods and Services,Annual,Third Revised Estimates,,,,,3108428.0,2878843.6604450964,₹ Crore
2011-12,Current,2012-13,Import of Goods and Services,Annual,Additional Revision,,,,,3108428.0,2879079.1394529636,₹ Crore
2011-12,Current,2011-12,Import of Goods and Services,Annual,Second Revised Estimates,,,,,2715554.0,2715554.0,₹ Crore
2011-12,Current,2011-12,Import of Goods and Services,Annual,Additional Revision,,,,,2715554.0,2715554.0,₹ Crore
2011-12,Current,2023-24,Primary Income Receivable Net From Row,Annual,First Revised Estimates,,,,,-412169.9008006023,-245952.9670138934,₹ Crore
2011-12,Current,2022-23,Primary Income Receivable Net From Row,Annual,First Revised Estimates,,,,,-370306.73733161605,-240295.5372286743,₹ Crore
2011-12,Current,2022-23,Primary Income Receivable Net From Row,Annual,Final Estimates,,,,,-370306.73733161605,-225537.62169444642,₹ Crore
2011-12,Current,2021-22,Primary Income Receivable Net From Row,Annual,First Revised Estimates,,,,,-469751.47543519613,-306308.81079004606,₹ Crore
2011-12,Current,2021-22,Primary Income Receivable Net From Row,Annual,Second Revised Estimates,,,,,-277808.426599441,-193926.49815078863,₹ Crore
2011-12,Current,2020-21,Primary Income Receivable Net From Row,Annual,First Revised Estimates,,,,,-266687.3836443693,-190194.68244136698,₹ Crore
2011-12,Current,2020-21,Primary Income Receivable Net From Row,Annual,Second Revised Estimates,,,,,-266687.3836443693,-190192.8601054806,₹ Crore
2011-12,Current,2020-21,Primary Income Receivable Net From Row,Annual,Third Revised Estimates,,,,,-266687.3836443693,-200892.92486656416,₹ Crore
2011-12,Current,2019-20,Primary Income Receivable Net From Row,Annual,First Revised Estimates,,,,,-193113.69223740345,-141636.3295149808,₹ Crore
2011-12,Current,2019-20,Primary Income Receivable Net From Row,Annual,Second Revised Estimates,,,,,-193113.69223740345,-141704.39575692912,₹ Crore
2011-12,Current,2019-20,Primary Income Receivable Net From Row,Annual,Third Revised Estimates,,,,,-193113.69223740345,-141740.7114963789,₹ Crore
2011-12,Current,2018-19,Primary Income Receivable Net From Row,Annual,First Revised Estimates,,,,,-202324.0,-152358.0,₹ Crore
2011-12,Current,2018-19,Primary Income Receivable Net From Row,Annual,Second Revised Estimates,,,,,-202324.46720122002,-152459.4725154271,₹ Crore
2011-12,Current,2018-19,Primary Income Receivable Net From Row,Annual,Third Revised Estimates,,,,,-202324.46720122002,-152440.18987679709,₹ Crore
2011-12,Current,2017-18,Primary Income Receivable Net From Row,Annual,First Revised Estimates,,,,,-184812.5245586619,-145736.08461773332,₹ Crore
2011-12,Current,2017-18,Primary Income Receivable Net From Row,Annual,Second Revised Estimates,,,,,-184813.0,-145853.0,₹ Crore
2011-12,Current,2017-18,Primary Income Receivable Net From Row,Annual,Third Revised Estimates,,,,,-184812.64254849122,-145887.61070325537,₹ Crore
2011-12,Current,2016-17,Primary Income Receivable Net From Row,Annual,First Revised Estimates,,,,,-176329.81950613222,-144480.13776421236,₹ Crore
2011-12,Current,2016-17,Primary Income Receivable Net From Row,Annual,Second Revised Estimates,,,,,-176400.13529991033,-144572.7962720072,₹ Crore
2011-12,Current,2016-17,Primary Income Receivable Net From Row,Annual,Third Revised Estimates,,,,,-176400.0,-144575.0,₹ Crore
2011-12,Current,2015-16,Primary Income Receivable Net From Row,Annual,First Revised Estimates,,,,,-159779.48085414217,-134595.88232875423,₹ Crore
2011-12,Current,2015-16,Primary Income Receivable Net From Row,Annual,Second Revised Estimates,,,,,-159779.48085414217,-134725.2175609915,₹ Crore
2011-12,Current,2015-16,Primary Income Receivable Net From Row,Annual,Third Revised Estimates,,,,,-159779.06956219606,-134922.08716613703,₹ Crore
2011-12,Current,2014-15,Primary Income Receivable Net From Row,Annual,First Revised Estimates,,,,,-147433.0,-124450.0,₹ Crore
2011-12,Current,2014-15,Primary Income Receivable Net From Row,Annual,Second Revised Estimates,,,,,-147429.8741188141,-124434.27126714174,₹ Crore
2011-12,Current,2014-15,Primary Income Receivable Net From Row,Annual,Third Revised Estimates,,,,,-147429.8741188141,-124686.54169520529,₹ Crore
2011-12,Current,2013-14,Primary Income Receivable Net From Row,Annual,Second Revised Estimates,,,,,-139887.0,-122372.0,₹ Crore
2011-12,Current,2013-14,Primary Income Receivable Net From Row,Annual,Third Revised Estimates,,,,,-139883.8077784962,-122311.67277791124,₹ Crore
2011-12,Current,2013-14,Primary Income Receivable Net From Row,Annual,Additional Revision,,,,,-139883.8077784962,-122342.8584683837,₹ Crore
2011-12,Current,2012-13,Primary Income Receivable Net From Row,Annual,Second Revised Estimates,,,,,-116763.0,-108170.0,₹ Crore
2011-12,Current,2012-13,Primary Income Receivable Net From Row,Annual,Third Revised Estimates,,,,,-116763.0,-108291.87343007943,₹ Crore
2011-12,Current,2012-13,Primary Income Receivable Net From Row,Annual,Additional Revision,,,,,-116763.0,-108354.46673392945,₹ Crore
2011-12,Current,2011-12,Primary Income Receivable Net From Row,Annual,Second Revised Estimates,,,,,-76824.0,-76824.0,₹ Crore
2011-12,Current,2011-12,Primary Income Receivable Net From Row,Annual,Additional Revision,,,,,-76824.0,-76824.0,₹ Crore
2011-12,Current,2025-26,Gross National Income,Annual,First Advance Estimates,,,,,35158997.1451619,19873388.029032357,₹ Crore
2011-12,Current,2024-25,Gross National Income,Annual,First Advance Estimates,,,,,31909036.852223113,18198409.34483879,₹ Crore
2011-12,Current,2024-25,Gross National Income,Annual,Second Advance Estimates,,,,,32624917.564472303,18521328.399111114,₹ Crore
2011-12,Current,2024-25,Gross National Income,Annual,Provisional Estimates,,,,,32589848.336968973,18523133.06254163,₹ Crore
2011-12,Current,2023-24,Gross National Income,Annual,First Advance Estimates,,,,,29025946.06502848,16805360.61932466,₹ Crore
2011-12,Current,2023-24,Gross National Income,Annual,Second Advance Estimates,,,,,28958373.136388365,17034385.799204513,₹ Crore
2011-12,Current,2023-24,Gross National Income,Annual,Provisional Estimates,,,,,29104354.12377279,17125892.263768658,₹ Crore
2011-12,Current,2023-24,Gross National Income,Annual,First Revised Estimates,,,,,29710785.99685116,17404637.981224492,₹ Crore
2011-12,Current,2022-23,Gross National Income,Annual,First Advance Estimates,,,,,26799145.577260748,15461721.457119148,₹ Crore
2011-12,Current,2022-23,Gross National Income,Annual,Second Advance Estimates,,,,,26658984.21922693,15646680.934241593,₹ Crore
2011-12,Current,2022-23,Gross National Income,Annual,Provisional Estimates,,,,,26695929.318901468,15681336.565925278,₹ Crore
2011-12,Current,2022-23,Gross National Income,Annual,First Revised Estimates,,,,,26579339.122965273,15831133.03528818,₹ Crore
2011-12,Current,2022-23,Gross National Income,Annual,Final Estimates,,,,,26520165.83389087,15939375.753533915,₹ Crore
2011-12,Current,2021-22,Gross National Income,Annual,First Advance Estimates,,,,,23038772.219613962,14640444.931581147,₹ Crore
2011-12,Current,2021-22,Gross National Income,Annual,Second Advance Estimates,,,,,23275583.108762722,14536731.864173431,₹ Crore
2011-12,Current,2021-22,Gross National Income,Annual,Provisional Estimates,,,,,23296345.34176905,14500811.813501105,₹ Crore
2011-12,Current,2021-22,Gross National Income,Annual,First Revised Estimates,,,,,23001260.26034769,14619531.554613033,₹ Crore
2011-12,Current,2021-22,Gross National Income,Annual,Second Revised Estimates,,,,,23319590.10169094,14827919.76827563,₹ Crore
2011-12,Current,2020-21,Gross National Income,Annual,First Advance Estimates,,,,,19239492,13269436,₹ Crore
2011-12,Current,2020-21,Gross National Income,Annual,Second Advance Estimates,,,,,19401838,13280223,₹ Crore
2011-12,Current,2020-21,Gross National Income,Annual,Provisional Estimates,,,,,19561348.124027055,13384611.75626068,₹ Crore
2011-12,Current,2020-21,Gross National Income,Annual,First Revised Estimates,,,,,19534226.438565165,13368278.719594078,₹ Crore
2011-12,Current,2020-21,Gross National Income,Annual,Second Revised Estimates,,,,,19563239.66967728,13496925.27638694,₹ Crore
2011-12,Current,2020-21,Gross National Income,Annual,Third Revised Estimates,,,,,19587408.622852623,13493976.319482269,₹ Crore
2011-12,Current,2019-20,Gross National Income,Annual,First Advance Estimates,,,,,20239374,14630421,₹ Crore
2011-12,Current,2019-20,Gross National Income,Annual,Second Advance Estimates,,,,,20163263,14522931,₹ Crore
2011-12,Current,2019-20,Gross National Income,Annual,Provisional Estimates,,,,,20118353,14405339,₹ Crore
2011-12,Current,2019-20,Gross National Income,Annual,First Revised Estimates,,,,,20157899.202260546,14427631.536563527,₹ Crore
2011-12,Current,2019-20,Gross National Income,Annual,Second Revised Estimates,,,,,19881742.099758837,14374253.261974925,₹ Crore
2011-12,Current,2019-20,Gross National Income,Annual,Third Revised Estimates,,,,,19910479.164357215,14392900.063993318,₹ Crore
2011-12,Current,2018-19,Gross National Income,Annual,First Advance Estimates,,,,,18644811,13803895,₹ Crore
2011-12,Current,2018-19,Gross National Income,Annual,Second Advance Estimates,,,,,18860341,13954956,₹ Crore
2011-12,Current,2018-19,Gross National Income,Annual,Provisional Estimates,,,,,18816538,13932287,₹ Crore
2011-12,Current,2018-19,Gross National Income,Annual,First Revised Estimates,,,,,18768912.0,13829068.0,₹ Crore
2011-12,Current,2018-19,Gross National Income,Annual,Second Revised Estimates,,,,,18684632.440375574,13850856.779336412,₹ Crore
2011-12,Current,2018-19,Gross National Income,Annual,Third Revised Estimates,,,,,18697343.97738455,13840473.746402105,₹ Crore
2011-12,Current,2017-18,Gross National Income,Annual,First Advance Estimates,,,,,16438895,12835004,₹ Crore
2011-12,Current,2017-18,Gross National Income,Annual,Second Advance Estimates,,,,,16576205,12865461,₹ Crore
2011-12,Current,2017-18,Gross National Income,Annual,Provisional Estimates,,,,,16587278,12864227,₹ Crore
2011-12,Current,2017-18,Gross National Income,Annual,First Revised Estimates,,,,,16910192.293763015,13034121.209933974,₹ Crore
2011-12,Current,2017-18,Gross National Income,Annual,Second Revised Estimates,,,,,16913491.0,13029307.0,₹ Crore
2011-12,Current,2017-18,Gross National Income,Annual,Third Revised Estimates,,,,,16905229.718582436,12998694.534035861,₹ Crore
2011-12,Current,2016-17,Gross National Income,Annual,First Advance Estimates,,,,,15002477,11993865,₹ Crore
2011-12,Current,2016-17,Gross National Income,Annual,Second Advance Estimates,,,,,15083417,12028134,₹ Crore
2011-12,Current,2016-17,Gross National Income,Annual,Provisional Estimates,,,,,14994109,12034713,₹ Crore
2011-12,Current,2016-17,Gross National Income,Annual,First Revised Estimates,,,,,15077383.694960825,12051525.494821576,₹ Crore
2011-12,Current,2016-17,Gross National Income,Annual,Second Revised Estimates,,,,,15185985.878968813,12153754.094966544,₹ Crore
2011-12,Current,2016-17,Gross National Income,Annual,Third Revised Estimates,,,,,15215269.0,12163619.0,₹ Crore
2011-12,Current,2015-16,Gross National Income,Annual,First Advance Estimates,,,,,13409892,11214077,₹ Crore
2011-12,Current,2015-16,Gross National Income,Annual,Provisional Estimates,,,,,13418745,11213328,₹ Crore
2011-12,Current,2015-16,Gross National Income,Annual,First Revised Estimates,,,,,13515551.22620696,11222933.016803714,₹ Crore
2011-12,Current,2015-16,Gross National Income,Annual,Second Revised Estimates,,,,,13604257.78702849,11251419.670553783,₹ Crore
2011-12,Current,2015-16,Gross National Income,Annual,Third Revised Estimates,,,,,13612094.80929422,11234571.048793321,₹ Crore
2011-12,Current,2014-15,Gross National Income,Annual,First Advance Estimates,,,,,12498662,10527936,₹ Crore
2011-12,Current,2014-15,Gross National Income,Annual,Provisional Estimates,,,,,12383908,10513163,₹ Crore
2011-12,Current,2014-15,Gross National Income,Annual,First Revised Estimates,,,,,12340772.0,10427701.0,₹ Crore
2011-12,Current,2014-15,Gross National Income,Annual,Second Revised Estimates,,,,,12286319.170226835,10398251.41441804,₹ Crore
2011-12,Current,2014-15,Gross National Income,Annual,Third Revised Estimates,,,,,12320529.418435737,10402987.092729112,₹ Crore
2011-12,Current,2013-14,Gross National Income,Annual,Second Revised Estimates,,,,,11132877.0,9717062.0,₹ Crore
2011-12,Current,2013-14,Gross National Income,Annual,Third Revised Estimates,,,,,11096751.18979622,9695509.86161075,₹ Crore
2011-12,Current,2013-14,Gross National Income,Annual,Additional Revision,,,,,11093637.803860815,9679027.01778953,₹ Crore
2011-12,Current,2012-13,Gross National Income,Annual,Second Revised Estimates,,,,,9834581.0,9118709.0,₹ Crore
2011-12,Current,2012-13,Gross National Income,Annual,Third Revised Estimates,,,,,9829873.226968743,9106833.557346841,₹ Crore
2011-12,Current,2012-13,Gross National Income,Annual,Additional Revision,,,,,9827250.104152925,9104662.195538843,₹ Crore
2011-12,Current,2011-12,Gross National Income,Annual,Second Revised Estimates,,,,,8659215.0,8659215.0,₹ Crore
2011-12,Current,2011-12,Gross National Income,Annual,Additional Revision,,,,,8659504.71137281,8659504.71137281,₹ Crore
2011-12,Current,2023-24,Other Current Transfers Net From Row,Annual,First Revised Estimates,,,,,883214.906266595,nan,₹ Crore
2011-12,Current,2022-23,Other Current Transfers Net From Row,Annual,First Revised Estimates,,,,,819211.7405480611,nan,₹ Crore
2011-12,Current,2022-23,Other Current Transfers Net From Row,Annual,Final Estimates,,,,,819211.740548061,nan,₹ Crore
2011-12,Current,2021-22,Other Current Transfers Net From Row,Annual,First Revised Estimates,,,,,605443.9093023451,nan,₹ Crore
2011-12,Current,2021-22,Other Current Transfers Net From Row,Annual,Second Revised Estimates,,,,,605443.9093023451,nan,₹ Crore
2011-12,Current,2020-21,Other Current Transfers Net From Row,Annual,First Revised Estimates,,,,,552188.2600546826,nan,₹ Crore
2011-12,Current,2020-21,Other Current Transfers Net From Row,Annual,Second Revised Estimates,,,,,552188.2600546826,nan,₹ Crore
2011-12,Current,2020-21,Other Current Transfers Net From Row,Annual,Third Revised Estimates,,,,,552188.2600546826,nan,₹ Crore
2011-12,Current,2019-20,Other Current Transfers Net From Row,Annual,First Revised Estimates,,,,,540364.0334991214,nan,₹ Crore
2011-12,Current,2019-20,Other Current Transfers Net From Row,Annual,Second Revised Estimates,,,,,540364.0334991214,nan,₹ Crore
2011-12,Current,2019-20,Other Current Transfers Net From Row,Annual,Third Revised Estimates,,,,,540364.0334991214,nan,₹ Crore
2011-12,Current,2018-19,Other Current Transfers Net From Row,Annual,First Revised Estimates,,,,,493740.0,nan,₹ Crore
2011-12,Current,2018-19,Other Current Transfers Net From Row,Annual,Second Revised Estimates,,,,,493739.51770062704,nan,₹ Crore
2011-12,Current,2018-19,Other Current Transfers Net From Row,Annual,Third Revised Estimates,,,,,493739.51770062704,nan,₹ Crore
2011-12,Current,2017-18,Other Current Transfers Net From Row,Annual,First Revised Estimates,,,,,405740.210033715,nan,₹ Crore
2011-12,Current,2017-18,Other Current Transfers Net From Row,Annual,Second Revised Estimates,,,,,405740.0,nan,₹ Crore
2011-12,Current,2017-18,Other Current Transfers Net From Row,Annual,Third Revised Estimates,,,,,405740.210033715,nan,₹ Crore
2011-12,Current,2016-17,Other Current Transfers Net From Row,Annual,First Revised Estimates,,,,,379438.09071572096,nan,₹ Crore
2011-12,Current,2016-17,Other Current Transfers Net From Row,Annual,Second Revised Estimates,,,,,379438.09071572096,nan,₹ Crore
2011-12,Current,2016-17,Other Current Transfers Net From Row,Annual,Third Revised Estimates,,,,,379438.0,nan,₹ Crore
2011-12,Current,2015-16,Other Current Transfers Net From Row,Annual,First Revised Estimates,,,,,413082.77689705,nan,₹ Crore
2011-12,Current,2015-16,Other Current Transfers Net From Row,Annual,Second Revised Estimates,,,,,413082.77689705,nan,₹ Crore
2011-12,Current,2015-16,Other Current Transfers Net From Row,Annual,Third Revised Estimates,,,,,413082.77689705,nan,₹ Crore
2011-12,Current,2014-15,Other Current Transfers Net From Row,Annual,First Revised Estimates,,,,,405154.0,nan,₹ Crore
2011-12,Current,2014-15,Other Current Transfers Net From Row,Annual,Second Revised Estimates,,,,,405154.0,nan,₹ Crore
2011-12,Current,2014-15,Other Current Transfers Net From Row,Annual,Third Revised Estimates,,,,,405154.0,nan,₹ Crore
2011-12,Current,2013-14,Other Current Transfers Net From Row,Annual,Second Revised Estimates,,,,,395918.0,nan,₹ Crore
2011-12,Current,2013-14,Other Current Transfers Net From Row,Annual,Third Revised Estimates,,,,,395918.0,nan,₹ Crore
2011-12,Current,2013-14,Other Current Transfers Net From Row,Annual,Additional Revision,,,,,395918.0,nan,₹ Crore
2011-12,Current,2012-13,Other Current Transfers Net From Row,Annual,Second Revised Estimates,,,,,350081.0,nan,₹ Crore
2011-12,Current,2012-13,Other Current Transfers Net From Row,Annual,Third Revised Estimates,,,,,350081.0,nan,₹ Crore
2011-12,Current,2012-13,Other Current Transfers Net From Row,Annual,Additional Revision,,,,,350081.0,nan,₹ Crore
2011-12,Current,2011-12,Other Current Transfers Net From Row,Annual,Second Revised Estimates,,,,,304902.0,nan,₹ Crore
2011-12,Current,2011-12,Other Current Transfers Net From Row,Annual,Additional Revision,,,,,304902.0,nan,₹ Crore
2011-12,Current,2025-26,Gross National Disposable Income,Annual,First Advance Estimates,,,,,36204793.60525,nan,₹ Crore
2011-12,Current,2024-25,Gross National Disposable Income,Annual,First Advance Estimates,,,,,32865545.990156695,nan,₹ Crore
2011-12,Current,2024-25,Gross National Disposable Income,Annual,Second Advance Estimates,,,,,33583538.38153117,nan,₹ Crore
2011-12,Current,2024-25,Gross National Disposable Income,Annual,Provisional Estimates,,,,,33548469.154027842,nan,₹ Crore
2011-12,Current,2023-24,Gross National Disposable Income,Annual,First Advance Estimates,,,,,29705902.67338661,nan,₹ Crore
2011-12,Current,2023-24,Gross National Disposable Income,Annual,Second Advance Estimates,,,,,29839726.970896564,nan,₹ Crore
2011-12,Current,2023-24,Gross National Disposable Income,Annual,Provisional Estimates,,,,,29985707.958280988,nan,₹ Crore
2011-12,Current,2023-24,Gross National Disposable Income,Annual,First Revised Estimates,,,,,30594000.903117757,nan,₹ Crore
2011-12,Current,2022-23,Gross National Disposable Income,Annual,First Advance Estimates,,,,,27413339.502336003,nan,₹ Crore
2011-12,Current,2022-23,Gross National Disposable Income,Annual,Second Advance Estimates,,,,,27299536.792824257,nan,₹ Crore
2011-12,Current,2022-23,Gross National Disposable Income,Annual,Provisional Estimates,,,,,27336481.892498795,nan,₹ Crore
2011-12,Current,2022-23,Gross National Disposable Income,Annual,First Revised Estimates,,,,,27398550.86351333,nan,₹ Crore
2011-12,Current,2022-23,Gross National Disposable Income,Annual,Final Estimates,,,,,27339377.57443893,nan,₹ Crore
2011-12,Current,2021-22,Gross National Disposable Income,Annual,First Advance Estimates,,,,,23637379.637413323,nan,₹ Crore
2011-12,Current,2021-22,Gross National Disposable Income,Annual,Second Advance Estimates,,,,,23857376.22473339,nan,₹ Crore
2011-12,Current,2021-22,Gross National Disposable Income,Annual,Provisional Estimates,,,,,23878138.45773972,nan,₹ Crore
2011-12,Current,2021-22,Gross National Disposable Income,Annual,First Revised Estimates,,,,,23606704.169650037,nan,₹ Crore
2011-12,Current,2021-22,Gross National Disposable Income,Annual,Second Revised Estimates,,,,,23925034.010993287,nan,₹ Crore
2011-12,Current,2020-21,Gross National Disposable Income,Annual,First Advance Estimates,,,,,19774410,nan,₹ Crore
2011-12,Current,2020-21,Gross National Disposable Income,Annual,Second Advance Estimates,,,,,19968974,nan,₹ Crore
2011-12,Current,2020-21,Gross National Disposable Income,Annual,Provisional Estimates,,,,,20128484.28653723,nan,₹ Crore
2011-12,Current,2020-21,Gross National Disposable Income,Annual,First Revised Estimates,,,,,20086414.698619846,nan,₹ Crore
2011-12,Current,2020-21,Gross National Disposable Income,Annual,Second Revised Estimates,,,,,20115427.92973196,nan,₹ Crore
2011-12,Current,2020-21,Gross National Disposable Income,Annual,Third Revised Estimates,,,,,20139596.882907305,nan,₹ Crore
2011-12,Current,2019-20,Gross National Disposable Income,Annual,First Advance Estimates,,,,,20668980,nan,₹ Crore
2011-12,Current,2019-20,Gross National Disposable Income,Annual,Second Advance Estimates,,,,,20675229,nan,₹ Crore
2011-12,Current,2019-20,Gross National Disposable Income,Annual,Provisional Estimates,,,,,20630319,nan,₹ Crore
2011-12,Current,2019-20,Gross National Disposable Income,Annual,First Revised Estimates,,,,,20698263.235759668,nan,₹ Crore
2011-12,Current,2019-20,Gross National Disposable Income,Annual,Second Revised Estimates,,,,,20422106.13325796,nan,₹ Crore
2011-12,Current,2019-20,Gross National Disposable Income,Annual,Third Revised Estimates,,,,,20450843.197856337,nan,₹ Crore
2011-12,Current,2018-19,Gross National Disposable Income,Annual,First Advance Estimates,,,,,19055531,nan,₹ Crore
2011-12,Current,2018-19,Gross National Disposable Income,Annual,Second Advance Estimates,,,,,19281745,nan,₹ Crore
2011-12,Current,2018-19,Gross National Disposable Income,Annual,Provisional Estimates,,,,,19237943,nan,₹ Crore
2011-12,Current,2018-19,Gross National Disposable Income,Annual,First Revised Estimates,,,,,19262652.0,nan,₹ Crore
2011-12,Current,2018-19,Gross National Disposable Income,Annual,Second Revised Estimates,,,,,19178371.9580762,nan,₹ Crore
2011-12,Current,2018-19,Gross National Disposable Income,Annual,Third Revised Estimates,,,,,19191083.495085176,nan,₹ Crore
2011-12,Current,2017-18,Gross National Disposable Income,Annual,First Advance Estimates,,,,,16831155,nan,₹ Crore
2011-12,Current,2017-18,Gross National Disposable Income,Annual,Second Advance Estimates,,,,,16962397,nan,₹ Crore
2011-12,Current,2017-18,Gross National Disposable Income,Annual,Provisional Estimates,,,,,16983715,nan,₹ Crore
2011-12,Current,2017-18,Gross National Disposable Income,Annual,First Revised Estimates,,,,,17315932.50379673,nan,₹ Crore
2011-12,Current,2017-18,Gross National Disposable Income,Annual,Second Revised Estimates,,,,,17319231.0,nan,₹ Crore
2011-12,Current,2017-18,Gross National Disposable Income,Annual,Third Revised Estimates,,,,,17310969.92861615,nan,₹ Crore
2011-12,Current,2016-17,Gross National Disposable Income,Annual,First Advance Estimates,,,,,15394372,nan,₹ Crore
2011-12,Current,2016-17,Gross National Disposable Income,Annual,Second Advance Estimates,,,,,15496512,nan,₹ Crore
2011-12,Current,2016-17,Gross National Disposable Income,Annual,Provisional Estimates,,,,,15379509,nan,₹ Crore
2011-12,Current,2016-17,Gross National Disposable Income,Annual,First Revised Estimates,,,,,15456821.785676546,nan,₹ Crore
2011-12,Current,2016-17,Gross National Disposable Income,Annual,Second Revised Estimates,,,,,15565423.969684534,nan,₹ Crore
2011-12,Current,2016-17,Gross National Disposable Income,Annual,Third Revised Estimates,,,,,15594707.0,nan,₹ Crore
2011-12,Current,2015-16,Gross National Disposable Income,Annual,First Advance Estimates,,,,,13819289,nan,₹ Crore
2011-12,Current,2015-16,Gross National Disposable Income,Annual,Provisional Estimates,,,,,13832957,nan,₹ Crore
2011-12,Current,2015-16,Gross National Disposable Income,Annual,First Revised Estimates,,,,,13928634.00310401,nan,₹ Crore
2011-12,Current,2015-16,Gross National Disposable Income,Annual,Second Revised Estimates,,,,,14017340.56392554,nan,₹ Crore
2011-12,Current,2015-16,Gross National Disposable Income,Annual,Third Revised Estimates,,,,,14025177.58619127,nan,₹ Crore
2011-12,Current,2014-15,Gross National Disposable Income,Annual,First Advance Estimates,,,,,12922162,nan,₹ Crore
2011-12,Current,2014-15,Gross National Disposable Income,Annual,Provisional Estimates,,,,,12788008,nan,₹ Crore
2011-12,Current,2014-15,Gross National Disposable Income,Annual,First Revised Estimates,,,,,12745926.0,nan,₹ Crore
2011-12,Current,2014-15,Gross National Disposable Income,Annual,Second Revised Estimates,,,,,12691473.170226835,nan,₹ Crore
2011-12,Current,2014-15,Gross National Disposable Income,Annual,Third Revised Estimates,,,,,12725683.418435737,nan,₹ Crore
2011-12,Current,2013-14,Gross National Disposable Income,Annual,Second Revised Estimates,,,,,11528795.0,nan,₹ Crore
2011-12,Current,2013-14,Gross National Disposable Income,Annual,Third Revised Estimates,,,,,11492669.18979622,nan,₹ Crore
2011-12,Current,2013-14,Gross National Disposable Income,Annual,Additional Revision,,,,,11489555.803860815,nan,₹ Crore
2011-12,Current,2012-13,Gross National Disposable Income,Annual,Second Revised Estimates,,,,,10184662.0,nan,₹ Crore
2011-12,Current,2012-13,Gross National Disposable Income,Annual,Third Revised Estimates,,,,,10179954.226968743,nan,₹ Crore
2011-12,Current,2012-13,Gross National Disposable Income,Annual,Additional Revision,,,,,10177331.104152925,nan,₹ Crore
2011-12,Current,2011-12,Gross National Disposable Income,Annual,Second Revised Estimates,,,,,8964117.0,nan,₹ Crore
2011-12,Current,2011-12,Gross National Disposable Income,Annual,Additional Revision,,,,,8964406.71137281,nan,₹ Crore
2011-12,Current,1999,Gross National Disposable Income,Annual,First Advance Estimates,,,,,36204793.60525,,₹ Crore
2011-12,Current,2025-26,Net Taxes on Products,Annual,First Advance Estimates,,,,,3366013,1740090.6117754518,₹ Crore
2011-12,Current,2024-25,Net Taxes on Products,Annual,First Advance Estimates,,,,,3147797.2379013486,1597185.82836696,₹ Crore
2011-12,Current,2024-25,Net Taxes on Products,Annual,Second Advance Estimates,,,,,3088321.534979821,1615252.8879791333,₹ Crore
2011-12,Current,2024-25,Net Taxes on Products,Annual,Provisional Estimates,,,,,3046112.5816172417,1609509.2329962994,₹ Crore
2011-12,Current,2023-24,Net Taxes on Products,Annual,First Advance Estimates,,,,,2945549.4905399,1396484.7219914,₹ Crore
2011-12,Current,2023-24,Net Taxes on Products,Annual,Second Advance Estimates,,,,,2712007.170826121,1462572.750924548,₹ Crore
2011-12,Current,2023-24,Net Taxes on Products,Annual,Provisional Estimates,,,,,2773519.667388038,1507971.210951481,₹ Crore
2011-12,Current,2023-24,Net Taxes on Products,Annual,First Revised Estimates,,,,,2710067.849460607,1499114.4432301,₹ Crore
2011-12,Current,2022-23,Net Taxes on Products,Annual,First Advance Estimates,,,,,2581536.7322523016,1241689.9161690038,₹ Crore
2011-12,Current,2022-23,Net Taxes on Products,Annual,Second Advance Estimates,,,,,2496766.0676701088,1258496.476365401,₹ Crore
2011-12,Current,2022-23,Net Taxes on Products,Annual,Provisional Estimates,,,,,2497841.4022093914,1241585.4038894111,₹ Crore
2011-12,Current,2022-23,Net Taxes on Products,Annual,First Revised Estimates,,,,,2290604.581096207,1266527.9816661053,₹ Crore
2011-12,Current,2022-23,Net Taxes on Products,Annual,Final Estimates,,,,,2243774.8720305166,1286885.11617982,₹ Crore
2011-12,Current,2021-22,Net Taxes on Products,Annual,First Advance Estimates,,,,,2178162.5660095885,1231074.208435855,₹ Crore
2011-12,Current,2021-22,Net Taxes on Products,Annual,Second Advance Estimates,,,,,2286601.563009588,1146981.0617411213,₹ Crore
2011-12,Current,2021-22,Net Taxes on Products,Annual,Provisional Estimates,,,,,2315237.8251912785,1130041.4898189497,₹ Crore
2011-12,Current,2021-22,Net Taxes on Products,Annual,First Revised Estimates,,,,,2032128.4732785998,1127815.4329285459,₹ Crore
2011-12,Current,2021-22,Net Taxes on Products,Annual,Second Revised Estimates,,,,,1961814.8938300107,1145006.2240373376,₹ Crore
2011-12,Current,2020-21,Net Taxes on Products,Annual,First Advance Estimates,,,,,1905133,1100487,₹ Crore
2011-12,Current,2020-21,Net Taxes on Products,Annual,Second Advance Estimates,,,,,1805040,997387,₹ Crore
2011-12,Current,2020-21,Net Taxes on Products,Annual,Provisional Estimates,,,,,1830503.3761742427,1059310.4892666517,₹ Crore
2011-12,Current,2020-21,Net Taxes on Products,Annual,First Revised Estimates,,,,,1743104.040382336,973399.7840026129,₹ Crore
2011-12,Current,2020-21,Net Taxes on Products,Annual,Second Revised Estimates,,,,,1641146.7730953817,1005635.9497266185,₹ Crore
2011-12,Current,2020-21,Net Taxes on Products,Annual,Third Revised Estimates,,,,,1643098.8621224954,1007524.6697323539,₹ Crore
2011-12,Current,2019-20,Net Taxes on Products,Annual,First Advance Estimates,,,,,1940040,1238499,₹ Crore
2011-12,Current,2019-20,Net Taxes on Products,Annual,Second Advance Estimates,,,,,1891073,1249229,₹ Crore
2011-12,Current,2019-20,Net Taxes on Products,Annual,Provisional Estimates,,,,,1996612,1264831,₹ Crore
2011-12,Current,2019-20,Net Taxes on Products,Annual,First Revised Estimates,,,,,1889669.6381142465,1297797.0486181185,₹ Crore
2011-12,Current,2019-20,Net Taxes on Products,Annual,Second Revised Estimates,,,,,1719746.346188441,1296482.0722682213,₹ Crore
2011-12,Current,2019-20,Net Taxes on Products,Annual,Third Revised Estimates,,,,,1722475.5414077512,1298540.3643322098,₹ Crore
2011-12,Current,2018-19,Net Taxes on Products,Annual,First Advance Estimates,,,,,1879366,1143071,₹ Crore
2011-12,Current,2018-19,Net Taxes on Products,Annual,Second Advance Estimates,,,,,1812813,1174331,₹ Crore
2011-12,Current,2018-19,Net Taxes on Products,Annual,Provisional Estimates,,,,,1810349,1170650,₹ Crore
2011-12,Current,2018-19,Net Taxes on Products,Annual,First Revised Estimates,,,,,1831275.0,1178298.0,₹ Crore
2011-12,Current,2018-19,Net Taxes on Products,Annual,Second Revised Estimates,,,,,1725744.167714186,1259113.7346787474,₹ Crore
2011-12,Current,2018-19,Net Taxes on Products,Annual,Third Revised Estimates,,,,,1724540.1437611885,1259116.1669326867,₹ Crore
2011-12,Current,2017-18,Net Taxes on Products,Annual,First Advance Estimates,,,,,1729931,1114043,₹ Crore
2011-12,Current,2017-18,Net Taxes on Products,Annual,Second Advance Estimates,,,,,1585309,1039417,₹ Crore
2011-12,Current,2017-18,Net Taxes on Products,Annual,Provisional Estimates,,,,,1590774,1034688,₹ Crore
2011-12,Current,2017-18,Net Taxes on Products,Annual,First Revised Estimates,,,,,1612290.24079994,1075692.6311926283,₹ Crore
2011-12,Current,2017-18,Net Taxes on Products,Annual,Second Revised Estimates,,,,,1585182.0,1100747.0,₹ Crore
2011-12,Current,2017-18,Net Taxes on Products,Annual,Third Revised Estimates,,,,,1584377.1496069483,1110411.6310086048,₹ Crore
2011-12,Current,2016-17,Net Taxes on Products,Annual,First Advance Estimates,,,,,1590413,1001760,₹ Crore
2011-12,Current,2016-17,Net Taxes on Products,Annual,Second Advance Estimates,,,,,1500242,997166,₹ Crore
2011-12,Current,2016-17,Net Taxes on Products,Annual,Provisional Estimates,,,,,1513795,1004414,₹ Crore
2011-12,Current,2016-17,Net Taxes on Products,Annual,First Revised Estimates,,,,,1412122.2502111418,948376.343983995,₹ Crore
2011-12,Current,2016-17,Net Taxes on Products,Annual,Second Revised Estimates,,,,,1426468.8252382097,979355.2451398522,₹ Crore
2011-12,Current,2016-17,Net Taxes on Products,Annual,Third Revised Estimates,,,,,1426469.0,979909.0,₹ Crore
2011-12,Current,2015-16,Net Taxes on Products,Annual,First Advance Estimates,,,,,1643688,1193486,₹ Crore
2011-12,Current,2015-16,Net Taxes on Products,Annual,Provisional Estimates,,,,,1612197,1190986,₹ Crore
2011-12,Current,2015-16,Net Taxes on Products,Annual,First Revised Estimates,,,,,1223393.0,887809.0,₹ Crore
2011-12,Current,2015-16,Net Taxes on Products,Annual,Second Revised Estimates,,,,,1197391.284110232,882797.0655704313,₹ Crore
2011-12,Current,2015-16,Net Taxes on Products,Annual,Third Revised Estimates,,,,,1197375.2326521145,877622.7893836692,₹ Crore
2011-12,Current,2014-15,Net Taxes on Products,Annual,First Advance Estimates,,,,,1310597,1086552,₹ Crore
2011-12,Current,2014-15,Net Taxes on Products,Annual,Provisional Estimates,,,,,1329750,1096164,₹ Crore
2011-12,Current,2014-15,Net Taxes on Products,Annual,First Revised Estimates,,,,,1015796.0,824660.4,₹ Crore
2011-12,Current,2014-15,Net Taxes on Products,Annual,Second Revised Estimates,,,,,963334.0,813339.0,₹ Crore
2011-12,Current,2014-15,Net Taxes on Products,Annual,Third Revised Estimates,,,,,963679.8092740638,815540.8442698589,₹ Crore
2011-12,Current,2013-14,Net Taxes on Products,Annual,Second Revised Estimates,,,,,891951.0,755064.8,₹ Crore
2011-12,Current,2013-14,Net Taxes on Products,Annual,Third Revised Estimates,,,,,870369.0,738572.0,₹ Crore
2011-12,Current,2013-14,Net Taxes on Products,Annual,Additional Revision,,,,,870369.0,737721.2082120227,₹ Crore
2011-12,Current,2012-13,Net Taxes on Products,Annual,Second Revised Estimates,,,,,741321.0,680327.2,₹ Crore
2011-12,Current,2012-13,Net Taxes on Products,Annual,Third Revised Estimates,,,,,741321.0,666896.0,₹ Crore
2011-12,Current,2012-13,Net Taxes on Products,Annual,Additional Revision,,,,,741321.0,666741.3124239291,₹ Crore
2011-12,Current,2011-12,Net Taxes on Products,Annual,Second Revised Estimates,,,,,629383.0,629383.0,₹ Crore
2011-12,Current,2011-12,Net Taxes on Products,Annual,Additional Revision,,,,,629382.7178399999,629382.7178399999,₹ Crore
2011-12,Current,2023-24,Gross Saving,Annual,First Revised Estimates,,,Public Non-Financial Corporations,,454013.4164735977,,₹ Crore
2011-12,Current,2023-24,Gross Saving,Annual,First Revised Estimates,,,Private Non-Financial Corporations,,2874933.5981240897,,₹ Crore
2011-12,Current,2023-24,Gross Saving,Annual,First Revised Estimates,,,Public Financial Corporations,,419397.6358,,₹ Crore
2011-12,Current,2023-24,Gross Saving,Annual,First Revised Estimates,,,Private Financial Corporations,,335515.560493088,,₹ Crore
2011-12,Current,2023-24,Gross Saving,Annual,First Revised Estimates,,,General Government,,-285933.7914999381,,₹ Crore
2011-12,Current,2023-24,Gross Saving,Annual,First Revised Estimates,,,Households Including NPISH,,5461259.484723199,,₹ Crore
2011-12,Current,2023-24,Gross Saving,Annual,First Revised Estimates,,,Total Gross Saving,,9259185.904114036,,₹ Crore
2011-12,Current,2023-24,Gross Saving,Annual,First Revised Estimates,,,,,9259185.904114038,nan,₹ Crore
2011-12,Current,2022-23,Gross Saving,Annual,First Revised Estimates,,,Public Non-Financial Corporations,,319417.24819203315,,₹ Crore
2011-12,Current,2022-23,Gross Saving,Annual,First Revised Estimates,,,Private Non-Financial Corporations,,2720972.698998809,,₹ Crore
2011-12,Current,2022-23,Gross Saving,Annual,First Revised Estimates,,,Public Financial Corporations,,461926.5690059,,₹ Crore
2011-12,Current,2022-23,Gross Saving,Annual,First Revised Estimates,,,Private Financial Corporations,,298233.1994289492,,₹ Crore
2011-12,Current,2022-23,Gross Saving,Annual,First Revised Estimates,,,General Government,,-613755.5286969731,,₹ Crore
2011-12,Current,2022-23,Gross Saving,Annual,First Revised Estimates,,,Households Including NPISH,,4963213.754346798,,₹ Crore
2011-12,Current,2022-23,Gross Saving,Annual,First Revised Estimates,,,Total Gross Saving,,8150007.9412755165,,₹ Crore
2011-12,Current,2022-23,Gross Saving,Annual,First Revised Estimates,,,,,8150007.9412755165,nan,₹ Crore
2011-12,Current,2022-23,Gross Saving,Annual,Final Estimates,,,Public Non-Financial Corporations,,331867.4490896086,,₹ Crore
2011-12,Current,2022-23,Gross Saving,Annual,Final Estimates,,,Private Non-Financial Corporations,,2644507.3999077408,,₹ Crore
2011-12,Current,2022-23,Gross Saving,Annual,Final Estimates,,,Public Financial Corporations,,464221.3790059,,₹ Crore
2011-12,Current,2022-23,Gross Saving,Annual,Final Estimates,,,Private Financial Corporations,,305599.96368248144,,₹ Crore
2011-12,Current,2022-23,Gross Saving,Annual,Final Estimates,,,General Government,,-512622.4198458578,,₹ Crore
2011-12,Current,2022-23,Gross Saving,Annual,Final Estimates,,,Households Including NPISH,,5010474.526905795,,₹ Crore
2011-12,Current,2022-23,Gross Saving,Annual,Final Estimates,,,Total Gross Saving,,8244048.298745668,,₹ Crore
2011-12,Current,2022-23,Gross Saving,Annual,Final Estimates,,,,,8244048.298745668,nan,₹ Crore
2011-12,Current,2021-22,Gross Saving,Annual,First Revised Estimates,,,Public Non-Financial Corporations,,299769.9317385559,,₹ Crore
2011-12,Current,2021-22,Gross Saving,Annual,First Revised Estimates,,,Private Non-Financial Corporations,,2198758.0320843956,,₹ Crore
2011-12,Current,2021-22,Gross Saving,Annual,First Revised Estimates,,,Public Financial Corporations,,359114.66075289994,,₹ Crore
2011-12,Current,2021-22,Gross Saving,Annual,First Revised Estimates,,,Private Financial Corporations,,231812.376338478,,₹ Crore
2011-12,Current,2021-22,Gross Saving,Annual,First Revised Estimates,,,General Government,,-632296.9957967468,,₹ Crore
2011-12,Current,2021-22,Gross Saving,Annual,First Revised Estimates,,,Households Including NPISH,,4619501.477045625,,₹ Crore
2011-12,Current,2021-22,Gross Saving,Annual,First Revised Estimates,,,Total Gross Saving,,7076659.482163208,,₹ Crore
2011-12,Current,2021-22,Gross Saving,Annual,First Revised Estimates,,,,,7076659.482163209,nan,₹ Crore
2011-12,Current,2021-22,Gross Saving,Annual,Second Revised Estimates,,,Public Non-Financial Corporations,,312407.4419069552,,₹ Crore
2011-12,Current,2021-22,Gross Saving,Annual,Second Revised Estimates,,,Private Non-Financial Corporations,,2420718.5696068737,,₹ Crore
2011-12,Current,2021-22,Gross Saving,Annual,Second Revised Estimates,,,Public Financial Corporations,,359567.5607528999,,₹ Crore
2011-12,Current,2021-22,Gross Saving,Annual,Second Revised Estimates,,,Private Financial Corporations,,231434.6579156056,,₹ Crore
2011-12,Current,2021-22,Gross Saving,Annual,Second Revised Estimates,,,General Government,,-703358.9873783472,,₹ Crore
2011-12,Current,2021-22,Gross Saving,Annual,Second Revised Estimates,,,Households Including NPISH,,4742333.270456484,,₹ Crore
2011-12,Current,2021-22,Gross Saving,Annual,Second Revised Estimates,,,Total Gross Saving,,7363102.513260471,,₹ Crore
2011-12,Current,2021-22,Gross Saving,Annual,Second Revised Estimates,,,,,7363102.513260471,nan,₹ Crore
2011-12,Current,2020-21,Gross Saving,Annual,First Revised Estimates,,,Public Non-Financial Corporations,,276059.4341458294,,₹ Crore
2011-12,Current,2020-21,Gross Saving,Annual,First Revised Estimates,,,Private Non-Financial Corporations,,1714017.5854044994,,₹ Crore
2011-12,Current,2020-21,Gross Saving,Annual,First Revised Estimates,,,Public Financial Corporations,,285034.60609470005,,₹ Crore
2011-12,Current,2020-21,Gross Saving,Annual,First Revised Estimates,,,Private Financial Corporations,,272228.80843977345,,₹ Crore
2011-12,Current,2020-21,Gross Saving,Annual,First Revised Estimates,,,General Government,,-1345477.976801587,,₹ Crore
2011-12,Current,2020-21,Gross Saving,Annual,First Revised Estimates,,,Households Including NPISH,,4390583.757601572,,₹ Crore
2011-12,Current,2020-21,Gross Saving,Annual,First Revised Estimates,,,Total Gross Saving,,5592446.214884788,,₹ Crore
2011-12,Current,2020-21,Gross Saving,Annual,First Revised Estimates,,,,,5592446.214884788,nan,₹ Crore
2011-12,Current,2020-21,Gross Saving,Annual,Second Revised Estimates,,,Public Non-Financial Corporations,,239430.68267220483,,₹ Crore
2011-12,Current,2020-21,Gross Saving,Annual,Second Revised Estimates,,,Private Non-Financial Corporations,,1854169.2597972804,,₹ Crore
2011-12,Current,2020-21,Gross Saving,Annual,Second Revised Estimates,,,Public Financial Corporations,,279414.60416670004,,₹ Crore
2011-12,Current,2020-21,Gross Saving,Annual,Second Revised Estimates,,,Private Financial Corporations,,233556.9471966592,,₹ Crore
2011-12,Current,2020-21,Gross Saving,Annual,Second Revised Estimates,,,General Government,,-1324419.8735311646,,₹ Crore
2011-12,Current,2020-21,Gross Saving,Annual,Second Revised Estimates,,,Households Including NPISH,,4434672.536879738,,₹ Crore
2011-12,Current,2020-21,Gross Saving,Annual,Second Revised Estimates,,,Total Gross Saving,,5716824.157181418,,₹ Crore
2011-12,Current,2020-21,Gross Saving,Annual,Second Revised Estimates,,,,,5716824.157181418,nan,₹ Crore
2011-12,Current,2020-21,Gross Saving,Annual,Third Revised Estimates,,,Public Non-Financial Corporations,,233567.0357922743,,₹ Crore
2011-12,Current,2020-21,Gross Saving,Annual,Third Revised Estimates,,,Private Non-Financial Corporations,,1855328.799443187,,₹ Crore
2011-12,Current,2020-21,Gross Saving,Annual,Third Revised Estimates,,,Public Financial Corporations,,280288.23416670004,,₹ Crore
2011-12,Current,2020-21,Gross Saving,Annual,Third Revised Estimates,,,Private Financial Corporations,,233556.9471569191,,₹ Crore
2011-12,Current,2020-21,Gross Saving,Annual,Third Revised Estimates,,,General Government,,-1321438.186649842,,₹ Crore
2011-12,Current,2020-21,Gross Saving,Annual,Third Revised Estimates,,,Households Including NPISH,,4505626.221977984,,₹ Crore
2011-12,Current,2020-21,Gross Saving,Annual,Third Revised Estimates,,,Total Gross Saving,,5786929.051887222,,₹ Crore
2011-12,Current,2020-21,Gross Saving,Annual,Third Revised Estimates,,,,,5786929.051887223,nan,₹ Crore
2011-12,Current,2019-20,Gross Saving,Annual,First Revised Estimates,,,Public Non-Financial Corporations,,286810.30349139223,,₹ Crore
2011-12,Current,2019-20,Gross Saving,Annual,First Revised Estimates,,,Private Non-Financial Corporations,,1898877.9896779398,,₹ Crore
2011-12,Current,2019-20,Gross Saving,Annual,First Revised Estimates,,,Public Financial Corporations,,309950.0471027,,₹ Crore
2011-12,Current,2019-20,Gross Saving,Annual,First Revised Estimates,,,Private Financial Corporations,,270776.0636785182,,₹ Crore
2011-12,Current,2019-20,Gross Saving,Annual,First Revised Estimates,,,General Government,,-371256.13960747333,,₹ Crore
2011-12,Current,2019-20,Gross Saving,Annual,First Revised Estimates,,,Households Including NPISH,,3990822.4272066075,,₹ Crore
2011-12,Current,2019-20,Gross Saving,Annual,First Revised Estimates,,,Total Gross Saving,,6385980.691549685,,₹ Crore
2011-12,Current,2019-20,Gross Saving,Annual,First Revised Estimates,,,,,6385980.691549685,nan,₹ Crore
2011-12,Current,2019-20,Gross Saving,Annual,Second Revised Estimates,,,Public Non-Financial Corporations,,291751.7851482966,,₹ Crore
2011-12,Current,2019-20,Gross Saving,Annual,Second Revised Estimates,,,Private Non-Financial Corporations,,1833429.3026614103,,₹ Crore
2011-12,Current,2019-20,Gross Saving,Annual,Second Revised Estimates,,,Public Financial Corporations,,312171.71168169996,,₹ Crore
2011-12,Current,2019-20,Gross Saving,Annual,Second Revised Estimates,,,Private Financial Corporations,,270773.82672935043,,₹ Crore
2011-12,Current,2019-20,Gross Saving,Annual,Second Revised Estimates,,,General Government,,-641332.3653578765,,₹ Crore
2011-12,Current,2019-20,Gross Saving,Annual,Second Revised Estimates,,,Households Including NPISH,,3929147.711252823,,₹ Crore
2011-12,Current,2019-20,Gross Saving,Annual,Second Revised Estimates,,,Total Gross Saving,,5995941.972115704,,₹ Crore
2011-12,Current,2019-20,Gross Saving,Annual,Second Revised Estimates,,,,,5995941.972115704,nan,₹ Crore
2011-12,Current,2019-20,Gross Saving,Annual,Third Revised Estimates,,,Public Non-Financial Corporations,,292430.01202146907,,₹ Crore
2011-12,Current,2019-20,Gross Saving,Annual,Third Revised Estimates,,,Private Non-Financial Corporations,,1839009.0419204612,,₹ Crore
2011-12,Current,2019-20,Gross Saving,Annual,Third Revised Estimates,,,Public Financial Corporations,,312703.3016817,,₹ Crore
2011-12,Current,2019-20,Gross Saving,Annual,Third Revised Estimates,,,Private Financial Corporations,,211990.87370611864,,₹ Crore
2011-12,Current,2019-20,Gross Saving,Annual,Third Revised Estimates,,,General Government,,-560170.6855278295,,₹ Crore
2011-12,Current,2019-20,Gross Saving,Annual,Third Revised Estimates,,,Households Including NPISH,,3845172.664723138,,₹ Crore
2011-12,Current,2019-20,Gross Saving,Annual,Third Revised Estimates,,,Total Gross Saving,,5941135.208525057,,₹ Crore
2011-12,Current,2019-20,Gross Saving,Annual,Third Revised Estimates,,,,,5941135.208525058,nan,₹ Crore
2011-12,Current,2018-19,Gross Saving,Annual,First Revised Estimates,,,Public Non-Financial Corporations,,256238,,₹ Crore
2011-12,Current,2018-19,Gross Saving,Annual,First Revised Estimates,,,Private Non-Financial Corporations,,1804159,,₹ Crore
2011-12,Current,2018-19,Gross Saving,Annual,First Revised Estimates,,,Public Financial Corporations,,177050,,₹ Crore
2011-12,Current,2018-19,Gross Saving,Annual,First Revised Estimates,,,Private Financial Corporations,,177026,,₹ Crore
2011-12,Current,2018-19,Gross Saving,Annual,First Revised Estimates,,,General Government,,-148314,,₹ Crore
2011-12,Current,2018-19,Gross Saving,Annual,First Revised Estimates,,,Households Including NPISH,,3446760,,₹ Crore
2011-12,Current,2018-19,Gross Saving,Annual,First Revised Estimates,,,Total Gross Saving,,5712919.0,,₹ Crore
2011-12,Current,2018-19,Gross Saving,Annual,First Revised Estimates,,,,,5712920.0,nan,₹ Crore
2011-12,Current,2018-19,Gross Saving,Annual,Second Revised Estimates,,,Public Non-Financial Corporations,,243006.00702713314,,₹ Crore
2011-12,Current,2018-19,Gross Saving,Annual,Second Revised Estimates,,,Private Non-Financial Corporations,,1809918.585392008,,₹ Crore
2011-12,Current,2018-19,Gross Saving,Annual,Second Revised Estimates,,,Public Financial Corporations,,176233.00436646675,,₹ Crore
2011-12,Current,2018-19,Gross Saving,Annual,Second Revised Estimates,,,Private Financial Corporations,,183327.57138398156,,₹ Crore
2011-12,Current,2018-19,Gross Saving,Annual,Second Revised Estimates,,,General Government,,-282010.2533493882,,₹ Crore
2011-12,Current,2018-19,Gross Saving,Annual,Second Revised Estimates,,,Households Including NPISH,,3646485.1393854367,,₹ Crore
2011-12,Current,2018-19,Gross Saving,Annual,Second Revised Estimates,,,Total Gross Saving,,5776960.054205637,,₹ Crore
2011-12,Current,2018-19,Gross Saving,Annual,Second Revised Estimates,,,,,5776960.054205638,nan,₹ Crore
2011-12,Current,2018-19,Gross Saving,Annual,Third Revised Estimates,,,Public Non-Financial Corporations,,250796.94244892662,,₹ Crore
2011-12,Current,2018-19,Gross Saving,Annual,Third Revised Estimates,,,Private Non-Financial Corporations,,1810420.5036244735,,₹ Crore
2011-12,Current,2018-19,Gross Saving,Annual,Third Revised Estimates,,,Public Financial Corporations,,177963.67436646676,,₹ Crore
2011-12,Current,2018-19,Gross Saving,Annual,Third Revised Estimates,,,Private Financial Corporations,,175754.92617912038,,₹ Crore
2011-12,Current,2018-19,Gross Saving,Annual,Third Revised Estimates,,,General Government,,-259127.30161819942,,₹ Crore
2011-12,Current,2018-19,Gross Saving,Annual,Third Revised Estimates,,,Households Including NPISH,,3844581.56695121,,₹ Crore
2011-12,Current,2018-19,Gross Saving,Annual,Third Revised Estimates,,,Total Gross Saving,,6000390.311951999,,₹ Crore
2011-12,Current,2018-19,Gross Saving,Annual,Third Revised Estimates,,,,,6000390.311951999,nan,₹ Crore
2011-12,Current,2017-18,Gross Saving,Annual,First Revised Estimates,,,Public Non-Financial Corporations,,234706.66875042237,,₹ Crore
2011-12,Current,2017-18,Gross Saving,Annual,First Revised Estimates,,,Private Non-Financial Corporations,,1838120.3076702617,,₹ Crore
2011-12,Current,2017-18,Gross Saving,Annual,First Revised Estimates,,,Public Financial Corporations,,219341.756634783,,₹ Crore
2011-12,Current,2017-18,Gross Saving,Annual,First Revised Estimates,,,Private Financial Corporations,,148197.9116051694,,₹ Crore
2011-12,Current,2017-18,Gross Saving,Annual,First Revised Estimates,,,General Government,,-162547.81579439298,,₹ Crore
2011-12,Current,2017-18,Gross Saving,Annual,First Revised Estimates,,,Households Including NPISH,,2938202.8348231018,,₹ Crore
2011-12,Current,2017-18,Gross Saving,Annual,First Revised Estimates,,,Total Gross Saving,,5216021.663689345,,₹ Crore
2011-12,Current,2017-18,Gross Saving,Annual,First Revised Estimates,,,,,5216021.663689345,nan,₹ Crore
2011-12,Current,2017-18,Gross Saving,Annual,Second Revised Estimates,,,Public Non-Financial Corporations,,241223,,₹ Crore
2011-12,Current,2017-18,Gross Saving,Annual,Second Revised Estimates,,,Private Non-Financial Corporations,,1828272,,₹ Crore
2011-12,Current,2017-18,Gross Saving,Annual,Second Revised Estimates,,,Public Financial Corporations,,237448,,₹ Crore
2011-12,Current,2017-18,Gross Saving,Annual,Second Revised Estimates,,,Private Financial Corporations,,150067,,₹ Crore
2011-12,Current,2017-18,Gross Saving,Annual,Second Revised Estimates,,,General Government,,-195877,,₹ Crore
2011-12,Current,2017-18,Gross Saving,Annual,Second Revised Estimates,,,Households Including NPISH,,3277259,,₹ Crore
2011-12,Current,2017-18,Gross Saving,Annual,Second Revised Estimates,,,Total Gross Saving,,5538392.0,,₹ Crore
2011-12,Current,2017-18,Gross Saving,Annual,Second Revised Estimates,,,,,5538393.0,nan,₹ Crore
2011-12,Current,2017-18,Gross Saving,Annual,Third Revised Estimates,,,Public Non-Financial Corporations,,237483.12305051013,,₹ Crore
2011-12,Current,2017-18,Gross Saving,Annual,Third Revised Estimates,,,Private Non-Financial Corporations,,1767890.5278494572,,₹ Crore
2011-12,Current,2017-18,Gross Saving,Annual,Third Revised Estimates,,,Public Financial Corporations,,237126.84630457498,,₹ Crore
2011-12,Current,2017-18,Gross Saving,Annual,Third Revised Estimates,,,Private Financial Corporations,,149900.83108856552,,₹ Crore
2011-12,Current,2017-18,Gross Saving,Annual,Third Revised Estimates,,,General Government,,-208256.70874982572,,₹ Crore
2011-12,Current,2017-18,Gross Saving,Annual,Third Revised Estimates,,,Households Including NPISH,,3296596.391188093,,₹ Crore
2011-12,Current,2017-18,Gross Saving,Annual,Third Revised Estimates,,,Total Gross Saving,,5480741.010731375,,₹ Crore
2011-12,Current,2017-18,Gross Saving,Annual,Third Revised Estimates,,,,,5480741.010731375,nan,₹ Crore
2011-12,Current,2016-17,Gross Saving,Annual,First Revised Estimates,,,Public Non-Financial Corporations,,156767.213636,,₹ Crore
2011-12,Current,2016-17,Gross Saving,Annual,First Revised Estimates,,,Private Non-Financial Corporations,,1715973.3378257658,,₹ Crore
2011-12,Current,2016-17,Gross Saving,Annual,First Revised Estimates,,,Public Financial Corporations,,202986.8483135663,,₹ Crore
2011-12,Current,2016-17,Gross Saving,Annual,First Revised Estimates,,,Private Financial Corporations,,130494.24896052442,,₹ Crore
2011-12,Current,2016-17,Gross Saving,Annual,First Revised Estimates,,,General Government,,-113309.879696318,,₹ Crore
2011-12,Current,2016-17,Gross Saving,Annual,First Revised Estimates,,,Households Including NPISH,,2479661.089020721,,₹ Crore
2011-12,Current,2016-17,Gross Saving,Annual,First Revised Estimates,,,Total Gross Saving,,4572572.858060259,,₹ Crore
2011-12,Current,2016-17,Gross Saving,Annual,First Revised Estimates,,,,,4572572.858060259,nan,₹ Crore
2011-12,Current,2016-17,Gross Saving,Annual,Second Revised Estimates,,,Public Non-Financial Corporations,,171889.41138359567,,₹ Crore
2011-12,Current,2016-17,Gross Saving,Annual,Second Revised Estimates,,,Private Non-Financial Corporations,,1638392.355222928,,₹ Crore
2011-12,Current,2016-17,Gross Saving,Annual,Second Revised Estimates,,,Public Financial Corporations,,204808.65731356628,,₹ Crore
2011-12,Current,2016-17,Gross Saving,Annual,Second Revised Estimates,,,Private Financial Corporations,,131750.8657899453,,₹ Crore
2011-12,Current,2016-17,Gross Saving,Annual,Second Revised Estimates,,,General Government,,-121347.10623200898,,₹ Crore
2011-12,Current,2016-17,Gross Saving,Annual,Second Revised Estimates,,,Households Including NPISH,,2622927.117130565,,₹ Crore
2011-12,Current,2016-17,Gross Saving,Annual,Second Revised Estimates,,,Total Gross Saving,,4648421.300608591,,₹ Crore
2011-12,Current,2016-17,Gross Saving,Annual,Second Revised Estimates,,,,,4648421.300608591,nan,₹ Crore
2011-12,Current,2016-17,Gross Saving,Annual,Third Revised Estimates,,,Public Non-Financial Corporations,,172186,,₹ Crore
2011-12,Current,2016-17,Gross Saving,Annual,Third Revised Estimates,,,Private Non-Financial Corporations,,1638833,,₹ Crore
2011-12,Current,2016-17,Gross Saving,Annual,Third Revised Estimates,,,Public Financial Corporations,,215258,,₹ Crore
2011-12,Current,2016-17,Gross Saving,Annual,Third Revised Estimates,,,Private Financial Corporations,,133151,,₹ Crore
2011-12,Current,2016-17,Gross Saving,Annual,Third Revised Estimates,,,General Government,,-121449,,₹ Crore
2011-12,Current,2016-17,Gross Saving,Annual,Third Revised Estimates,,,Households Including NPISH,,2787134,,₹ Crore
2011-12,Current,2016-17,Gross Saving,Annual,Third Revised Estimates,,,Total Gross Saving,,4825113.0,,₹ Crore
2011-12,Current,2016-17,Gross Saving,Annual,Third Revised Estimates,,,,,4825113.0,nan,₹ Crore
2011-12,Current,2015-16,Gross Saving,Annual,First Revised Estimates,,,Public Non-Financial Corporations,,134231.6425651185,,₹ Crore
2011-12,Current,2015-16,Gross Saving,Annual,First Revised Estimates,,,Private Non-Financial Corporations,,1508717.2793517474,,₹ Crore
2011-12,Current,2015-16,Gross Saving,Annual,First Revised Estimates,,,Public Financial Corporations,,176888.62887937174,,₹ Crore
2011-12,Current,2015-16,Gross Saving,Annual,First Revised Estimates,,,Private Financial Corporations,,110750.38445014437,,₹ Crore
2011-12,Current,2015-16,Gross Saving,Annual,First Revised Estimates,,,General Government,,-135422.234543794,,₹ Crore
2011-12,Current,2015-16,Gross Saving,Annual,First Revised Estimates,,,Households Including NPISH,,2609920.7908305256,,₹ Crore
2011-12,Current,2015-16,Gross Saving,Annual,First Revised Estimates,,,Total Gross Saving,,4405086.491533114,,₹ Crore
2011-12,Current,2015-16,Gross Saving,Annual,First Revised Estimates,,,,,4405086.491533114,nan,₹ Crore
2011-12,Current,2015-16,Gross Saving,Annual,Second Revised Estimates,,,Public Non-Financial Corporations,,144230.953636,,₹ Crore
2011-12,Current,2015-16,Gross Saving,Annual,Second Revised Estimates,,,Private Non-Financial Corporations,,1568841.9562648213,,₹ Crore
2011-12,Current,2015-16,Gross Saving,Annual,Second Revised Estimates,,,Public Financial Corporations,,177191.48997937178,,₹ Crore
2011-12,Current,2015-16,Gross Saving,Annual,Second Revised Estimates,,,Private Financial Corporations,,113546.207814733,,₹ Crore
2011-12,Current,2015-16,Gross Saving,Annual,Second Revised Estimates,,,General Government,,-149852.51070397,,₹ Crore
2011-12,Current,2015-16,Gross Saving,Annual,Second Revised Estimates,,,Households Including NPISH,,2447989.501872417,,₹ Crore
2011-12,Current,2015-16,Gross Saving,Annual,Second Revised Estimates,,,Total Gross Saving,,4301947.598863373,,₹ Crore
2011-12,Current,2015-16,Gross Saving,Annual,Second Revised Estimates,,,,,4301947.5988633735,nan,₹ Crore
2011-12,Current,2015-16,Gross Saving,Annual,Third Revised Estimates,,,Public Non-Financial Corporations,,154015.1723742091,,₹ Crore
2011-12,Current,2015-16,Gross Saving,Annual,Third Revised Estimates,,,Private Non-Financial Corporations,,1523169.1605727703,,₹ Crore
2011-12,Current,2015-16,Gross Saving,Annual,Third Revised Estimates,,,Public Financial Corporations,,176513.48377937177,,₹ Crore
2011-12,Current,2015-16,Gross Saving,Annual,Third Revised Estimates,,,Private Financial Corporations,,115127.0589990901,,₹ Crore
2011-12,Current,2015-16,Gross Saving,Annual,Third Revised Estimates,,,General Government,,-161478.39026035002,,₹ Crore
2011-12,Current,2015-16,Gross Saving,Annual,Third Revised Estimates,,,Households Including NPISH,,2474912.9864893635,,₹ Crore
2011-12,Current,2015-16,Gross Saving,Annual,Third Revised Estimates,,,Total Gross Saving,,4282259.471954455,,₹ Crore
2011-12,Current,2015-16,Gross Saving,Annual,Third Revised Estimates,,,,,4282259.471954455,nan,₹ Crore
2011-12,Current,2014-15,Gross Saving,Annual,First Revised Estimates,,,Public Non-Financial Corporations,,117351,,₹ Crore
2011-12,Current,2014-15,Gross Saving,Annual,First Revised Estimates,,,Private Non-Financial Corporations,,1414911,,₹ Crore
2011-12,Current,2014-15,Gross Saving,Annual,First Revised Estimates,,,Public Financial Corporations,,165470,,₹ Crore
2011-12,Current,2014-15,Gross Saving,Annual,First Revised Estimates,,,Private Financial Corporations,,170209,,₹ Crore
2011-12,Current,2014-15,Gross Saving,Annual,First Revised Estimates,,,General Government,,-131729,,₹ Crore
2011-12,Current,2014-15,Gross Saving,Annual,First Revised Estimates,,,Households Including NPISH,,2380488,,₹ Crore
2011-12,Current,2014-15,Gross Saving,Annual,First Revised Estimates,,,Total Gross Saving,,4116700.0,,₹ Crore
2011-12,Current,2014-15,Gross Saving,Annual,First Revised Estimates,,,,,4116700.0,nan,₹ Crore
2011-12,Current,2014-15,Gross Saving,Annual,Second Revised Estimates,,,Public Non-Financial Corporations,,127499.6822839513,,₹ Crore
2011-12,Current,2014-15,Gross Saving,Annual,Second Revised Estimates,,,Private Non-Financial Corporations,,1277027.660225043,,₹ Crore
2011-12,Current,2014-15,Gross Saving,Annual,Second Revised Estimates,,,Public Financial Corporations,,169317.71477601666,,₹ Crore
2011-12,Current,2014-15,Gross Saving,Annual,Second Revised Estimates,,,Private Financial Corporations,,169723.12584423847,,₹ Crore
2011-12,Current,2014-15,Gross Saving,Annual,Second Revised Estimates,,,General Government,,-188075.924858813,,₹ Crore
2011-12,Current,2014-15,Gross Saving,Annual,Second Revised Estimates,,,Households Including NPISH,,2542960.319441965,,₹ Crore
2011-12,Current,2014-15,Gross Saving,Annual,Second Revised Estimates,,,Total Gross Saving,,4098452.5777124013,,₹ Crore
2011-12,Current,2014-15,Gross Saving,Annual,Second Revised Estimates,,,,,4098452.5777124013,nan,₹ Crore
2011-12,Current,2014-15,Gross Saving,Annual,Third Revised Estimates,,,Public Non-Financial Corporations,,129108.26305299999,,₹ Crore
2011-12,Current,2014-15,Gross Saving,Annual,Third Revised Estimates,,,Private Non-Financial Corporations,,1287944.3233414837,,₹ Crore
2011-12,Current,2014-15,Gross Saving,Annual,Third Revised Estimates,,,Public Financial Corporations,,169907.90037601665,,₹ Crore
2011-12,Current,2014-15,Gross Saving,Annual,Third Revised Estimates,,,Private Financial Corporations,,169119.56427147437,,₹ Crore
2011-12,Current,2014-15,Gross Saving,Annual,Third Revised Estimates,,,General Government,,-175227.31743899203,,₹ Crore
2011-12,Current,2014-15,Gross Saving,Annual,Third Revised Estimates,,,Households Including NPISH,,2439104.475442455,,₹ Crore
2011-12,Current,2014-15,Gross Saving,Annual,Third Revised Estimates,,,Total Gross Saving,,4019957.209045438,,₹ Crore
2011-12,Current,2014-15,Gross Saving,Annual,Third Revised Estimates,,,,,4019957.209045438,nan,₹ Crore
2011-12,Current,2013-14,Gross Saving,Annual,Second Revised Estimates,,,Public Non-Financial Corporations,,130770,,₹ Crore
2011-12,Current,2013-14,Gross Saving,Annual,Second Revised Estimates,,,Private Non-Financial Corporations,,1087250,,₹ Crore
2011-12,Current,2013-14,Gross Saving,Annual,Second Revised Estimates,,,Public Financial Corporations,,163073,,₹ Crore
2011-12,Current,2013-14,Gross Saving,Annual,Second Revised Estimates,,,Private Financial Corporations,,131106,,₹ Crore
2011-12,Current,2013-14,Gross Saving,Annual,Second Revised Estimates,,,General Government,,-148089,,₹ Crore
2011-12,Current,2013-14,Gross Saving,Annual,Second Revised Estimates,,,Households Including NPISH,,2360936,,₹ Crore
2011-12,Current,2013-14,Gross Saving,Annual,Second Revised Estimates,,,Total Gross Saving,,3725046.0,,₹ Crore
2011-12,Current,2013-14,Gross Saving,Annual,Second Revised Estimates,,,,,3725046.0,nan,₹ Crore
2011-12,Current,2013-14,Gross Saving,Annual,Third Revised Estimates,,,Public Non-Financial Corporations,,126367.2503466967,,₹ Crore
2011-12,Current,2013-14,Gross Saving,Annual,Third Revised Estimates,,,Private Non-Financial Corporations,,1077202.2824056349,,₹ Crore
2011-12,Current,2013-14,Gross Saving,Annual,Third Revised Estimates,,,Public Financial Corporations,,163183.4451,,₹ Crore
2011-12,Current,2013-14,Gross Saving,Annual,Third Revised Estimates,,,Private Financial Corporations,,129788.94787318887,,₹ Crore
2011-12,Current,2013-14,Gross Saving,Annual,Third Revised Estimates,,,General Government,,-173848.42490264098,,₹ Crore
2011-12,Current,2013-14,Gross Saving,Annual,Third Revised Estimates,,,Households Including NPISH,,2280911.7869247086,,₹ Crore
2011-12,Current,2013-14,Gross Saving,Annual,Third Revised Estimates,,,Total Gross Saving,,3603605.287747588,,₹ Crore
2011-12,Current,2013-14,Gross Saving,Annual,Third Revised Estimates,,,,,3603605.287747588,nan,₹ Crore
2011-12,Current,2013-14,Gross Saving,Annual,Additional Revision,,,Public Non-Financial Corporations,,126250,,₹ Crore
2011-12,Current,2013-14,Gross Saving,Annual,Additional Revision,,,Private Non-Financial Corporations,,1077286,,₹ Crore
2011-12,Current,2013-14,Gross Saving,Annual,Additional Revision,,,Public Financial Corporations,,163183.81,,₹ Crore
2011-12,Current,2013-14,Gross Saving,Annual,Additional Revision,,,Private Financial Corporations,,129900.65356661062,,₹ Crore
2011-12,Current,2013-14,Gross Saving,Annual,Additional Revision,,,General Government,,-173729,,₹ Crore
2011-12,Current,2013-14,Gross Saving,Annual,Additional Revision,,,Households Including NPISH,,2285301.319717486,,₹ Crore
2011-12,Current,2013-14,Gross Saving,Annual,Additional Revision,,,Total Gross Saving,,3608192.7832840965,,₹ Crore
2011-12,Current,2013-14,Gross Saving,Annual,Additional Revision,,,,,3608192.7832840965,nan,₹ Crore
2011-12,Current,2012-13,Gross Saving,Annual,Second Revised Estimates,,,Public Non-Financial Corporations,,123993,,₹ Crore
2011-12,Current,2012-13,Gross Saving,Annual,Second Revised Estimates,,,Private Non-Financial Corporations,,866329,,₹ Crore
2011-12,Current,2012-13,Gross Saving,Annual,Second Revised Estimates,,,Public Financial Corporations,,174833,,₹ Crore
2011-12,Current,2012-13,Gross Saving,Annual,Second Revised Estimates,,,Private Financial Corporations,,125766,,₹ Crore
2011-12,Current,2012-13,Gross Saving,Annual,Second Revised Estimates,,,General Government,,-160048,,₹ Crore
2011-12,Current,2012-13,Gross Saving,Annual,Second Revised Estimates,,,Households Including NPISH,,2233950,,₹ Crore
2011-12,Current,2012-13,Gross Saving,Annual,Second Revised Estimates,,,Total Gross Saving,,3364823.0,,₹ Crore
2011-12,Current,2012-13,Gross Saving,Annual,Second Revised Estimates,,,,,3364823.0,nan,₹ Crore
2011-12,Current,2012-13,Gross Saving,Annual,Third Revised Estimates,,,Public Non-Financial Corporations,,123993.7868680823,,₹ Crore
2011-12,Current,2012-13,Gross Saving,Annual,Third Revised Estimates,,,Private Non-Financial Corporations,,866328.9775147155,,₹ Crore
2011-12,Current,2012-13,Gross Saving,Annual,Third Revised Estimates,,,Public Financial Corporations,,174832.8498,,₹ Crore
2011-12,Current,2012-13,Gross Saving,Annual,Third Revised Estimates,,,Private Financial Corporations,,125774.25452113462,,₹ Crore
2011-12,Current,2012-13,Gross Saving,Annual,Third Revised Estimates,,,General Government,,-158911.483741271,,₹ Crore
2011-12,Current,2012-13,Gross Saving,Annual,Third Revised Estimates,,,Households Including NPISH,,2232748.752870076,,₹ Crore
2011-12,Current,2012-13,Gross Saving,Annual,Third Revised Estimates,,,Total Gross Saving,,3364767.1378327375,,₹ Crore
2011-12,Current,2012-13,Gross Saving,Annual,Third Revised Estimates,,,,,3364767.1378327375,nan,₹ Crore
2011-12,Current,2012-13,Gross Saving,Annual,Additional Revision,,,Public Non-Financial Corporations,,123981,,₹ Crore
2011-12,Current,2012-13,Gross Saving,Annual,Additional Revision,,,Private Non-Financial Corporations,,868212,,₹ Crore
2011-12,Current,2012-13,Gross Saving,Annual,Additional Revision,,,Public Financial Corporations,,174833.18,,₹ Crore
2011-12,Current,2012-13,Gross Saving,Annual,Additional Revision,,,Private Financial Corporations,,125792.76156803907,,₹ Crore
2011-12,Current,2012-13,Gross Saving,Annual,Additional Revision,,,General Government,,-158897,,₹ Crore
2011-12,Current,2012-13,Gross Saving,Annual,Additional Revision,,,Households Including NPISH,,2235279.5941470577,,₹ Crore
2011-12,Current,2012-13,Gross Saving,Annual,Additional Revision,,,Total Gross Saving,,3369201.5357150966,,₹ Crore
2011-12,Current,2012-13,Gross Saving,Annual,Additional Revision,,,,,3369201.5357150966,nan,₹ Crore
2011-12,Current,2011-12,Gross Saving,Annual,Second Revised Estimates,,,Public Non-Financial Corporations,,123769,,₹ Crore
2011-12,Current,2011-12,Gross Saving,Annual,Second Revised Estimates,,,Private Non-Financial Corporations,,723365,,₹ Crore
2011-12,Current,2011-12,Gross Saving,Annual,Second Revised Estimates,,,Public Financial Corporations,,168931,,₹ Crore
2011-12,Current,2011-12,Gross Saving,Annual,Second Revised Estimates,,,Private Financial Corporations,,103440,,₹ Crore
2011-12,Current,2011-12,Gross Saving,Annual,Second Revised Estimates,,,General Government,,-158234,,₹ Crore
2011-12,Current,2011-12,Gross Saving,Annual,Second Revised Estimates,,,Households Including NPISH,,2065453,,₹ Crore
2011-12,Current,2011-12,Gross Saving,Annual,Second Revised Estimates,,,Total Gross Saving,,3026724.0,,₹ Crore
2011-12,Current,2011-12,Gross Saving,Annual,Second Revised Estimates,,,,,3026724.0,nan,₹ Crore
2011-12,Current,2011-12,Gross Saving,Annual,Additional Revision,,,Public Non-Financial Corporations,,123769,,₹ Crore
2011-12,Current,2011-12,Gross Saving,Annual,Additional Revision,,,Private Non-Financial Corporations,,723365,,₹ Crore
2011-12,Current,2011-12,Gross Saving,Annual,Additional Revision,,,Public Financial Corporations,,168930.58,,₹ Crore
2011-12,Current,2011-12,Gross Saving,Annual,Additional Revision,,,Private Financial Corporations,,103439.97945870979,,₹ Crore
2011-12,Current,2011-12,Gross Saving,Annual,Additional Revision,,,General Government,,-158234,,₹ Crore
2011-12,Current,2011-12,Gross Saving,Annual,Additional Revision,,,Households Including NPISH,,2065566.3798351255,,₹ Crore
2011-12,Current,2011-12,Gross Saving,Annual,Additional Revision,,,Total Gross Saving,,3026836.9392938353,,₹ Crore
2011-12,Current,2011-12,Gross Saving,Annual,Additional Revision,,,,,3026836.9392938353,nan,₹ Crore
2011-12,Current,2025-26,GVA Growth Rate,Annual,First Advance Estimates,"Agriculture, Livestock, Forestry and Fishing",,,,0.8,3.1,%
2011-12,Current,2025-26,GVA Growth Rate,Annual,First Advance Estimates,Mining and Quarrying,,,,-6.0,-0.7,%
2011-12,Current,2025-26,GVA Growth Rate,Annual,First Advance Estimates,Manufacturing,,,,9.2,7.0,%
2011-12,Current,2025-26,GVA Growth Rate,Annual,First Advance Estimates,"Electricity, Gas, Water Supply & Other Utility Services",,,,1.3,2.1,%
2011-12,Current,2025-26,GVA Growth Rate,Annual,First Advance Estimates,Construction,,,,6.6,7.0,%
2011-12,Current,2025-26,GVA Growth Rate,Annual,First Advance Estimates,"Trade, Hotels, Transport, Communication & Services Related to Broadcasting",,,,7.3,7.5,%
2011-12,Current,2025-26,GVA Growth Rate,Annual,First Advance Estimates,"Financial, Real Estate & Professional Services",,,,11.3,9.9,%
2011-12,Current,2025-26,GVA Growth Rate,Annual,First Advance Estimates,"Public Administration, Defence & Other Services",,,,13.5,9.9,%
2011-12,Current,2025-26,GVA Growth Rate,Annual,First Advance Estimates,Total Gross Value Added,,,,7.7,7.3,%
2011-12,Current,2024-25,GVA Growth Rate,Annual,First Advance Estimates,"Agriculture, Livestock, Forestry and Fishing",,,,10.038122384764009,3.7650067795183872,%
2011-12,Current,2024-25,GVA Growth Rate,Annual,First Advance Estimates,Mining and Quarrying,,,,2.602565725166926,2.8576036742582716,%
2011-12,Current,2024-25,GVA Growth Rate,Annual,First Advance Estimates,Manufacturing,,,,6.571463116107637,5.323337592166169,%
2011-12,Current,2024-25,GVA Growth Rate,Annual,First Advance Estimates,"Electricity, Gas, Water Supply & Other Utility Services",,,,2.8484183038302007,6.843506085510256,%
2011-12,Current,2024-25,GVA Growth Rate,Annual,First Advance Estimates,Construction,,,,8.573441233397546,8.5705042898161,%
2011-12,Current,2024-25,GVA Growth Rate,Annual,First Advance Estimates,"Trade, Hotels, Transport, Communication & Services Related to Broadcasting",,,,7.960918712978213,5.84509790014738,%
2011-12,Current,2024-25,GVA Growth Rate,Annual,First Advance Estimates,"Financial, Real Estate & Professional Services",,,,10.267236225192278,7.275551122961417,%
2011-12,Current,2024-25,GVA Growth Rate,Annual,First Advance Estimates,"Public Administration, Defence & Other Services",,,,13.95565959309657,9.125118700028239,%
2011-12,Current,2024-25,GVA Growth Rate,Annual,First Advance Estimates,Total Gross Value Added,,,,9.34701360981893,6.409602911875581,%
2011-12,Current,2024-25,GVA Growth Rate,Annual,Second Advance Estimates,"Agriculture, Livestock, Forestry and Fishing",,,,10.977922077625493,4.593697539808545,%
2011-12,Current,2024-25,GVA Growth Rate,Annual,Second Advance Estimates,Mining and Quarrying,,,,2.1290084924093122,2.756517787791296,%
2011-12,Current,2024-25,GVA Growth Rate,Annual,Second Advance Estimates,Manufacturing,,,,5.800146617911622,4.290623535686592,%
2011-12,Current,2024-25,GVA Growth Rate,Annual,Second Advance Estimates,"Electricity, Gas, Water Supply & Other Utility Services",,,,3.947748136456198,6.025478968797174,%
2011-12,Current,2024-25,GVA Growth Rate,Annual,Second Advance Estimates,Construction,,,,8.645718984433955,8.636103752386191,%
2011-12,Current,2024-25,GVA Growth Rate,Annual,Second Advance Estimates,"Trade, Hotels, Transport, Communication & Services Related to Broadcasting",,,,9.006162272393013,6.375058998683443,%
2011-12,Current,2024-25,GVA Growth Rate,Annual,Second Advance Estimates,"Financial, Real Estate & Professional Services",,,,10.243606305128722,7.210781411099191,%
2011-12,Current,2024-25,GVA Growth Rate,Annual,Second Advance Estimates,"Public Administration, Defence & Other Services",,,,13.419045956431816,8.81006575730774,%
2011-12,Current,2024-25,GVA Growth Rate,Annual,Second Advance Estimates,Total Gross Value Added,,,,9.491903986062738,6.367005171882894,%
2011-12,Current,2024-25,GVA Growth Rate,Annual,Provisional Estimates,"Agriculture, Livestock, Forestry and Fishing",,,,10.40256992034476,4.62632953504216,%
2011-12,Current,2024-25,GVA Growth Rate,Annual,Provisional Estimates,Mining and Quarrying,,,,1.5863375398055268,2.6898126784283534,%
2011-12,Current,2024-25,GVA Growth Rate,Annual,Provisional Estimates,Manufacturing,,,,6.319438517425311,4.519259849305342,%
2011-12,Current,2024-25,GVA Growth Rate,Annual,Provisional Estimates,"Electricity, Gas, Water Supply & Other Utility Services",,,,5.289269861174645,5.883346527525248,%
2011-12,Current,2024-25,GVA Growth Rate,Annual,Provisional Estimates,Construction,,,,9.384951525356229,9.354452297838094,%
2011-12,Current,2024-25,GVA Growth Rate,Annual,Provisional Estimates,"Trade, Hotels, Transport, Communication & Services Related to Broadcasting",,,,8.882478552740707,6.087549342500708,%
2011-12,Current,2024-25,GVA Growth Rate,Annual,Provisional Estimates,"Financial, Real Estate & Professional Services",,,,10.212960530742947,7.169456608934624,%
2011-12,Current,2024-25,GVA Growth Rate,Annual,Provisional Estimates,"Public Administration, Defence & Other Services",,,,13.356009909932482,8.859729263954307,%
2011-12,Current,2024-25,GVA Growth Rate,Annual,Provisional Estimates,Total Gross Value Added,,,,9.517949128941169,6.414086697106185,%
2011-12,Current,2023-24,GVA Growth Rate,Annual,First Advance Estimates,"Agriculture, Livestock, Forestry and Fishing",,,,5.521590522199787,1.8200346004006178,%
2011-12,Current,2023-24,GVA Growth Rate,Annual,First Advance Estimates,Mining and Quarrying,,,,5.802610280026869,8.057106021652302,%
2011-12,Current,2023-24,GVA Growth Rate,Annual,First Advance Estimates,Manufacturing,,,,4.402935897652796,6.5339103904460245,%
2011-12,Current,2023-24,GVA Growth Rate,Annual,First Advance Estimates,"Electricity, Gas, Water Supply & Other Utility Services",,,,9.178899901161941,8.27509846340935,%
2011-12,Current,2023-24,GVA Growth Rate,Annual,First Advance Estimates,Construction,,,,9.559253383518907,10.74138188282447,%
2011-12,Current,2023-24,GVA Growth Rate,Annual,First Advance Estimates,"Trade, Hotels, Transport, Communication & Services Related to Broadcasting",,,,5.835490831835116,6.317434964311985,%
2011-12,Current,2023-24,GVA Growth Rate,Annual,First Advance Estimates,"Financial, Real Estate & Professional Services",,,,9.935919102785704,8.891952828379758,%
2011-12,Current,2023-24,GVA Growth Rate,Annual,First Advance Estimates,"Public Administration, Defence & Other Services",,,,13.793968323632384,7.728018395118113,%
2011-12,Current,2023-24,GVA Growth Rate,Annual,First Advance Estimates,Total Gross Value Added,,,,7.959159196460604,6.890128977252473,%
2011-12,Current,2023-24,GVA Growth Rate,Annual,Second Advance Estimates,"Agriculture, Livestock, Forestry and Fishing",,,,4.640484952161074,0.663581864653807,%
2011-12,Current,2023-24,GVA Growth Rate,Annual,Second Advance Estimates,Mining and Quarrying,,,,6.563215135531507,8.109256640038168,%
2011-12,Current,2023-24,GVA Growth Rate,Annual,Second Advance Estimates,Manufacturing,,,,6.696488635759735,8.48704764726864,%
2011-12,Current,2023-24,GVA Growth Rate,Annual,Second Advance Estimates,"Electricity, Gas, Water Supply & Other Utility Services",,,,7.882889114652471,7.515343400532728,%
2011-12,Current,2023-24,GVA Growth Rate,Annual,Second Advance Estimates,Construction,,,,10.056712787781706,10.667661730212672,%
2011-12,Current,2023-24,GVA Growth Rate,Annual,Second Advance Estimates,"Trade, Hotels, Transport, Communication & Services Related to Broadcasting",,,,6.310414275990766,6.456174579881392,%
2011-12,Current,2023-24,GVA Growth Rate,Annual,Second Advance Estimates,"Financial, Real Estate & Professional Services",,,,9.651619194242244,8.206925997812348,%
2011-12,Current,2023-24,GVA Growth Rate,Annual,Second Advance Estimates,"Public Administration, Defence & Other Services",,,,13.509627159161752,7.746735233559406,%
2011-12,Current,2023-24,GVA Growth Rate,Annual,Second Advance Estimates,Total Gross Value Added,,,,8.186195821979481,6.908575486022357,%
2011-12,Current,2023-24,GVA Growth Rate,Annual,Provisional Estimates,"Agriculture, Livestock, Forestry and Fishing",,,,5.373345553553136,1.4404750122451304,%
2011-12,Current,2023-24,GVA Growth Rate,Annual,Provisional Estimates,Mining and Quarrying,,,,6.324110344444975,7.094902352462526,%
2011-12,Current,2023-24,GVA Growth Rate,Annual,Provisional Estimates,Manufacturing,,,,8.010473334454701,9.862283135918261,%
2011-12,Current,2023-24,GVA Growth Rate,Annual,Provisional Estimates,"Electricity, Gas, Water Supply & Other Utility Services",,,,9.806081593371047,7.529590137405037,%
2011-12,Current,2023-24,GVA Growth Rate,Annual,Provisional Estimates,Construction,,,,9.417728127407372,9.938715148137135,%
2011-12,Current,2023-24,GVA Growth Rate,Annual,Provisional Estimates,"Trade, Hotels, Transport, Communication & Services Related to Broadcasting",,,,6.221875871481089,6.4096842901801665,%
2011-12,Current,2023-24,GVA Growth Rate,Annual,Provisional Estimates,"Financial, Real Estate & Professional Services",,,,9.856365433893387,8.403265980031023,%
2011-12,Current,2023-24,GVA Growth Rate,Annual,Provisional Estimates,"Public Administration, Defence & Other Services",,,,13.545274496458532,7.811770508615496,%
2011-12,Current,2023-24,GVA Growth Rate,Annual,Provisional Estimates,Total Gross Value Added,,,,8.528741543307888,7.219569627861006,%
2011-12,Current,2023-24,GVA Growth Rate,Annual,First Revised Estimates,"Agriculture, Livestock, Forestry and Fishing",Crops,,,9.88289439958065,0.8744578828420373,%
2011-12,Current,2023-24,GVA Growth Rate,Annual,First Revised Estimates,"Agriculture, Livestock, Forestry and Fishing",Livestock,,,10.320660529109986,5.421831320220562,%
2011-12,Current,2023-24,GVA Growth Rate,Annual,First Revised Estimates,"Agriculture, Livestock, Forestry and Fishing",Forestry and Logging,,,1.901507653635548,1.5900584514579208,%
2011-12,Current,2023-24,GVA Growth Rate,Annual,First Revised Estimates,"Agriculture, Livestock, Forestry and Fishing",Fishing and Aquaculture,,,13.0610542809724,5.948866505555571,%
2011-12,Current,2023-24,GVA Growth Rate,Annual,First Revised Estimates,"Agriculture, Livestock, Forestry and Fishing",,,,9.631441448899452,2.658694194055215,%
2011-12,Current,2023-24,GVA Growth Rate,Annual,First Revised Estimates,Mining and Quarrying,,,,4.241526456977624,3.213275626478307,%
2011-12,Current,2023-24,GVA Growth Rate,Annual,First Revised Estimates,Manufacturing,"Food Products, Beverages and Tobacco",,,7.990495493287767,6.666742575015832,%
2011-12,Current,2023-24,GVA Growth Rate,Annual,First Revised Estimates,Manufacturing,"Textiles, Apparel and Leather Products",,,-4.040991430952701,-0.22120085117830968,%
2011-12,Current,2023-24,GVA Growth Rate,Annual,First Revised Estimates,Manufacturing,Metal Products,,,11.881569344952254,16.585030999307946,%
2011-12,Current,2023-24,GVA Growth Rate,Annual,First Revised Estimates,Manufacturing,Machinery and Equipment,,,17.033591627538527,14.8702457253913,%
2011-12,Current,2023-24,GVA Growth Rate,Annual,First Revised Estimates,Manufacturing,Other Manufactured Goods,,,12.374535425485561,14.296681255754208,%
2011-12,Current,2023-24,GVA Growth Rate,Annual,First Revised Estimates,Manufacturing,,,,10.940423253749756,12.302341464633955,%
2011-12,Current,2023-24,GVA Growth Rate,Annual,First Revised Estimates,"Electricity, Gas, Water Supply & Other Utility Services",,,,25.83751781286648,8.640977649109033,%
2011-12,Current,2023-24,GVA Growth Rate,Annual,First Revised Estimates,Construction,,,,10.602238581324457,10.408392972977424,%
2011-12,Current,2023-24,GVA Growth Rate,Annual,First Revised Estimates,"Trade, Repair, Hotels and Restaurants",Trade & Repair Services,,,7.948289328213718,7.113843218121403,%
2011-12,Current,2023-24,GVA Growth Rate,Annual,First Revised Estimates,"Trade, Repair, Hotels and Restaurants",Hotels & Restaurants,,,19.630043804107174,18.72895585115816,%
2011-12,Current,2023-24,GVA Growth Rate,Annual,First Revised Estimates,"Trade, Repair, Hotels and Restaurants",,,,9.025435363690775,8.184986969438725,%
2011-12,Current,2023-24,GVA Growth Rate,Annual,First Revised Estimates,"Transport, Storage, Communication & Services Related to Broadcasting",Railways,,,9.988644825737822,8.218168544520395,%
2011-12,Current,2023-24,GVA Growth Rate,Annual,First Revised Estimates,"Transport, Storage, Communication & Services Related to Broadcasting",Road Transport,,,6.322866928939845,3.7428613254725747,%
2011-12,Current,2023-24,GVA Growth Rate,Annual,First Revised Estimates,"Transport, Storage, Communication & Services Related to Broadcasting",Water Transport,,,1.594486110796069,7.306214044206399,%
2011-12,Current,2023-24,GVA Growth Rate,Annual,First Revised Estimates,"Transport, Storage, Communication & Services Related to Broadcasting",Air Transport,,,82.47775367526512,14.01680293977033,%
2011-12,Current,2023-24,GVA Growth Rate,Annual,First Revised Estimates,"Transport, Storage, Communication & Services Related to Broadcasting",Services Incidental to Transport,,,20.73909944102148,5.084066070059848,%
2011-12,Current,2023-24,GVA Growth Rate,Annual,First Revised Estimates,"Transport, Storage, Communication & Services Related to Broadcasting",Storage,,,16.461617583619542,16.610025782235653,%
2011-12,Current,2023-24,GVA Growth Rate,Annual,First Revised Estimates,"Transport, Storage, Communication & Services Related to Broadcasting",Communication & Services Related to Broadcasting,,,10.199539025823384,8.829244713733033,%
2011-12,Current,2023-24,GVA Growth Rate,Annual,First Revised Estimates,"Transport, Storage, Communication & Services Related to Broadcasting",,,,10.21150223018168,6.13512135317427,%
2011-12,Current,2023-24,GVA Growth Rate,Annual,First Revised Estimates,Financial Services,,,,10.016435615900264,7.694131517815819,%
2011-12,Current,2023-24,GVA Growth Rate,Annual,First Revised Estimates,"Real Estate, Ownership of Dwelling & Professional Services",,,,12.011479813949606,11.182073132176669,%
2011-12,Current,2023-24,GVA Growth Rate,Annual,First Revised Estimates,Public Administration and Defence,,,,10.824457521761019,5.730775801810779,%
2011-12,Current,2023-24,GVA Growth Rate,Annual,First Revised Estimates,Other Services,,,,16.979043317815567,11.244990847062127,%
2011-12,Current,2023-24,GVA Growth Rate,Annual,First Revised Estimates,Total Gross Value Added,,,,11.223371109428086,8.559254114773267,%
2011-12,Current,2022-23,GVA Growth Rate,Annual,First Advance Estimates,"Agriculture, Livestock, Forestry and Fishing",,,,12.489842100038501,3.4547893003208117,%
2011-12,Current,2022-23,GVA Growth Rate,Annual,First Advance Estimates,Mining and Quarrying,,,,37.41331835171323,2.3862237039954124,%
2011-12,Current,2022-23,GVA Growth Rate,Annual,First Advance Estimates,Manufacturing,,,,8.07569499521415,1.5599445655653028,%
2011-12,Current,2022-23,GVA Growth Rate,Annual,First Advance Estimates,"Electricity, Gas, Water Supply & Other Utility Services",,,,29.365251056265606,9.005815632441966,%
2011-12,Current,2022-23,GVA Growth Rate,Annual,First Advance Estimates,Construction,,,,16.583125043169986,9.102114351910899,%
2011-12,Current,2022-23,GVA Growth Rate,Annual,First Advance Estimates,"Trade, Hotels, Transport, Communication & Services Related to Broadcasting",,,,24.35085152841883,13.691729231456137,%
2011-12,Current,2022-23,GVA Growth Rate,Annual,First Advance Estimates,"Financial, Real Estate & Professional Services",,,,14.41253779223753,6.3734038263758634,%
2011-12,Current,2022-23,GVA Growth Rate,Annual,First Advance Estimates,"Public Administration, Defence & Other Services",,,,14.165485147093023,7.872555972944113,%
2011-12,Current,2022-23,GVA Growth Rate,Annual,First Advance Estimates,Total Gross Value Added,,,,15.816910884354044,6.711999361161446,%
2011-12,Current,2022-23,GVA Growth Rate,Annual,Second Advance Estimates,"Agriculture, Livestock, Forestry and Fishing",,,,11.168130536986666,3.3488186257382324,%
2011-12,Current,2022-23,GVA Growth Rate,Annual,Second Advance Estimates,Mining and Quarrying,,,,36.19277110068833,3.3769464198145442,%
2011-12,Current,2022-23,GVA Growth Rate,Annual,Second Advance Estimates,Manufacturing,,,,6.669597527705463,0.5570053268235711,%
2011-12,Current,2022-23,GVA Growth Rate,Annual,Second Advance Estimates,"Electricity, Gas, Water Supply & Other Utility Services",,,,33.29656245116553,9.15116045873394,%
2011-12,Current,2022-23,GVA Growth Rate,Annual,Second Advance Estimates,Construction,,,,16.326306977524993,9.117502016950112,%
2011-12,Current,2022-23,GVA Growth Rate,Annual,Second Advance Estimates,"Trade, Hotels, Transport, Communication & Services Related to Broadcasting",,,,23.907896714295035,14.184009001623508,%
2011-12,Current,2022-23,GVA Growth Rate,Annual,Second Advance Estimates,"Financial, Real Estate & Professional Services",,,,14.795389278935119,6.8536018423722,%
2011-12,Current,2022-23,GVA Growth Rate,Annual,Second Advance Estimates,"Public Administration, Defence & Other Services",,,,13.780514237883096,7.123107060779205,%
2011-12,Current,2022-23,GVA Growth Rate,Annual,Second Advance Estimates,Total Gross Value Added,,,,15.243880488088976,6.628255344026073,%
2011-12,Current,2022-23,GVA Growth Rate,Annual,Provisional Estimates,"Agriculture, Livestock, Forestry and Fishing",,,,12.072579479958037,3.961934310580247,%
2011-12,Current,2022-23,GVA Growth Rate,Annual,Provisional Estimates,Mining and Quarrying,,,,35.906809366369146,4.604350854226084,%
2011-12,Current,2022-23,GVA Growth Rate,Annual,Provisional Estimates,Manufacturing,,,,7.0490040231375986,1.3392728942522893,%
2011-12,Current,2022-23,GVA Growth Rate,Annual,Provisional Estimates,"Electricity, Gas, Water Supply & Other Utility Services",,,,33.46534122939758,8.954988132171266,%
2011-12,Current,2022-23,GVA Growth Rate,Annual,Provisional Estimates,Construction,,,,16.69289868387179,10.004426957492683,%
2011-12,Current,2022-23,GVA Growth Rate,Annual,Provisional Estimates,"Trade, Hotels, Transport, Communication & Services Related to Broadcasting",,,,23.149630233830123,13.99031849846996,%
2011-12,Current,2022-23,GVA Growth Rate,Annual,Provisional Estimates,"Financial, Real Estate & Professional Services",,,,14.913650871580302,7.147165786172181,%
2011-12,Current,2022-23,GVA Growth Rate,Annual,Provisional Estimates,"Public Administration, Defence & Other Services",,,,13.848399031484732,7.198458015461398,%
2011-12,Current,2022-23,GVA Growth Rate,Annual,Provisional Estimates,Total Gross Value Added,,,,15.411192211820392,7.006909288698182,%
2011-12,Current,2022-23,GVA Growth Rate,Annual,First Revised Estimates,"Agriculture, Livestock, Forestry and Fishing",Crops,,,,4.745036526323517,%
2011-12,Current,2022-23,GVA Growth Rate,Annual,First Revised Estimates,"Agriculture, Livestock, Forestry and Fishing",Livestock,,,,5.020592017723203,%
2011-12,Current,2022-23,GVA Growth Rate,Annual,First Revised Estimates,"Agriculture, Livestock, Forestry and Fishing",Forestry and Logging,,,,0.9694996663500035,%
2011-12,Current,2022-23,GVA Growth Rate,Annual,First Revised Estimates,"Agriculture, Livestock, Forestry and Fishing",Fishing and Aquaculture,,,,7.577547945479395,%
2011-12,Current,2022-23,GVA Growth Rate,Annual,First Revised Estimates,"Agriculture, Livestock, Forestry and Fishing",,,,,4.70686597924086,%
2011-12,Current,2022-23,GVA Growth Rate,Annual,First Revised Estimates,Mining and Quarrying,,,,,1.9336163489333416,%
2011-12,Current,2022-23,GVA Growth Rate,Annual,First Revised Estimates,Manufacturing,"Food Products, Beverages and Tobacco",,,,0.7467603745237739,%
2011-12,Current,2022-23,GVA Growth Rate,Annual,First Revised Estimates,Manufacturing,"Textiles, Apparel and Leather Products",,,,-10.38945351771396,%
2011-12,Current,2022-23,GVA Growth Rate,Annual,First Revised Estimates,Manufacturing,Metal Products,,,,-2.5063166900001335,%
2011-12,Current,2022-23,GVA Growth Rate,Annual,First Revised Estimates,Manufacturing,Machinery and Equipment,,,,4.7683231783245645,%
2011-12,Current,2022-23,GVA Growth Rate,Annual,First Revised Estimates,Manufacturing,Other Manufactured Goods,,,,-3.95256899632453,%
2011-12,Current,2022-23,GVA Growth Rate,Annual,First Revised Estimates,Manufacturing,,,,,-2.201056333131447,%
2011-12,Current,2022-23,GVA Growth Rate,Annual,First Revised Estimates,"Electricity, Gas, Water Supply & Other Utility Services",,,,,9.437235026961858,%
2011-12,Current,2022-23,GVA Growth Rate,Annual,First Revised Estimates,Construction,,,,,9.4445502981024,%
2011-12,Current,2022-23,GVA Growth Rate,Annual,First Revised Estimates,"Trade, Repair, Hotels and Restaurants",Trade & Repair Services,,,,10.984894488317082,%
2011-12,Current,2022-23,GVA Growth Rate,Annual,First Revised Estimates,"Trade, Repair, Hotels and Restaurants",Hotels & Restaurants,,,,58.996986198527,%
2011-12,Current,2022-23,GVA Growth Rate,Annual,First Revised Estimates,"Trade, Repair, Hotels and Restaurants",,,,,13.868049525744695,%
2011-12,Current,2022-23,GVA Growth Rate,Annual,First Revised Estimates,"Transport, Storage, Communication & Services Related to Broadcasting",Railways,,,,18.38520600959535,%
2011-12,Current,2022-23,GVA Growth Rate,Annual,First Revised Estimates,"Transport, Storage, Communication & Services Related to Broadcasting",Road Transport,,,,4.578486267178519,%
2011-12,Current,2022-23,GVA Growth Rate,Annual,First Revised Estimates,"Transport, Storage, Communication & Services Related to Broadcasting",Water Transport,,,,8.28415854986224,%
2011-12,Current,2022-23,GVA Growth Rate,Annual,First Revised Estimates,"Transport, Storage, Communication & Services Related to Broadcasting",Air Transport,,,,60.75617689104638,%
2011-12,Current,2022-23,GVA Growth Rate,Annual,First Revised Estimates,"Transport, Storage, Communication & Services Related to Broadcasting",Services Incidental to Transport,,,,12.716845407566169,%
2011-12,Current,2022-23,GVA Growth Rate,Annual,First Revised Estimates,"Transport, Storage, Communication & Services Related to Broadcasting",Storage,,,,-4.125151481145167,%
2011-12,Current,2022-23,GVA Growth Rate,Annual,First Revised Estimates,"Transport, Storage, Communication & Services Related to Broadcasting",Communication & Services Related to Broadcasting,,,,10.424740185130801,%
2011-12,Current,2022-23,GVA Growth Rate,Annual,First Revised Estimates,"Transport, Storage, Communication & Services Related to Broadcasting",,,,,8.480193921138664,%
2011-12,Current,2022-23,GVA Growth Rate,Annual,First Revised Estimates,Financial Services,,,,,7.614237529342205,%
2011-12,Current,2022-23,GVA Growth Rate,Annual,First Revised Estimates,"Real Estate, Ownership of Dwelling & Professional Services",,,,,9.571248449564223,%
2011-12,Current,2022-23,GVA Growth Rate,Annual,First Revised Estimates,Public Administration and Defence,,,,,6.079007237026218,%
2011-12,Current,2022-23,GVA Growth Rate,Annual,First Revised Estimates,Other Services,,,,,11.281011026906128,%
2011-12,Current,2022-23,GVA Growth Rate,Annual,First Revised Estimates,Total Gross Value Added,,,,13.97446769092312,6.687837761527504,%
2011-12,Current,2022-23,GVA Growth Rate,Annual,Final Estimates,"Agriculture, Livestock, Forestry and Fishing",Crops,,,5.875390399135199,7.498492168636744,%
2011-12,Current,2022-23,GVA Growth Rate,Annual,Final Estimates,"Agriculture, Livestock, Forestry and Fishing",Livestock,,,10.203587627715848,4.989999360335418,%
2011-12,Current,2022-23,GVA Growth Rate,Annual,Final Estimates,"Agriculture, Livestock, Forestry and Fishing",Forestry and Logging,,,15.923308054563236,1.3434580528905542,%
2011-12,Current,2022-23,GVA Growth Rate,Annual,Final Estimates,"Agriculture, Livestock, Forestry and Fishing",Fishing and Aquaculture,,,14.880754595860495,8.164609609840753,%
2011-12,Current,2022-23,GVA Growth Rate,Annual,Final Estimates,"Agriculture, Livestock, Forestry and Fishing",,,,8.534265204195265,6.2610361101470176,%
2011-12,Current,2022-23,GVA Growth Rate,Annual,Final Estimates,Mining and Quarrying,,,,16.23867915581181,3.3812591050380973,%
2011-12,Current,2022-23,GVA Growth Rate,Annual,Final Estimates,Manufacturing,"Food Products, Beverages and Tobacco",,,14.21730119399038,9.785259997657008,%
2011-12,Current,2022-23,GVA Growth Rate,Annual,Final Estimates,Manufacturing,"Textiles, Apparel and Leather Products",,,3.2867362671961047,-1.453115681640753,%
2011-12,Current,2022-23,GVA Growth Rate,Annual,Final Estimates,Manufacturing,Metal Products,,,-15.56194843504369,-19.91777036531913,%
2011-12,Current,2022-23,GVA Growth Rate,Annual,Final Estimates,Manufacturing,Machinery and Equipment,,,22.70194229576046,17.644722963633797,%
2011-12,Current,2022-23,GVA Growth Rate,Annual,Final Estimates,Manufacturing,Other Manufactured Goods,,,1.9791782790194077,-6.727771090802463,%
2011-12,Current,2022-23,GVA Growth Rate,Annual,Final Estimates,Manufacturing,,,,4.193288874962946,-1.7441965633011165,%
2011-12,Current,2022-23,GVA Growth Rate,Annual,Final Estimates,"Electricity, Gas, Water Supply & Other Utility Services",,,,5.412830210605989,10.80770921566085,%
2011-12,Current,2022-23,GVA Growth Rate,Annual,Final Estimates,Construction,,,,18.28900969058371,9.108525794329452,%
2011-12,Current,2022-23,GVA Growth Rate,Annual,Final Estimates,"Trade, Repair, Hotels and Restaurants",Trade & Repair Services,,,20.0222227172641,10.542707872212546,%
2011-12,Current,2022-23,GVA Growth Rate,Annual,Final Estimates,"Trade, Repair, Hotels and Restaurants",Hotels & Restaurants,,,90.76038859712759,75.77651357865508,%
2011-12,Current,2022-23,GVA Growth Rate,Annual,Final Estimates,"Trade, Repair, Hotels and Restaurants",,,,24.271384296685824,14.4600372122527,%
2011-12,Current,2022-23,GVA Growth Rate,Annual,Final Estimates,"Transport, Storage, Communication & Services Related to Broadcasting",Railways,,,11.670009434588408,17.31381130488674,%
2011-12,Current,2022-23,GVA Growth Rate,Annual,Final Estimates,"Transport, Storage, Communication & Services Related to Broadcasting",Road Transport,,,8.932068407793011,4.5724410839656855,%
2011-12,Current,2022-23,GVA Growth Rate,Annual,Final Estimates,"Transport, Storage, Communication & Services Related to Broadcasting",Water Transport,,,15.26582435794161,8.27810172408212,%
2011-12,Current,2022-23,GVA Growth Rate,Annual,Final Estimates,"Transport, Storage, Communication & Services Related to Broadcasting",Air Transport,,,63.21284515923597,60.74676792884134,%
2011-12,Current,2022-23,GVA Growth Rate,Annual,Final Estimates,"Transport, Storage, Communication & Services Related to Broadcasting",Services Incidental to Transport,,,20.58740748736281,12.710276851450857,%
2011-12,Current,2022-23,GVA Growth Rate,Annual,Final Estimates,"Transport, Storage, Communication & Services Related to Broadcasting",Storage,,,12.217406668829554,-4.856153977324624,%
2011-12,Current,2022-23,GVA Growth Rate,Annual,Final Estimates,"Transport, Storage, Communication & Services Related to Broadcasting",Communication & Services Related to Broadcasting,,,16.4142146772396,10.205354454401487,%
2011-12,Current,2022-23,GVA Growth Rate,Annual,Final Estimates,"Transport, Storage, Communication & Services Related to Broadcasting",,,,12.932870927241751,8.30200859062316,%
2011-12,Current,2022-23,GVA Growth Rate,Annual,Final Estimates,Financial Services,,,,23.817730877382814,8.668606828418476,%
2011-12,Current,2022-23,GVA Growth Rate,Annual,Final Estimates,"Real Estate, Ownership of Dwelling & Professional Services",,,,19.441357919544885,11.536634291330401,%
2011-12,Current,2022-23,GVA Growth Rate,Annual,Final Estimates,Public Administration and Defence,,,,9.699258909795347,2.8811099625349073,%
2011-12,Current,2022-23,GVA Growth Rate,Annual,Final Estimates,Other Services,,,,15.801428092912118,9.795864117722331,%
2011-12,Current,2022-23,GVA Growth Rate,Annual,Final Estimates,Total Gross Value Added,,,,13.91741547445757,7.214814133485476,%
2011-12,Current,2021-22,GVA Growth Rate,Annual,First Advance Estimates,"Agriculture, Livestock, Forestry and Fishing",,,,9.094049764147343,3.890532302138098,%
2011-12,Current,2021-22,GVA Growth Rate,Annual,First Advance Estimates,Mining and Quarrying,,,,62.67331830172847,14.327518003054763,%
2011-12,Current,2021-22,GVA Growth Rate,Annual,First Advance Estimates,Manufacturing,,,,25.225088027975602,12.492258589913362,%
2011-12,Current,2021-22,GVA Growth Rate,Annual,First Advance Estimates,"Electricity, Gas, Water Supply & Other Utility Services",,,,10.092128374062554,8.48343063380024,%
2011-12,Current,2021-22,GVA Growth Rate,Annual,First Advance Estimates,Construction,,,,31.55411435970575,10.67755402248909,%
2011-12,Current,2021-22,GVA Growth Rate,Annual,First Advance Estimates,"Trade, Hotels, Transport, Communication & Services Related to Broadcasting",,,,21.05701370064193,11.860793960453435,%
2011-12,Current,2021-22,GVA Growth Rate,Annual,First Advance Estimates,"Financial, Real Estate & Professional Services",,,,11.473677256423983,4.014016626961279,%
2011-12,Current,2021-22,GVA Growth Rate,Annual,First Advance Estimates,"Public Administration, Defence & Other Services",,,,15.605672163133619,10.725144244965577,%
2011-12,Current,2021-22,GVA Growth Rate,Annual,First Advance Estimates,Total Gross Value Added,,,,17.423078897982606,8.58422808573927,%
2011-12,Current,2021-22,GVA Growth Rate,Annual,Second Advance Estimates,"Agriculture, Livestock, Forestry and Fishing",,,,9.830130378371592,3.271836449863642,%
2011-12,Current,2021-22,GVA Growth Rate,Annual,Second Advance Estimates,Mining and Quarrying,,,,59.446831547601704,12.55716413821932,%
2011-12,Current,2021-22,GVA Growth Rate,Annual,Second Advance Estimates,Manufacturing,,,,22.78375696014183,10.472859400967579,%
2011-12,Current,2021-22,GVA Growth Rate,Annual,Second Advance Estimates,"Electricity, Gas, Water Supply & Other Utility Services",,,,12.372520043104956,7.762337951553121,%
2011-12,Current,2021-22,GVA Growth Rate,Annual,Second Advance Estimates,Construction,,,,29.374052633349322,9.950510098999302,%
2011-12,Current,2021-22,GVA Growth Rate,Annual,Second Advance Estimates,"Trade, Hotels, Transport, Communication & Services Related to Broadcasting",,,,23.626569474796597,11.633276523752144,%
2011-12,Current,2021-22,GVA Growth Rate,Annual,Second Advance Estimates,"Financial, Real Estate & Professional Services",,,,12.889587740822009,4.316726447276096,%
2011-12,Current,2021-22,GVA Growth Rate,Annual,Second Advance Estimates,"Public Administration, Defence & Other Services",,,,18.150464114451154,12.509528736912202,%
2011-12,Current,2021-22,GVA Growth Rate,Annual,Second Advance Estimates,Total Gross Value Added,,,,18.27167001452561,8.260784897609526,%
2011-12,Current,2021-22,GVA Growth Rate,Annual,Provisional Estimates,"Agriculture, Livestock, Forestry and Fishing",,,,10.26661773279345,3.010923745593729,%
2011-12,Current,2021-22,GVA Growth Rate,Annual,Provisional Estimates,Mining and Quarrying,,,,57.879268348581945,11.549905715914093,%
2011-12,Current,2021-22,GVA Growth Rate,Annual,Provisional Estimates,Manufacturing,,,,22.066577157062397,9.92473988917206,%
2011-12,Current,2021-22,GVA Growth Rate,Annual,Provisional Estimates,"Electricity, Gas, Water Supply & Other Utility Services",,,,15.635460009801534,7.532424902189987,%
2011-12,Current,2021-22,GVA Growth Rate,Annual,Provisional Estimates,Construction,,,,30.66945170544855,11.503479730321757,%
2011-12,Current,2021-22,GVA Growth Rate,Annual,Provisional Estimates,"Trade, Hotels, Transport, Communication & Services Related to Broadcasting",,,,23.112761146507424,11.078252956395488,%
2011-12,Current,2021-22,GVA Growth Rate,Annual,Provisional Estimates,"Financial, Real Estate & Professional Services",,,,12.297901784234881,4.2354225425633985,%
2011-12,Current,2021-22,GVA Growth Rate,Annual,Provisional Estimates,"Public Administration, Defence & Other Services",,,,18.373167741648587,12.597824364245099,%
2011-12,Current,2021-22,GVA Growth Rate,Annual,Provisional Estimates,Total Gross Value Added,,,,18.228065450791163,8.108020768041897,%
2011-12,Current,2021-22,GVA Growth Rate,Annual,First Revised Estimates,"Agriculture, Livestock, Forestry and Fishing",Crops,,,,1.6502035261475356,%
2011-12,Current,2021-22,GVA Growth Rate,Annual,First Revised Estimates,"Agriculture, Livestock, Forestry and Fishing",Livestock,,,,6.002294141143722,%
2011-12,Current,2021-22,GVA Growth Rate,Annual,First Revised Estimates,"Agriculture, Livestock, Forestry and Fishing",Forestry and Logging,,,,2.391406756364603,%
2011-12,Current,2021-22,GVA Growth Rate,Annual,First Revised Estimates,"Agriculture, Livestock, Forestry and Fishing",Fishing and Aquaculture,,,,9.26273212148007,%
2011-12,Current,2021-22,GVA Growth Rate,Annual,First Revised Estimates,"Agriculture, Livestock, Forestry and Fishing",,,,,3.5059463744582615,%
2011-12,Current,2021-22,GVA Growth Rate,Annual,First Revised Estimates,Mining and Quarrying,,,,,7.074825826717742,%
2011-12,Current,2021-22,GVA Growth Rate,Annual,First Revised Estimates,Manufacturing,"Food Products, Beverages and Tobacco",,,,7.064523251711847,%
2011-12,Current,2021-22,GVA Growth Rate,Annual,First Revised Estimates,Manufacturing,"Textiles, Apparel and Leather Products",,,,26.978634856675995,%
2011-12,Current,2021-22,GVA Growth Rate,Annual,First Revised Estimates,Manufacturing,Metal Products,,,,11.784574654698844,%
2011-12,Current,2021-22,GVA Growth Rate,Annual,First Revised Estimates,Manufacturing,Machinery and Equipment,,,,12.331468952543815,%
2011-12,Current,2021-22,GVA Growth Rate,Annual,First Revised Estimates,Manufacturing,Other Manufactured Goods,,,,6.401203419619051,%
2011-12,Current,2021-22,GVA Growth Rate,Annual,First Revised Estimates,Manufacturing,,,,,11.053169751673963,%
2011-12,Current,2021-22,GVA Growth Rate,Annual,First Revised Estimates,"Electricity, Gas, Water Supply & Other Utility Services",,,,,9.853303222931828,%
2011-12,Current,2021-22,GVA Growth Rate,Annual,First Revised Estimates,Construction,,,,,14.817645789364605,%
2011-12,Current,2021-22,GVA Growth Rate,Annual,First Revised Estimates,"Trade, Repair, Hotels and Restaurants",Trade & Repair Services,,,,7.302556045089688,%
2011-12,Current,2021-22,GVA Growth Rate,Annual,First Revised Estimates,"Trade, Repair, Hotels and Restaurants",Hotels & Restaurants,,,,43.76187734520613,%
2011-12,Current,2021-22,GVA Growth Rate,Annual,First Revised Estimates,"Trade, Repair, Hotels and Restaurants",,,,,9.09823435807084,%
2011-12,Current,2021-22,GVA Growth Rate,Annual,First Revised Estimates,"Transport, Storage, Communication & Services Related to Broadcasting",Railways,,,,26.390297892456417,%
2011-12,Current,2021-22,GVA Growth Rate,Annual,First Revised Estimates,"Transport, Storage, Communication & Services Related to Broadcasting",Road Transport,,,,35.37173277285265,%
2011-12,Current,2021-22,GVA Growth Rate,Annual,First Revised Estimates,"Transport, Storage, Communication & Services Related to Broadcasting",Water Transport,,,,3.9644825451632215,%
2011-12,Current,2021-22,GVA Growth Rate,Annual,First Revised Estimates,"Transport, Storage, Communication & Services Related to Broadcasting",Air Transport,,,,58.56731163339455,%
2011-12,Current,2021-22,GVA Growth Rate,Annual,First Revised Estimates,"Transport, Storage, Communication & Services Related to Broadcasting",Services Incidental to Transport,,,,8.019603285598961,%
2011-12,Current,2021-22,GVA Growth Rate,Annual,First Revised Estimates,"Transport, Storage, Communication & Services Related to Broadcasting",Storage,,,,32.343159939901454,%
2011-12,Current,2021-22,GVA Growth Rate,Annual,First Revised Estimates,"Transport, Storage, Communication & Services Related to Broadcasting",Communication & Services Related to Broadcasting,,,,9.643201258335836,%
2011-12,Current,2021-22,GVA Growth Rate,Annual,First Revised Estimates,"Transport, Storage, Communication & Services Related to Broadcasting",,,,,23.069164838060587,%
2011-12,Current,2021-22,GVA Growth Rate,Annual,First Revised Estimates,Financial Services,,,,,0.7069749380059278,%
2011-12,Current,2021-22,GVA Growth Rate,Annual,First Revised Estimates,"Real Estate, Ownership of Dwelling & Professional Services",,,,,6.2852465485079705,%
2011-12,Current,2021-22,GVA Growth Rate,Annual,First Revised Estimates,Public Administration and Defence,,,,,4.630942991409029,%
2011-12,Current,2021-22,GVA Growth Rate,Annual,First Revised Estimates,Other Services,,,,,14.254242833808249,%
2011-12,Current,2021-22,GVA Growth Rate,Annual,First Revised Estimates,Total Gross Value Added,,,,17.868724192635028,8.804512984089001,%
2011-12,Current,2021-22,GVA Growth Rate,Annual,Second Revised Estimates,"Agriculture, Livestock, Forestry and Fishing",Crops,,,,3.2427370743479003,%
2011-12,Current,2021-22,GVA Growth Rate,Annual,Second Revised Estimates,"Agriculture, Livestock, Forestry and Fishing",Livestock,,,,6.388885639821069,%
2011-12,Current,2021-22,GVA Growth Rate,Annual,Second Revised Estimates,"Agriculture, Livestock, Forestry and Fishing",Forestry and Logging,,,,0.5639971982232197,%
2011-12,Current,2021-22,GVA Growth Rate,Annual,Second Revised Estimates,"Agriculture, Livestock, Forestry and Fishing",Fishing and Aquaculture,,,,13.709549131542104,%
2011-12,Current,2021-22,GVA Growth Rate,Annual,Second Revised Estimates,"Agriculture, Livestock, Forestry and Fishing",,,,,4.623155629572452,%
2011-12,Current,2021-22,GVA Growth Rate,Annual,Second Revised Estimates,Mining and Quarrying,,,,,6.25299016772172,%
2011-12,Current,2021-22,GVA Growth Rate,Annual,Second Revised Estimates,Manufacturing,"Food Products, Beverages and Tobacco",,,,-4.248621506781589,%
2011-12,Current,2021-22,GVA Growth Rate,Annual,Second Revised Estimates,Manufacturing,"Textiles, Apparel and Leather Products",,,,18.724723861336386,%
2011-12,Current,2021-22,GVA Growth Rate,Annual,Second Revised Estimates,Manufacturing,Metal Products,,,,18.623979978837312,%
2011-12,Current,2021-22,GVA Growth Rate,Annual,Second Revised Estimates,Manufacturing,Machinery and Equipment,,,,9.164751308961058,%
2011-12,Current,2021-22,GVA Growth Rate,Annual,Second Revised Estimates,Manufacturing,Other Manufactured Goods,,,,7.750629768358479,%
2011-12,Current,2021-22,GVA Growth Rate,Annual,Second Revised Estimates,Manufacturing,,,,,9.955219671570532,%
2011-12,Current,2021-22,GVA Growth Rate,Annual,Second Revised Estimates,"Electricity, Gas, Water Supply & Other Utility Services",,,,,10.32328142535495,%
2011-12,Current,2021-22,GVA Growth Rate,Annual,Second Revised Estimates,Construction,,,,,19.908309747622283,%
2011-12,Current,2021-22,GVA Growth Rate,Annual,Second Revised Estimates,"Trade, Repair, Hotels and Restaurants",Trade & Repair Services,,,,10.983603309803456,%
2011-12,Current,2021-22,GVA Growth Rate,Annual,Second Revised Estimates,"Trade, Repair, Hotels and Restaurants",Hotels & Restaurants,,,,36.81125824700803,%
2011-12,Current,2021-22,GVA Growth Rate,Annual,Second Revised Estimates,"Trade, Repair, Hotels and Restaurants",,,,,12.256200164110027,%
2011-12,Current,2021-22,GVA Growth Rate,Annual,Second Revised Estimates,"Transport, Storage, Communication & Services Related to Broadcasting",Railways,,,,21.403017115553396,%
2011-12,Current,2021-22,GVA Growth Rate,Annual,Second Revised Estimates,"Transport, Storage, Communication & Services Related to Broadcasting",Road Transport,,,,34.22884443087423,%
2011-12,Current,2021-22,GVA Growth Rate,Annual,Second Revised Estimates,"Transport, Storage, Communication & Services Related to Broadcasting",Water Transport,,,,6.425641819033643,%
2011-12,Current,2021-22,GVA Growth Rate,Annual,Second Revised Estimates,"Transport, Storage, Communication & Services Related to Broadcasting",Air Transport,,,,58.53575677371106,%
2011-12,Current,2021-22,GVA Growth Rate,Annual,Second Revised Estimates,"Transport, Storage, Communication & Services Related to Broadcasting",Services Incidental to Transport,,,,4.053573015893221,%
2011-12,Current,2021-22,GVA Growth Rate,Annual,Second Revised Estimates,"Transport, Storage, Communication & Services Related to Broadcasting",Storage,,,,30.82018839109017,%
2011-12,Current,2021-22,GVA Growth Rate,Annual,Second Revised Estimates,"Transport, Storage, Communication & Services Related to Broadcasting",Communication & Services Related to Broadcasting,,,,7.667199350186067,%
2011-12,Current,2021-22,GVA Growth Rate,Annual,Second Revised Estimates,"Transport, Storage, Communication & Services Related to Broadcasting",,,,,20.993433625041718,%
2011-12,Current,2021-22,GVA Growth Rate,Annual,Second Revised Estimates,Financial Services,,,,,0.8505964029577768,%
2011-12,Current,2021-22,GVA Growth Rate,Annual,Second Revised Estimates,"Real Estate, Ownership of Dwelling & Professional Services",,,,,7.592397460627808,%
2011-12,Current,2021-22,GVA Growth Rate,Annual,Second Revised Estimates,Public Administration and Defence,,,,,3.0294078059447003,%
2011-12,Current,2021-22,GVA Growth Rate,Annual,Second Revised Estimates,Other Services,,,,,11.553650915741827,%
2011-12,Current,2021-22,GVA Growth Rate,Annual,Second Revised Estimates,Total Gross Value Added,,,,18.805046549270116,9.375448587976564,%
2011-12,Current,2020-21,GVA Growth Rate,Annual,First Advance Estimates,"Agriculture, Livestock, Forestry and Fishing",,,,7.3,3.4,%
2011-12,Current,2020-21,GVA Growth Rate,Annual,First Advance Estimates,Mining and Quarrying,,,,-25.1,-12.4,%
2011-12,Current,2020-21,GVA Growth Rate,Annual,First Advance Estimates,Manufacturing,,,,-8,-9.4,%
2011-12,Current,2020-21,GVA Growth Rate,Annual,First Advance Estimates,"Electricity, Gas, Water Supply & Other Utility Services",,,,-1.9,2.7,%
2011-12,Current,2020-21,GVA Growth Rate,Annual,First Advance Estimates,Construction,,,,-12.4,-12.6,%
2011-12,Current,2020-21,GVA Growth Rate,Annual,First Advance Estimates,"Trade, Hotels, Transport, Communication & Services Related to Broadcasting",,,,-18.3,-21.4,%
2011-12,Current,2020-21,GVA Growth Rate,Annual,First Advance Estimates,"Financial, Real Estate & Professional Services",,,,-1.4,-0.8,%
2011-12,Current,2020-21,GVA Growth Rate,Annual,First Advance Estimates,"Public Administration, Defence & Other Services",,,,1.7,-3.7,%
2011-12,Current,2020-21,GVA Growth Rate,Annual,First Advance Estimates,Total Gross Value Added,,,,-4.2,-7.2,%
2011-12,Current,2020-21,GVA Growth Rate,Annual,Second Advance Estimates,"Agriculture, Livestock, Forestry and Fishing",,,,5.7,3.0,%
2011-12,Current,2020-21,GVA Growth Rate,Annual,Second Advance Estimates,Mining and Quarrying,,,,-21.5,-9.2,%
2011-12,Current,2020-21,GVA Growth Rate,Annual,Second Advance Estimates,Manufacturing,,,,-6.4,-8.4,%
2011-12,Current,2020-21,GVA Growth Rate,Annual,Second Advance Estimates,"Electricity, Gas, Water Supply & Other Utility Services",,,,-1.4,1.8,%
2011-12,Current,2020-21,GVA Growth Rate,Annual,Second Advance Estimates,Construction,,,,-8.7,-10.3,%
2011-12,Current,2020-21,GVA Growth Rate,Annual,Second Advance Estimates,"Trade, Hotels, Transport, Communication & Services Related to Broadcasting",,,,-15.5,-18.0,%
2011-12,Current,2020-21,GVA Growth Rate,Annual,Second Advance Estimates,"Financial, Real Estate & Professional Services",,,,0.5,-1.4,%
2011-12,Current,2020-21,GVA Growth Rate,Annual,Second Advance Estimates,"Public Administration, Defence & Other Services",,,,0.7,-4.1,%
2011-12,Current,2020-21,GVA Growth Rate,Annual,Second Advance Estimates,Total Gross Value Added,,,,-3.7,-6.5,%
2011-12,Current,2020-21,GVA Growth Rate,Annual,Provisional Estimates,"Agriculture, Livestock, Forestry and Fishing",,,,6.555343648892631,3.632498486827359,%
2011-12,Current,2020-21,GVA Growth Rate,Annual,Provisional Estimates,Mining and Quarrying,,,,-17.905241222355457,-8.528591777311036,%
2011-12,Current,2020-21,GVA Growth Rate,Annual,Provisional Estimates,Manufacturing,,,,-4.665066720313632,-7.154089419702302,%
2011-12,Current,2020-21,GVA Growth Rate,Annual,Provisional Estimates,"Electricity, Gas, Water Supply & Other Utility Services",,,,0.17212856795703146,1.9039190786077853,%
2011-12,Current,2020-21,GVA Growth Rate,Annual,Provisional Estimates,Construction,,,,-6.326760719110865,-8.607890204005955,%
2011-12,Current,2020-21,GVA Growth Rate,Annual,Provisional Estimates,"Trade, Hotels, Transport, Communication & Services Related to Broadcasting",,,,-15.4806291746183,-18.201718957237517,%
2011-12,Current,2020-21,GVA Growth Rate,Annual,Provisional Estimates,"Financial, Real Estate & Professional Services",,,,0.8922060421470377,-1.498151319304398,%
2011-12,Current,2020-21,GVA Growth Rate,Annual,Provisional Estimates,"Public Administration, Defence & Other Services",,,,0.4056502418076917,-4.616391619394747,%
2011-12,Current,2020-21,GVA Growth Rate,Annual,Provisional Estimates,Total Gross Value Added,,,,-2.958486093100575,-6.163906254602921,%
2011-12,Current,2020-21,GVA Growth Rate,Annual,First Revised Estimates,"Agriculture, Livestock, Forestry and Fishing",Crops,,,,1.9005476282346763,%
2011-12,Current,2020-21,GVA Growth Rate,Annual,First Revised Estimates,"Agriculture, Livestock, Forestry and Fishing",Livestock,,,,6.1342574994211105,%
2011-12,Current,2020-21,GVA Growth Rate,Annual,First Revised Estimates,"Agriculture, Livestock, Forestry and Fishing",Forestry and Logging,,,,0.7349713932735398,%
2011-12,Current,2020-21,GVA Growth Rate,Annual,First Revised Estimates,"Agriculture, Livestock, Forestry and Fishing",Fishing and Aquaculture,,,,6.022300810579679,%
2011-12,Current,2020-21,GVA Growth Rate,Annual,First Revised Estimates,"Agriculture, Livestock, Forestry and Fishing",,,,,3.3157894383972604,%
2011-12,Current,2020-21,GVA Growth Rate,Annual,First Revised Estimates,Mining and Quarrying,,,,,-8.621809255198244,%
2011-12,Current,2020-21,GVA Growth Rate,Annual,First Revised Estimates,Manufacturing,"Food Products, Beverages and Tobacco",,,,3.716683285346292,%
2011-12,Current,2020-21,GVA Growth Rate,Annual,First Revised Estimates,Manufacturing,"Textiles, Apparel and Leather Products",,,,-18.448729261357627,%
2011-12,Current,2020-21,GVA Growth Rate,Annual,First Revised Estimates,Manufacturing,Metal Products,,,,1.772775789677155,%
2011-12,Current,2020-21,GVA Growth Rate,Annual,First Revised Estimates,Manufacturing,Machinery and Equipment,,,,-6.3230785096885,%
2011-12,Current,2020-21,GVA Growth Rate,Annual,First Revised Estimates,Manufacturing,Other Manufactured Goods,,,,7.219541619159813,%
2011-12,Current,2020-21,GVA Growth Rate,Annual,First Revised Estimates,Manufacturing,,,,,-0.5993850114948316,%
2011-12,Current,2020-21,GVA Growth Rate,Annual,First Revised Estimates,"Electricity, Gas, Water Supply & Other Utility Services",,,,,-3.6264078951003853,%
2011-12,Current,2020-21,GVA Growth Rate,Annual,First Revised Estimates,Construction,,,,,-7.30199930697961,%
2011-12,Current,2020-21,GVA Growth Rate,Annual,First Revised Estimates,"Trade, Repair, Hotels and Restaurants",Trade & Repair Services,,,,-19.31577877294825,%
2011-12,Current,2020-21,GVA Growth Rate,Annual,First Revised Estimates,"Trade, Repair, Hotels and Restaurants",Hotels & Restaurants,,,,-56.410241880421765,%
2011-12,Current,2020-21,GVA Growth Rate,Annual,First Revised Estimates,"Trade, Repair, Hotels and Restaurants",,,,,-22.444442474465802,%
2011-12,Current,2020-21,GVA Growth Rate,Annual,First Revised Estimates,"Transport, Storage, Communication & Services Related to Broadcasting",Railways,,,,-18.405914700166846,%
2011-12,Current,2020-21,GVA Growth Rate,Annual,First Revised Estimates,"Transport, Storage, Communication & Services Related to Broadcasting",Road Transport,,,,-24.081424756821434,%
2011-12,Current,2020-21,GVA Growth Rate,Annual,First Revised Estimates,"Transport, Storage, Communication & Services Related to Broadcasting",Water Transport,,,,-5.563617873390541,%
2011-12,Current,2020-21,GVA Growth Rate,Annual,First Revised Estimates,"Transport, Storage, Communication & Services Related to Broadcasting",Air Transport,,,,-65.31722788782619,%
2011-12,Current,2020-21,GVA Growth Rate,Annual,First Revised Estimates,"Transport, Storage, Communication & Services Related to Broadcasting",Services Incidental to Transport,,,,-10.927320668644853,%
2011-12,Current,2020-21,GVA Growth Rate,Annual,First Revised Estimates,"Transport, Storage, Communication & Services Related to Broadcasting",Storage,,,,2.9675510173740918,%
2011-12,Current,2020-21,GVA Growth Rate,Annual,First Revised Estimates,"Transport, Storage, Communication & Services Related to Broadcasting",Communication & Services Related to Broadcasting,,,,1.7532792215120736,%
2011-12,Current,2020-21,GVA Growth Rate,Annual,First Revised Estimates,"Transport, Storage, Communication & Services Related to Broadcasting",,,,,-15.286955896374337,%
2011-12,Current,2020-21,GVA Growth Rate,Annual,First Revised Estimates,Financial Services,,,,,5.105635271024283,%
2011-12,Current,2020-21,GVA Growth Rate,Annual,First Revised Estimates,"Real Estate, Ownership of Dwelling & Professional Services",,,,,1.157491334973983,%
2011-12,Current,2020-21,GVA Growth Rate,Annual,First Revised Estimates,Public Administration and Defence,,,,,2.2565887262195474,%
2011-12,Current,2020-21,GVA Growth Rate,Annual,First Revised Estimates,Other Services,,,,,-11.544009689213937,%
2011-12,Current,2020-21,GVA Growth Rate,Annual,First Revised Estimates,Total Gross Value Added,,,,-1.6197106579961087,-4.798994962617115,%
2011-12,Current,2020-21,GVA Growth Rate,Annual,Second Revised Estimates,"Agriculture, Livestock, Forestry and Fishing",Crops,,,,2.7822556352236347,%
2011-12,Current,2020-21,GVA Growth Rate,Annual,Second Revised Estimates,"Agriculture, Livestock, Forestry and Fishing",Livestock,,,,6.212219347980323,%
2011-12,Current,2020-21,GVA Growth Rate,Annual,Second Revised Estimates,"Agriculture, Livestock, Forestry and Fishing",Forestry and Logging,,,,5.773331817330458,%
2011-12,Current,2020-21,GVA Growth Rate,Annual,Second Revised Estimates,"Agriculture, Livestock, Forestry and Fishing",Fishing and Aquaculture,,,,3.8264763635647654,%
2011-12,Current,2020-21,GVA Growth Rate,Annual,Second Revised Estimates,"Agriculture, Livestock, Forestry and Fishing",,,,,4.111731619069573,%
2011-12,Current,2020-21,GVA Growth Rate,Annual,Second Revised Estimates,Mining and Quarrying,,,,,-8.58611613148625,%
2011-12,Current,2020-21,GVA Growth Rate,Annual,Second Revised Estimates,Manufacturing,"Food Products, Beverages and Tobacco",,,,-0.9436035647628245,%
2011-12,Current,2020-21,GVA Growth Rate,Annual,Second Revised Estimates,Manufacturing,"Textiles, Apparel and Leather Products",,,,-5.739567865421719,%
2011-12,Current,2020-21,GVA Growth Rate,Annual,Second Revised Estimates,Manufacturing,Metal Products,,,,14.342360317780106,%
2011-12,Current,2020-21,GVA Growth Rate,Annual,Second Revised Estimates,Manufacturing,Machinery and Equipment,,,,-5.399129271686746,%
2011-12,Current,2020-21,GVA Growth Rate,Annual,Second Revised Estimates,Manufacturing,Other Manufactured Goods,,,,7.4704413216135634,%
2011-12,Current,2020-21,GVA Growth Rate,Annual,Second Revised Estimates,Manufacturing,,,,,2.9089149212764482,%
2011-12,Current,2020-21,GVA Growth Rate,Annual,Second Revised Estimates,"Electricity, Gas, Water Supply & Other Utility Services",,,,,-4.335558772348833,%
2011-12,Current,2020-21,GVA Growth Rate,Annual,Second Revised Estimates,Construction,,,,,-5.732144361090803,%
2011-12,Current,2020-21,GVA Growth Rate,Annual,Second Revised Estimates,"Trade, Repair, Hotels and Restaurants",Trade & Repair Services,,,,-18.275900024519146,%
2011-12,Current,2020-21,GVA Growth Rate,Annual,Second Revised Estimates,"Trade, Repair, Hotels and Restaurants",Hotels & Restaurants,,,,-53.71443634207481,%
2011-12,Current,2020-21,GVA Growth Rate,Annual,Second Revised Estimates,"Trade, Repair, Hotels and Restaurants",,,,,-21.245681901429194,%
2011-12,Current,2020-21,GVA Growth Rate,Annual,Second Revised Estimates,"Transport, Storage, Communication & Services Related to Broadcasting",Railways,,,,-20.106859118886888,%
2011-12,Current,2020-21,GVA Growth Rate,Annual,Second Revised Estimates,"Transport, Storage, Communication & Services Related to Broadcasting",Road Transport,,,,-25.552564089236867,%
2011-12,Current,2020-21,GVA Growth Rate,Annual,Second Revised Estimates,"Transport, Storage, Communication & Services Related to Broadcasting",Water Transport,,,,-5.628585368916077,%
2011-12,Current,2020-21,GVA Growth Rate,Annual,Second Revised Estimates,"Transport, Storage, Communication & Services Related to Broadcasting",Air Transport,,,,-62.4951605231924,%
2011-12,Current,2020-21,GVA Growth Rate,Annual,Second Revised Estimates,"Transport, Storage, Communication & Services Related to Broadcasting",Services Incidental to Transport,,,,-10.909712068000886,%
2011-12,Current,2020-21,GVA Growth Rate,Annual,Second Revised Estimates,"Transport, Storage, Communication & Services Related to Broadcasting",Storage,,,,-2.3807049959388706,%
2011-12,Current,2020-21,GVA Growth Rate,Annual,Second Revised Estimates,"Transport, Storage, Communication & Services Related to Broadcasting",Communication & Services Related to Broadcasting,,,,0.7862304696413247,%
2011-12,Current,2020-21,GVA Growth Rate,Annual,Second Revised Estimates,"Transport, Storage, Communication & Services Related to Broadcasting",,,,,-16.489862358486107,%
2011-12,Current,2020-21,GVA Growth Rate,Annual,Second Revised Estimates,Financial Services,,,,,5.10197801069387,%
2011-12,Current,2020-21,GVA Growth Rate,Annual,Second Revised Estimates,"Real Estate, Ownership of Dwelling & Professional Services",,,,,0.973726373422565,%
2011-12,Current,2020-21,GVA Growth Rate,Annual,Second Revised Estimates,Public Administration and Defence,,,,,-0.6446530922641784,%
2011-12,Current,2020-21,GVA Growth Rate,Annual,Second Revised Estimates,Other Services,,,,,-13.13562860133392,%
2011-12,Current,2020-21,GVA Growth Rate,Annual,Second Revised Estimates,Total Gross Value Added,,,,-1.0463838060686612,-4.190193540116709,%
2011-12,Current,2020-21,GVA Growth Rate,Annual,Third Revised Estimates,"Agriculture, Livestock, Forestry and Fishing",Crops,,,,2.604250280924589,%
2011-12,Current,2020-21,GVA Growth Rate,Annual,Third Revised Estimates,"Agriculture, Livestock, Forestry and Fishing",Livestock,,,,6.203160898099895,%
2011-12,Current,2020-21,GVA Growth Rate,Annual,Third Revised Estimates,"Agriculture, Livestock, Forestry and Fishing",Forestry and Logging,,,,5.760377627598757,%
2011-12,Current,2020-21,GVA Growth Rate,Annual,Third Revised Estimates,"Agriculture, Livestock, Forestry and Fishing",Fishing and Aquaculture,,,,3.7756187424325702,%
2011-12,Current,2020-21,GVA Growth Rate,Annual,Third Revised Estimates,"Agriculture, Livestock, Forestry and Fishing",,,,,4.005693918266303,%
2011-12,Current,2020-21,GVA Growth Rate,Annual,Third Revised Estimates,Mining and Quarrying,,,,,-8.217082596603206,%
2011-12,Current,2020-21,GVA Growth Rate,Annual,Third Revised Estimates,Manufacturing,"Food Products, Beverages and Tobacco",,,,-0.17488398819091344,%
2011-12,Current,2020-21,GVA Growth Rate,Annual,Third Revised Estimates,Manufacturing,"Textiles, Apparel and Leather Products",,,,-9.391351098471034,%
2011-12,Current,2020-21,GVA Growth Rate,Annual,Third Revised Estimates,Manufacturing,Metal Products,,,,15.27145482597237,%
2011-12,Current,2020-21,GVA Growth Rate,Annual,Third Revised Estimates,Manufacturing,Machinery and Equipment,,,,-4.498979065354888,%
2011-12,Current,2020-21,GVA Growth Rate,Annual,Third Revised Estimates,Manufacturing,Other Manufactured Goods,,,,8.011035665036687,%
2011-12,Current,2020-21,GVA Growth Rate,Annual,Third Revised Estimates,Manufacturing,,,,,3.073610993450245,%
2011-12,Current,2020-21,GVA Growth Rate,Annual,Third Revised Estimates,"Electricity, Gas, Water Supply & Other Utility Services",,,,,-4.183808197762232,%
2011-12,Current,2020-21,GVA Growth Rate,Annual,Third Revised Estimates,Construction,,,,,-4.605847331808917,%
2011-12,Current,2020-21,GVA Growth Rate,Annual,Third Revised Estimates,"Trade, Repair, Hotels and Restaurants",Trade & Repair Services,,,,-18.38183899070529,%
2011-12,Current,2020-21,GVA Growth Rate,Annual,Third Revised Estimates,"Trade, Repair, Hotels and Restaurants",Hotels & Restaurants,,,,-53.753618146528915,%
2011-12,Current,2020-21,GVA Growth Rate,Annual,Third Revised Estimates,"Trade, Repair, Hotels and Restaurants",,,,,-21.346026556177392,%
2011-12,Current,2020-21,GVA Growth Rate,Annual,Third Revised Estimates,"Transport, Storage, Communication & Services Related to Broadcasting",Railways,,,,-20.106859118886888,%
2011-12,Current,2020-21,GVA Growth Rate,Annual,Third Revised Estimates,"Transport, Storage, Communication & Services Related to Broadcasting",Road Transport,,,,-26.439917991375864,%
2011-12,Current,2020-21,GVA Growth Rate,Annual,Third Revised Estimates,"Transport, Storage, Communication & Services Related to Broadcasting",Water Transport,,,,-5.773044464115856,%
2011-12,Current,2020-21,GVA Growth Rate,Annual,Third Revised Estimates,"Transport, Storage, Communication & Services Related to Broadcasting",Air Transport,,,,-62.51163169253118,%
2011-12,Current,2020-21,GVA Growth Rate,Annual,Third Revised Estimates,"Transport, Storage, Communication & Services Related to Broadcasting",Services Incidental to Transport,,,,-11.075422970895502,%
2011-12,Current,2020-21,GVA Growth Rate,Annual,Third Revised Estimates,"Transport, Storage, Communication & Services Related to Broadcasting",Storage,,,,-1.1696545047404072,%
2011-12,Current,2020-21,GVA Growth Rate,Annual,Third Revised Estimates,"Transport, Storage, Communication & Services Related to Broadcasting",Communication & Services Related to Broadcasting,,,,0.8160356666331694,%
2011-12,Current,2020-21,GVA Growth Rate,Annual,Third Revised Estimates,"Transport, Storage, Communication & Services Related to Broadcasting",,,,,-16.927785414702186,%
2011-12,Current,2020-21,GVA Growth Rate,Annual,Third Revised Estimates,Financial Services,,,,,5.067760733965443,%
2011-12,Current,2020-21,GVA Growth Rate,Annual,Third Revised Estimates,"Real Estate, Ownership of Dwelling & Professional Services",,,,,0.7630348550656123,%
2011-12,Current,2020-21,GVA Growth Rate,Annual,Third Revised Estimates,Public Administration and Defence,,,,,-0.6091487801892015,%
2011-12,Current,2020-21,GVA Growth Rate,Annual,Third Revised Estimates,Other Services,,,,,-13.039304941507112,%
2011-12,Current,2020-21,GVA Growth Rate,Annual,Third Revised Estimates,Total Gross Value Added,,,,-0.9255159405996096,-4.14590264122225,%
2011-12,Current,2019-20,GVA Growth Rate,Annual,First Advance Estimates,"Agriculture, Livestock, Forestry and Fishing",,,,9.8,2.8,%
2011-12,Current,2019-20,GVA Growth Rate,Annual,First Advance Estimates,Mining and Quarrying,,,,-1.6,1.5,%
2011-12,Current,2019-20,GVA Growth Rate,Annual,First Advance Estimates,Manufacturing,,,,2.3,2,%
2011-12,Current,2019-20,GVA Growth Rate,Annual,First Advance Estimates,"Electricity, Gas, Water Supply & Other Utility Services",,,,4.8,5.4,%
2011-12,Current,2019-20,GVA Growth Rate,Annual,First Advance Estimates,Construction,,,,4.6,3.2,%
2011-12,Current,2019-20,GVA Growth Rate,Annual,First Advance Estimates,"Trade, Hotels, Transport, Communication & Services Related to Broadcasting",,,,7.6,5.9,%
2011-12,Current,2019-20,GVA Growth Rate,Annual,First Advance Estimates,"Financial, Real Estate & Professional Services",,,,7.6,6.4,%
2011-12,Current,2019-20,GVA Growth Rate,Annual,First Advance Estimates,"Public Administration, Defence & Other Services",,,,14.6,9.1,%
2011-12,Current,2019-20,GVA Growth Rate,Annual,First Advance Estimates,Total Gross Value Added,,,,7.6,4.9,%
2011-12,Current,2019-20,GVA Growth Rate,Annual,Second Advance Estimates,"Agriculture, Livestock, Forestry and Fishing",,,,11.3,3.7,%
2011-12,Current,2019-20,GVA Growth Rate,Annual,Second Advance Estimates,Mining and Quarrying,,,,0.6,2.8,%
2011-12,Current,2019-20,GVA Growth Rate,Annual,Second Advance Estimates,Manufacturing,,,,1.1,0.9,%
2011-12,Current,2019-20,GVA Growth Rate,Annual,Second Advance Estimates,"Electricity, Gas, Water Supply & Other Utility Services",,,,4.2,4.6,%
2011-12,Current,2019-20,GVA Growth Rate,Annual,Second Advance Estimates,Construction,,,,4.7,3,%
2011-12,Current,2019-20,GVA Growth Rate,Annual,Second Advance Estimates,"Trade, Hotels, Transport, Communication & Services Related to Broadcasting",,,,7.6,5.6,%
2011-12,Current,2019-20,GVA Growth Rate,Annual,Second Advance Estimates,"Financial, Real Estate & Professional Services",,,,8.5,7.3,%
2011-12,Current,2019-20,GVA Growth Rate,Annual,Second Advance Estimates,"Public Administration, Defence & Other Services",,,,14.4,8.8,%
2011-12,Current,2019-20,GVA Growth Rate,Annual,Second Advance Estimates,Total Gross Value Added,,,,3.3,4.9,%
2011-12,Current,2019-20,GVA Growth Rate,Annual,Provisional Estimates,"Agriculture, Livestock, Forestry and Fishing",,,,11.4,4,%
2011-12,Current,2019-20,GVA Growth Rate,Annual,Provisional Estimates,Mining and Quarrying,,,,1,3.1,%
2011-12,Current,2019-20,GVA Growth Rate,Annual,Provisional Estimates,Manufacturing,,,,0.3,0.03,%
2011-12,Current,2019-20,GVA Growth Rate,Annual,Provisional Estimates,"Electricity, Gas, Water Supply & Other Utility Services",,,,6.6,4.1,%
2011-12,Current,2019-20,GVA Growth Rate,Annual,Provisional Estimates,Construction,,,,3,1.3,%
2011-12,Current,2019-20,GVA Growth Rate,Annual,Provisional Estimates,"Trade, Hotels, Transport, Communication & Services Related to Broadcasting",,,,5.5,3.6,%
2011-12,Current,2019-20,GVA Growth Rate,Annual,Provisional Estimates,"Financial, Real Estate & Professional Services",,,,6.1,4.6,%
2011-12,Current,2019-20,GVA Growth Rate,Annual,Provisional Estimates,"Public Administration, Defence & Other Services",,,,15.7,10,%
2011-12,Current,2019-20,GVA Growth Rate,Annual,Provisional Estimates,Total Gross Value Added,,,,7,3.9,%
2011-12,Current,2019-20,GVA Growth Rate,Annual,First Revised Estimates,"Agriculture, Livestock, Forestry and Fishing",Crops,,,,3.951745696469189,%
2011-12,Current,2019-20,GVA Growth Rate,Annual,First Revised Estimates,"Agriculture, Livestock, Forestry and Fishing",Livestock,,,,6.996046701228934,%
2011-12,Current,2019-20,GVA Growth Rate,Annual,First Revised Estimates,"Agriculture, Livestock, Forestry and Fishing",Forestry and Logging,,,,0.3433223928781928,%
2011-12,Current,2019-20,GVA Growth Rate,Annual,First Revised Estimates,"Agriculture, Livestock, Forestry and Fishing",Fishing and Aquaculture,,,,1.0280270313301116,%
2011-12,Current,2019-20,GVA Growth Rate,Annual,First Revised Estimates,"Agriculture, Livestock, Forestry and Fishing",,,,,4.314766319346688,%
2011-12,Current,2019-20,GVA Growth Rate,Annual,First Revised Estimates,Mining and Quarrying,,,,,-2.542898301474878,%
2011-12,Current,2019-20,GVA Growth Rate,Annual,First Revised Estimates,Manufacturing,"Food Products, Beverages and Tobacco",,,,-3.5793673630334837,%
2011-12,Current,2019-20,GVA Growth Rate,Annual,First Revised Estimates,Manufacturing,"Textiles, Apparel and Leather Products",,,,-1.8068459906738354,%
2011-12,Current,2019-20,GVA Growth Rate,Annual,First Revised Estimates,Manufacturing,Metal Products,,,,1.2139619877344217,%
2011-12,Current,2019-20,GVA Growth Rate,Annual,First Revised Estimates,Manufacturing,Machinery and Equipment,,,,-3.307378719243502,%
2011-12,Current,2019-20,GVA Growth Rate,Annual,First Revised Estimates,Manufacturing,Other Manufactured Goods,,,,-3.0852753548545877,%
2011-12,Current,2019-20,GVA Growth Rate,Annual,First Revised Estimates,Manufacturing,,,,,-2.4351454523512075,%
2011-12,Current,2019-20,GVA Growth Rate,Annual,First Revised Estimates,"Electricity, Gas, Water Supply & Other Utility Services",,,,,2.0523406896721212,%
2011-12,Current,2019-20,GVA Growth Rate,Annual,First Revised Estimates,Construction,,,,,0.9837336165785473,%
2011-12,Current,2019-20,GVA Growth Rate,Annual,First Revised Estimates,"Trade, Repair, Hotels and Restaurants",Trade & Repair Services,,,,6.934657897572947,%
2011-12,Current,2019-20,GVA Growth Rate,Annual,First Revised Estimates,"Trade, Repair, Hotels and Restaurants",Hotels & Restaurants,,,,8.523815437922863,%
2011-12,Current,2019-20,GVA Growth Rate,Annual,First Revised Estimates,"Trade, Repair, Hotels and Restaurants",,,,,7.069121946697351,%
2011-12,Current,2019-20,GVA Growth Rate,Annual,First Revised Estimates,"Transport, Storage, Communication & Services Related to Broadcasting",Railways,,,,3.474531191442722,%
2011-12,Current,2019-20,GVA Growth Rate,Annual,First Revised Estimates,"Transport, Storage, Communication & Services Related to Broadcasting",Road Transport,,,,3.4711451945334915,%
2011-12,Current,2019-20,GVA Growth Rate,Annual,First Revised Estimates,"Transport, Storage, Communication & Services Related to Broadcasting",Water Transport,,,,3.0498142992622803,%
2011-12,Current,2019-20,GVA Growth Rate,Annual,First Revised Estimates,"Transport, Storage, Communication & Services Related to Broadcasting",Air Transport,,,,-2.616707074829435,%
2011-12,Current,2019-20,GVA Growth Rate,Annual,First Revised Estimates,"Transport, Storage, Communication & Services Related to Broadcasting",Services Incidental to Transport,,,,2.539389264067111,%
2011-12,Current,2019-20,GVA Growth Rate,Annual,First Revised Estimates,"Transport, Storage, Communication & Services Related to Broadcasting",Storage,,,,2.5623177030270767,%
2011-12,Current,2019-20,GVA Growth Rate,Annual,First Revised Estimates,"Transport, Storage, Communication & Services Related to Broadcasting",Communication & Services Related to Broadcasting,,,,10.807891944465567,%
2011-12,Current,2019-20,GVA Growth Rate,Annual,First Revised Estimates,"Transport, Storage, Communication & Services Related to Broadcasting",,,,,5.022889803863677,%
2011-12,Current,2019-20,GVA Growth Rate,Annual,First Revised Estimates,Financial Services,,,,,4.139547758508954,%
2011-12,Current,2019-20,GVA Growth Rate,Annual,First Revised Estimates,"Real Estate, Ownership of Dwelling & Professional Services",,,,,8.495155959937833,%
2011-12,Current,2019-20,GVA Growth Rate,Annual,First Revised Estimates,Public Administration and Defence,,,,,7.215164721287451,%
2011-12,Current,2019-20,GVA Growth Rate,Annual,First Revised Estimates,Other Services,,,,,9.150430260244875,%
2011-12,Current,2019-20,GVA Growth Rate,Annual,First Revised Estimates,Total Gross Value Added,,,,7.575982748008883,4.137318906983722,%
2011-12,Current,2019-20,GVA Growth Rate,Annual,Second Revised Estimates,"Agriculture, Livestock, Forestry and Fishing",Crops,,,,5.464435978128407,%
2011-12,Current,2019-20,GVA Growth Rate,Annual,Second Revised Estimates,"Agriculture, Livestock, Forestry and Fishing",Livestock,,,,7.482747947510134,%
2011-12,Current,2019-20,GVA Growth Rate,Annual,Second Revised Estimates,"Agriculture, Livestock, Forestry and Fishing",Forestry and Logging,,,,0.28436157983587407,%
2011-12,Current,2019-20,GVA Growth Rate,Annual,Second Revised Estimates,"Agriculture, Livestock, Forestry and Fishing",Fishing and Aquaculture,,,,4.3589127811972475,%
2011-12,Current,2019-20,GVA Growth Rate,Annual,Second Revised Estimates,"Agriculture, Livestock, Forestry and Fishing",,,,,5.520315250923872,%
2011-12,Current,2019-20,GVA Growth Rate,Annual,Second Revised Estimates,Mining and Quarrying,,,,,-1.54466394529193,%
2011-12,Current,2019-20,GVA Growth Rate,Annual,Second Revised Estimates,Manufacturing,"Food Products, Beverages and Tobacco",,,,-4.075366213965452,%
2011-12,Current,2019-20,GVA Growth Rate,Annual,Second Revised Estimates,Manufacturing,"Textiles, Apparel and Leather Products",,,,-2.0807952710524376,%
2011-12,Current,2019-20,GVA Growth Rate,Annual,Second Revised Estimates,Manufacturing,Metal Products,,,,-0.8865416034242486,%
2011-12,Current,2019-20,GVA Growth Rate,Annual,Second Revised Estimates,Manufacturing,Machinery and Equipment,,,,-4.533251764627849,%
2011-12,Current,2019-20,GVA Growth Rate,Annual,Second Revised Estimates,Manufacturing,Other Manufactured Goods,,,,-2.5128145900133916,%
2011-12,Current,2019-20,GVA Growth Rate,Annual,Second Revised Estimates,Manufacturing,,,,,-2.906765387242899,%
2011-12,Current,2019-20,GVA Growth Rate,Annual,Second Revised Estimates,"Electricity, Gas, Water Supply & Other Utility Services",,,,,2.2192723742421805,%
2011-12,Current,2019-20,GVA Growth Rate,Annual,Second Revised Estimates,Construction,,,,,1.1580372590580765,%
2011-12,Current,2019-20,GVA Growth Rate,Annual,Second Revised Estimates,"Trade, Repair, Hotels and Restaurants",Trade & Repair Services,,,,7.098905436119082,%
2011-12,Current,2019-20,GVA Growth Rate,Annual,Second Revised Estimates,"Trade, Repair, Hotels and Restaurants",Hotels & Restaurants,,,,6.691049445962975,%
2011-12,Current,2019-20,GVA Growth Rate,Annual,Second Revised Estimates,"Trade, Repair, Hotels and Restaurants",,,,,7.064385206205074,%
2011-12,Current,2019-20,GVA Growth Rate,Annual,Second Revised Estimates,"Transport, Storage, Communication & Services Related to Broadcasting",Railways,,,,-9.903528633243923,%
2011-12,Current,2019-20,GVA Growth Rate,Annual,Second Revised Estimates,"Transport, Storage, Communication & Services Related to Broadcasting",Road Transport,,,,3.516944623689028,%
2011-12,Current,2019-20,GVA Growth Rate,Annual,Second Revised Estimates,"Transport, Storage, Communication & Services Related to Broadcasting",Water Transport,,,,3.089406761473043,%
2011-12,Current,2019-20,GVA Growth Rate,Annual,Second Revised Estimates,"Transport, Storage, Communication & Services Related to Broadcasting",Air Transport,,,,-2.58165256395003,%
2011-12,Current,2019-20,GVA Growth Rate,Annual,Second Revised Estimates,"Transport, Storage, Communication & Services Related to Broadcasting",Services Incidental to Transport,,,,2.5921874342071476,%
2011-12,Current,2019-20,GVA Growth Rate,Annual,Second Revised Estimates,"Transport, Storage, Communication & Services Related to Broadcasting",Storage,,,,0.9622847443213232,%
2011-12,Current,2019-20,GVA Growth Rate,Annual,Second Revised Estimates,"Transport, Storage, Communication & Services Related to Broadcasting",Communication & Services Related to Broadcasting,,,,11.20499037568456,%
2011-12,Current,2019-20,GVA Growth Rate,Annual,Second Revised Estimates,"Transport, Storage, Communication & Services Related to Broadcasting",,,,,3.6492375536182777,%
2011-12,Current,2019-20,GVA Growth Rate,Annual,Second Revised Estimates,Financial Services,,,,,3.495451011163283,%
2011-12,Current,2019-20,GVA Growth Rate,Annual,Second Revised Estimates,"Real Estate, Ownership of Dwelling & Professional Services",,,,,8.009513214580338,%
2011-12,Current,2019-20,GVA Growth Rate,Annual,Second Revised Estimates,Public Administration and Defence,,,,,5.147302798388239,%
2011-12,Current,2019-20,GVA Growth Rate,Annual,Second Revised Estimates,Other Services,,,,,7.195906140127661,%
2011-12,Current,2019-20,GVA Growth Rate,Annual,Second Revised Estimates,Total Gross Value Added,,,,6.870290133009178,3.8140845717416596,%
2011-12,Current,2019-20,GVA Growth Rate,Annual,Third Revised Estimates,"Agriculture, Livestock, Forestry and Fishing",Crops,,,,5.660619310110505,%
2011-12,Current,2019-20,GVA Growth Rate,Annual,Third Revised Estimates,"Agriculture, Livestock, Forestry and Fishing",Livestock,,,,7.531680073484807,%
2011-12,Current,2019-20,GVA Growth Rate,Annual,Third Revised Estimates,"Agriculture, Livestock, Forestry and Fishing",Forestry and Logging,,,,6.112984067302293,%
2011-12,Current,2019-20,GVA Growth Rate,Annual,Third Revised Estimates,"Agriculture, Livestock, Forestry and Fishing",Fishing and Aquaculture,,,,4.474479122908079,%
2011-12,Current,2019-20,GVA Growth Rate,Annual,Third Revised Estimates,"Agriculture, Livestock, Forestry and Fishing",,,,,6.160309154107907,%
2011-12,Current,2019-20,GVA Growth Rate,Annual,Third Revised Estimates,Mining and Quarrying,,,,,-2.9619915034488287,%
2011-12,Current,2019-20,GVA Growth Rate,Annual,Third Revised Estimates,Manufacturing,"Food Products, Beverages and Tobacco",,,,-15.846616312507294,%
2011-12,Current,2019-20,GVA Growth Rate,Annual,Third Revised Estimates,Manufacturing,"Textiles, Apparel and Leather Products",,,,-3.033296874403348,%
2011-12,Current,2019-20,GVA Growth Rate,Annual,Third Revised Estimates,Manufacturing,Metal Products,,,,0.888969338213613,%
2011-12,Current,2019-20,GVA Growth Rate,Annual,Third Revised Estimates,Manufacturing,Machinery and Equipment,,,,-7.758088215784625,%
2011-12,Current,2019-20,GVA Growth Rate,Annual,Third Revised Estimates,Manufacturing,Other Manufactured Goods,,,,2.660945458036906,%
2011-12,Current,2019-20,GVA Growth Rate,Annual,Third Revised Estimates,Manufacturing,,,,,-2.974962942018905,%
2011-12,Current,2019-20,GVA Growth Rate,Annual,Third Revised Estimates,"Electricity, Gas, Water Supply & Other Utility Services",,,,,2.2610977990837284,%
2011-12,Current,2019-20,GVA Growth Rate,Annual,Third Revised Estimates,Construction,,,,,1.6206072317083766,%
2011-12,Current,2019-20,GVA Growth Rate,Annual,Third Revised Estimates,"Trade, Repair, Hotels and Restaurants",Trade & Repair Services,,,,7.188276484923833,%
2011-12,Current,2019-20,GVA Growth Rate,Annual,Third Revised Estimates,"Trade, Repair, Hotels and Restaurants",Hotels & Restaurants,,,,6.030820807484915,%
2011-12,Current,2019-20,GVA Growth Rate,Annual,Third Revised Estimates,"Trade, Repair, Hotels and Restaurants",,,,,7.090311426018658,%
2011-12,Current,2019-20,GVA Growth Rate,Annual,Third Revised Estimates,"Transport, Storage, Communication & Services Related to Broadcasting",Railways,,,,-9.903528633243923,%
2011-12,Current,2019-20,GVA Growth Rate,Annual,Third Revised Estimates,"Transport, Storage, Communication & Services Related to Broadcasting",Road Transport,,,,3.501908958718005,%
2011-12,Current,2019-20,GVA Growth Rate,Annual,Third Revised Estimates,"Transport, Storage, Communication & Services Related to Broadcasting",Water Transport,,,,3.0749109130469208,%
2011-12,Current,2019-20,GVA Growth Rate,Annual,Third Revised Estimates,"Transport, Storage, Communication & Services Related to Broadcasting",Air Transport,,,,-2.595985495396363,%
2011-12,Current,2019-20,GVA Growth Rate,Annual,Third Revised Estimates,"Transport, Storage, Communication & Services Related to Broadcasting",Services Incidental to Transport,,,,2.5771657575094764,%
2011-12,Current,2019-20,GVA Growth Rate,Annual,Third Revised Estimates,"Transport, Storage, Communication & Services Related to Broadcasting",Storage,,,,1.7214276309155991,%
2011-12,Current,2019-20,GVA Growth Rate,Annual,Third Revised Estimates,"Transport, Storage, Communication & Services Related to Broadcasting",Communication & Services Related to Broadcasting,,,,11.136881171621965,%
2011-12,Current,2019-20,GVA Growth Rate,Annual,Third Revised Estimates,"Transport, Storage, Communication & Services Related to Broadcasting",,,,,3.6361181808968013,%
2011-12,Current,2019-20,GVA Growth Rate,Annual,Third Revised Estimates,Financial Services,,,,,3.4774797108345865,%
2011-12,Current,2019-20,GVA Growth Rate,Annual,Third Revised Estimates,"Real Estate, Ownership of Dwelling & Professional Services",,,,,8.059935995449734,%
2011-12,Current,2019-20,GVA Growth Rate,Annual,Third Revised Estimates,Public Administration and Defence,,,,,5.500855492924444,%
2011-12,Current,2019-20,GVA Growth Rate,Annual,Third Revised Estimates,Other Services,,,,,7.4407751188063145,%
2011-12,Current,2025-26,GDP Growth Rate,Annual,First Advance Estimates,,,,,8.00087468354862,7.41058007283857,%
2011-12,Current,2024-25,GDP Growth Rate,Annual,First Advance Estimates,,,,,9.736496299807882,6.366797318326391,%
2011-12,Current,2024-25,GDP Growth Rate,Annual,Second Advance Estimates,,,,,9.89364625764604,6.484223630328856,%
2011-12,Current,2024-25,GDP Growth Rate,Annual,Provisional Estimates,,,,,9.777225984607483,6.49476552383976,%
2011-12,Current,2023-24,GDP Growth Rate,Annual,First Advance Estimates,,,,,8.872868474979583,7.3234079921549835,%
2011-12,Current,2023-24,GDP Growth Rate,Annual,Second Advance Estimates,,,,,9.05407072626059,7.583971124335804,%
2011-12,Current,2023-24,GDP Growth Rate,Annual,Provisional Estimates,,,,,9.59575126685533,8.152936310952057,%
2011-12,Current,2023-24,GDP Growth Rate,Annual,First Revised Estimates,,,,,12.020924206027516,9.190754930284541,%
2011-12,Current,2022-23,GDP Growth Rate,Annual,First Advance Estimates,,,,,15.394761174050984,6.9549501340454185,%
2011-12,Current,2022-23,GDP Growth Rate,Annual,Second Advance Estimates,,,,,15.903683142971573,7.002951544466839,%
2011-12,Current,2022-23,GDP Growth Rate,Annual,Provisional Estimates,,,,,16.061090501846564,7.2396932779478504,%
2011-12,Current,2022-23,GDP Growth Rate,Annual,First Revised Estimates,,,,,14.206003801595244,6.98703932576008,%
2011-12,Current,2022-23,GDP Growth Rate,Annual,Final Estimates,,,,,13.955241883905629,7.609364977703706,%
2011-12,Current,2021-22,GDP Growth Rate,Annual,First Advance Estimates,,,,,17.568574805950774,9.182404983378348,%
2011-12,Current,2021-22,GDP Growth Rate,Annual,Second Advance Estimates,,,,,19.407997895041703,8.947962669218157,%
2011-12,Current,2021-22,GDP Growth Rate,Annual,Provisional Estimates,,,,,19.512852818368742,8.681228730832615,%
2011-12,Current,2021-22,GDP Growth Rate,Annual,First Revised Estimates,,,,,18.361563674291645,9.050277907721068,%
2011-12,Current,2021-22,GDP Growth Rate,Annual,Second Revised Estimates,,,,,18.854056717407033,9.689592491911966,%
2011-12,Current,2020-21,GDP Growth Rate,Annual,First Advance Estimates,,,,,-4.2,-7.7,%
2011-12,Current,2020-21,GDP Growth Rate,Annual,Second Advance Estimates,,,,,-3.8,-8.0,%
2011-12,Current,2020-21,GDP Growth Rate,Annual,Provisional Estimates,,,,,-2.974508138331217,-7.2517547817664365,%
2011-12,Current,2020-21,GDP Growth Rate,Annual,First Revised Estimates,,,,,-1.3646024291538197,-6.5960805223650425,%
2011-12,Current,2020-21,GDP Growth Rate,Annual,Second Revised Estimates,,,,,-1.3612780821075887,-5.831053220293441,%
2011-12,Current,2020-21,GDP Growth Rate,Annual,Third Revised Estimates,,,,,-1.2410560235544352,-5.777724706874082,%
2011-12,Current,2019-20,GDP Growth Rate,Annual,First Advance Estimates,,,,,7.5,5,%
2011-12,Current,2019-20,GDP Growth Rate,Annual,Second Advance Estimates,,,,,7.4,5.0,%
2011-12,Current,2019-20,GDP Growth Rate,Annual,Provisional Estimates,,,,,7.2,4.2,%
2011-12,Current,2019-20,GDP Growth Rate,Annual,First Revised Estimates,,,,,7.751677488785006,4.04155418650798,%
2011-12,Current,2019-20,GDP Growth Rate,Annual,Second Revised Estimates,,,,,6.218031553601833,3.7379185195792246,%
2011-12,Current,2019-20,GDP Growth Rate,Annual,Third Revised Estimates,,,,,6.370082181805344,3.8714369407095433,%
2011-12,Current,2018-19,GDP Growth Rate,Annual,First Advance Estimates,,,,,12.3,7.2,%
2011-12,Current,2018-19,GDP Growth Rate,Annual,Second Advance Estimates,,,,,11.5,7,%
2011-12,Current,2018-19,GDP Growth Rate,Annual,Provisional Estimates,,,,,11.2,6.8,%
2011-12,Current,2018-19,GDP Growth Rate,Annual,First Revised Estimates,,,,,11,6.1,%
2011-12,Current,2018-19,GDP Growth Rate,Annual,Second Revised Estimates,,,,,10.514394923518239,6.532989011418763,%
2011-12,Current,2018-19,GDP Growth Rate,Annual,Third Revised Estimates,,,,,10.588774709948083,6.453851344976485,%
2011-12,Current,2017-18,GDP Growth Rate,Annual,First Advance Estimates,,,,,9.5,6.5,%
2011-12,Current,2017-18,GDP Growth Rate,Annual,Second Advance Estimates,,,,,9.8,6.6,%
2011-12,Current,2017-18,GDP Growth Rate,Annual,Provisional Estimates,,,,,10,6.7,%
2011-12,Current,2017-18,GDP Growth Rate,Annual,First Revised Estimates,,,,,11.278318370881223,7.167888860891864,%
2011-12,Current,2017-18,GDP Growth Rate,Annual,Second Revised Estimates,,,,,11.1,7,%
2011-12,Current,2017-18,GDP Growth Rate,Annual,Third Revised Estimates,,,,,11.034370907201279,6.795383418985693,%
2011-12,Current,2016-17,GDP Growth Rate,Annual,First Advance Estimates,,,,,11.9,7.1,%
2011-12,Current,2016-17,GDP Growth Rate,Annual,Second Advance Estimates,,,,,11.5,7.1,%
2011-12,Current,2016-17,GDP Growth Rate,Annual,Provisional Estimates,,,,,11,7.1,%
2011-12,Current,2016-17,GDP Growth Rate,Annual,First Revised Estimates,,,,,10.822959990528176,7.112686097261701,%
2011-12,Current,2016-17,GDP Growth Rate,Annual,Second Revised Estimates,,,,,11.54898853564275,8.169526505463793,%
2011-12,Current,2016-17,GDP Growth Rate,Annual,Third Revised Estimates,,,,,11.8,8.3,%
2011-12,Current,2015-16,GDP Growth Rate,Annual,First Advance Estimates,,,,,8.6,7.6,%
2011-12,Current,2015-16,GDP Growth Rate,Annual,Provisional Estimates,,,,,8.7,7.6,%
2011-12,Current,2015-16,GDP Growth Rate,Annual,First Revised Estimates,,,,,9.985577626565288,7.933746558475917,%
2011-12,Current,2015-16,GDP Growth Rate,Annual,Second Revised Estimates,,,,,10.395269545851463,8.154425027798666,%
2011-12,Current,2015-16,GDP Growth Rate,Annual,Third Revised Estimates,,,,,10.458123544568522,7.996253785665289,%
2011-12,Current,2014-15,GDP Growth Rate,Annual,First Advance Estimates,,,,,11.5,7.4,%
2011-12,Current,2014-15,GDP Growth Rate,Annual,Provisional Estimates,,,,,10.5,7.3,%
2011-12,Current,2014-15,GDP Growth Rate,Annual,First Revised Estimates,,,,,10.8,7.2,%
2011-12,Current,2014-15,GDP Growth Rate,Annual,Second Revised Estimates,,,,,10.653670311701987,7.1794353648373885,%
2011-12,Current,2014-15,GDP Growth Rate,Annual,Third Revised Estimates,,,,,10.988875292999921,7.410227012509225,%
2011-12,Current,2013-14,GDP Growth Rate,Annual,Second Revised Estimates,,,,,13.3,6.6,%
2011-12,Current,2013-14,GDP Growth Rate,Annual,Third Revised Estimates,,,,,12.96919623046378,6.540291916145179,%
2011-12,Current,2013-14,GDP Growth Rate,Annual,Additional Revision,,,,,12.967687129734855,6.386108215720938,%
2011-12,Current,2012-13,GDP Growth Rate,Annual,Second Revised Estimates,,,,,13.9,5.6,%
2011-12,Current,2012-13,GDP Growth Rate,Annual,Third Revised Estimates,,,,,13.85750494491262,5.484021468273042,%
2011-12,Current,2012-13,GDP Growth Rate,Annual,Additional Revision,,,,,13.823705960239025,5.456387535869808,%
2011-12,Current,2023-24,Taxes on Products,Annual,First Revised Estimates,,,,,3353336.009460607,1878131.7423109391,₹ Crore
2011-12,Current,2022-23,Taxes on Products,Annual,First Revised Estimates,,,,,3080543.8985548066,1740795.1030989822,₹ Crore
2011-12,Current,2022-23,Taxes on Products,Annual,Final Estimates,,,,,2991013.9520305167,1737953.0142843714,₹ Crore
2011-12,Current,2021-22,Taxes on Products,Annual,First Revised Estimates,,,,,2688673.1195265995,1550356.7163935993,₹ Crore
2011-12,Current,2021-22,Taxes on Products,Annual,Second Revised Estimates,,,,,2639346.6000780105,1579572.1314505888,₹ Crore
2011-12,Current,2020-21,Taxes on Products,Annual,First Revised Estimates,,,,,2255494.739940336,1330491.3580203145,₹ Crore
2011-12,Current,2020-21,Taxes on Products,Annual,Second Revised Estimates,,,,,2156310.792653382,1364810.4735765802,₹ Crore
2011-12,Current,2020-21,Taxes on Products,Annual,Third Revised Estimates,,,,,2156385.1916804956,1365115.8147497708,₹ Crore
2011-12,Current,2019-20,Taxes on Products,Annual,First Revised Estimates,,,,,2239222.2681142464,1549074.9078661955,₹ Crore
2011-12,Current,2019-20,Taxes on Products,Annual,Second Revised Estimates,,,,,2076662.358198941,1553533.5753366405,₹ Crore
2011-12,Current,2019-20,Taxes on Products,Annual,Third Revised Estimates,,,,,2079741.5534182512,1555806.8812260674,₹ Crore
2011-12,Current,2018-19,Taxes on Products,Annual,First Revised Estimates,,,,,2231441.0,1477219.0,₹ Crore
2011-12,Current,2018-19,Taxes on Products,Annual,Second Revised Estimates,,,,,2044722.367714186,1495990.4612493697,₹ Crore
2011-12,Current,2018-19,Taxes on Products,Annual,Third Revised Estimates,,,,,2043568.3437611884,1495643.5987239084,₹ Crore
2011-12,Current,2017-18,Taxes on Products,Annual,First Revised Estimates,,,,,1971223.02079994,1356301.1597121567,₹ Crore
2011-12,Current,2017-18,Taxes on Products,Annual,Second Revised Estimates,,,,,1899750.0,1345585.0,₹ Crore
2011-12,Current,2017-18,Taxes on Products,Annual,Third Revised Estimates,,,,,1898895.5296069481,1354508.1618584301,₹ Crore
2011-12,Current,2016-17,Taxes on Products,Annual,First Revised Estimates,,,,,1759612.9202111417,1230746.063100101,₹ Crore
2011-12,Current,2016-17,Taxes on Products,Annual,Second Revised Estimates,,,,,1746288.2352382096,1239117.623664819,₹ Crore
2011-12,Current,2016-17,Taxes on Products,Annual,Third Revised Estimates,,,,,1746288.0,1239334.0,₹ Crore
2011-12,Current,2015-16,Taxes on Products,Annual,First Revised Estimates,,,,,1548769.0,1161389.0,₹ Crore
2011-12,Current,2015-16,Taxes on Products,Annual,Second Revised Estimates,,,,,1518511.604110232,1151193.1370601642,₹ Crore
2011-12,Current,2015-16,Taxes on Products,Annual,Third Revised Estimates,,,,,1518495.5526521145,1145558.1283421756,₹ Crore
2011-12,Current,2014-15,Taxes on Products,Annual,First Revised Estimates,,,,,1350361.0,1108339.0,₹ Crore
2011-12,Current,2014-15,Taxes on Products,Annual,Second Revised Estimates,,,,,1290634.0,1090388.0,₹ Crore
2011-12,Current,2014-15,Taxes on Products,Annual,Third Revised Estimates,,,,,1291662.1692740638,1092429.8261289743,₹ Crore
2011-12,Current,2013-14,Taxes on Products,Annual,Second Revised Estimates,,,,,1201322.0,1025799.0,₹ Crore
2011-12,Current,2013-14,Taxes on Products,Annual,Third Revised Estimates,,,,,1180444.0,1010149.0,₹ Crore
2011-12,Current,2013-14,Taxes on Products,Annual,Additional Revision,,,,,1180444.0,1008913.4845324381,₹ Crore
2011-12,Current,2012-13,Taxes on Products,Annual,Second Revised Estimates,,,,,1057977.0,974172.0,₹ Crore
2011-12,Current,2012-13,Taxes on Products,Annual,Third Revised Estimates,,,,,1057977.0,960949.0,₹ Crore
2011-12,Current,2012-13,Taxes on Products,Annual,Additional Revision,,,,,1057977.0,960810.8854978094,₹ Crore
2011-12,Current,2011-12,Taxes on Products,Annual,Second Revised Estimates,,,,,890060.0,890060.0,₹ Crore
2011-12,Current,2011-12,Taxes on Products,Annual,Additional Revision,,,,,890059.7178399999,890059.7178399999,₹ Crore
2011-12,Current,2023-24,Subsidies on Products,Annual,First Revised Estimates,,,,,643268.16,379017.29908083903,₹ Crore
2011-12,Current,2022-23,Subsidies on Products,Annual,First Revised Estimates,,,,,789939.3174585999,474267.121432877,₹ Crore
2011-12,Current,2022-23,Subsidies on Products,Annual,Final Estimates,,,,,747239.08,451067.8981045515,₹ Crore
2011-12,Current,2021-22,Subsidies on Products,Annual,First Revised Estimates,,,,,656544.6462479999,422541.2834650533,₹ Crore
2011-12,Current,2021-22,Subsidies on Products,Annual,Second Revised Estimates,,,,,677531.7062479999,434565.9074132512,₹ Crore
2011-12,Current,2020-21,Subsidies on Products,Annual,First Revised Estimates,,,,,512390.69955799996,357091.57401770155,₹ Crore
2011-12,Current,2020-21,Subsidies on Products,Annual,Second Revised Estimates,,,,,515164.01955800015,359174.5238499617,₹ Crore
2011-12,Current,2020-21,Subsidies on Products,Annual,Third Revised Estimates,,,,,513286.32955800014,357591.14501741686,₹ Crore
2011-12,Current,2019-20,Subsidies on Products,Annual,First Revised Estimates,,,,,349552.63,251277.85924807703,₹ Crore
2011-12,Current,2019-20,Subsidies on Products,Annual,Second Revised Estimates,,,,,356916.0120105,257051.5030684192,₹ Crore
2011-12,Current,2019-20,Subsidies on Products,Annual,Third Revised Estimates,,,,,357266.0120105,257266.51689385757,₹ Crore
2011-12,Current,2018-19,Subsidies on Products,Annual,First Revised Estimates,,,,,400166.0,298921.0,₹ Crore
2011-12,Current,2018-19,Subsidies on Products,Annual,Second Revised Estimates,,,,,318978.2,236876.7265706223,₹ Crore
2011-12,Current,2018-19,Subsidies on Products,Annual,Third Revised Estimates,,,,,319028.2,236527.43179122184,₹ Crore
2011-12,Current,2017-18,Subsidies on Products,Annual,First Revised Estimates,,,,,358932.78,280608.52851952834,₹ Crore
2011-12,Current,2017-18,Subsidies on Products,Annual,Second Revised Estimates,,,,,314568.0,244838.0,₹ Crore
2011-12,Current,2017-18,Subsidies on Products,Annual,Third Revised Estimates,,,,,314518.38,244096.5308498254,₹ Crore
2011-12,Current,2016-17,Subsidies on Products,Annual,First Revised Estimates,,,,,347490.67,282369.71911610593,₹ Crore
2011-12,Current,2016-17,Subsidies on Products,Annual,Second Revised Estimates,,,,,319819.41,259762.3785249668,₹ Crore
2011-12,Current,2016-17,Subsidies on Products,Annual,Third Revised Estimates,,,,,319819.0,259425.0,₹ Crore
2011-12,Current,2015-16,Subsidies on Products,Annual,First Revised Estimates,,,,,325376.0,273580.0,₹ Crore
2011-12,Current,2015-16,Subsidies on Products,Annual,Second Revised Estimates,,,,,321120.32,268396.071489733,₹ Crore
2011-12,Current,2015-16,Subsidies on Products,Annual,Third Revised Estimates,,,,,321120.32,267935.3389585065,₹ Crore
2011-12,Current,2014-15,Subsidies on Products,Annual,First Revised Estimates,,,,,334565.0,283678.6,₹ Crore
2011-12,Current,2014-15,Subsidies on Products,Annual,Second Revised Estimates,,,,,327300.0,277049.0,₹ Crore
2011-12,Current,2014-15,Subsidies on Products,Annual,Third Revised Estimates,,,,,327982.36,276888.9818591154,₹ Crore
2011-12,Current,2013-14,Subsidies on Products,Annual,Second Revised Estimates,,,,,309371.0,270734.2,₹ Crore
2011-12,Current,2013-14,Subsidies on Products,Annual,Third Revised Estimates,,,,,310075.0,271577.0,₹ Crore
2011-12,Current,2013-14,Subsidies on Products,Annual,Additional Revision,,,,,310075.0,271192.27632041543,₹ Crore
2011-12,Current,2012-13,Subsidies on Products,Annual,Second Revised Estimates,,,,,316656.0,293844.8,₹ Crore
2011-12,Current,2012-13,Subsidies on Products,Annual,Third Revised Estimates,,,,,316656.0,294053.0,₹ Crore
2011-12,Current,2012-13,Subsidies on Products,Annual,Additional Revision,,,,,316656.0,294069.57307388034,₹ Crore
2011-12,Current,2011-12,Subsidies on Products,Annual,Second Revised Estimates,,,,,260677.0,260677.0,₹ Crore
2011-12,Current,2011-12,Subsidies on Products,Annual,Additional Revision,,,,,260677.0,260677.0,₹ Crore
2011-12,Current,2025-26,Gross Domestic Product,Annual,First Advance Estimates,,,,,35713886.2401569,20189918.87832444,₹ Crore
2011-12,Current,2024-25,Gross Domestic Product,Annual,First Advance Estimates,,,,,32411405.953773014,18488380.91263054,₹ Crore
2011-12,Current,2024-25,Gross Domestic Product,Annual,Second Advance Estimates,,,,,33103214.596512154,18795094.737396743,₹ Crore
2011-12,Current,2024-25,Gross Domestic Product,Annual,Provisional Estimates,,,,,33068145.369008824,18796955.44389855,₹ Crore
2011-12,Current,2023-24,Gross Domestic Product,Annual,First Advance Estimates,,,,,29657744.7350678,17178641.2659947,₹ Crore
2011-12,Current,2023-24,Gross Domestic Product,Annual,Second Advance Estimates,,,,,29389685.85696493,17290281.074724782,₹ Crore
2011-12,Current,2023-24,Gross Domestic Product,Annual,Provisional Estimates,,,,,29535666.844349355,17381721.908294305,₹ Crore
2011-12,Current,2023-24,Gross Domestic Product,Annual,First Revised Estimates,,,,,30122955.89765176,17650590.948238384,₹ Crore
2011-12,Current,2022-23,Gross Domestic Product,Annual,First Advance Estimates,,,,,27307751.340812296,15760363.244832337,₹ Crore
2011-12,Current,2022-23,Gross Domestic Product,Annual,Second Advance Estimates,,,,,27203767.072691463,15971089.733796727,₹ Crore
2011-12,Current,2022-23,Gross Domestic Product,Annual,Provisional Estimates,,,,,27240712.172366,16006425.427014392,₹ Crore
2011-12,Current,2022-23,Gross Domestic Product,Annual,First Revised Estimates,,,,,26949645.86029689,16071428.572516853,₹ Crore
2011-12,Current,2022-23,Gross Domestic Product,Annual,Final Estimates,,,,,26890472.571222488,16164913.37522836,₹ Crore
2011-12,Current,2021-22,Gross Domestic Product,Annual,First Advance Estimates,,,,,23214703.227801826,14753534.824429996,₹ Crore
2011-12,Current,2021-22,Gross Domestic Product,Annual,Second Advance Estimates,,,,,23643874.760022983,14771680.54056545,₹ Crore
2011-12,Current,2021-22,Gross Domestic Product,Annual,Provisional Estimates,,,,,23664636.99302931,14735515.490475245,₹ Crore
2011-12,Current,2021-22,Gross Domestic Product,Annual,First Revised Estimates,,,,,23471011.735782888,14925840.365403078,₹ Crore
2011-12,Current,2021-22,Gross Domestic Product,Annual,Second Revised Estimates,,,,,23597398.52829038,15021846.266426418,₹ Crore
2011-12,Current,2020-21,Gross Domestic Product,Annual,First Advance Estimates,,,,,19481975,13439662,₹ Crore
2011-12,Current,2020-21,Gross Domestic Product,Annual,Second Advance Estimates,,,,,19586161,13408882,₹ Crore
2011-12,Current,2020-21,Gross Domestic Product,Annual,Provisional Estimates,,,,,19745670.35971827,13512740.286931798,₹ Crore
2011-12,Current,2020-21,Gross Domestic Product,Annual,First Revised Estimates,,,,,19800913.822209533,13558473.402035445,₹ Crore
2011-12,Current,2020-21,Gross Domestic Product,Annual,Second Revised Estimates,,,,,19829927.05332165,13687118.136492422,₹ Crore
2011-12,Current,2020-21,Gross Domestic Product,Annual,Third Revised Estimates,,,,,19854096.006496992,13694869.244348833,₹ Crore
2011-12,Current,2019-20,Gross Domestic Product,Annual,First Advance Estimates,,,,,20442233,14778879,₹ Crore
2011-12,Current,2019-20,Gross Domestic Product,Annual,Second Advance Estimates,,,,,20384759,14683835,₹ Crore
2011-12,Current,2019-20,Gross Domestic Product,Annual,Provisional Estimates,,,,,20339849,14565951,₹ Crore
2011-12,Current,2019-20,Gross Domestic Product,Annual,First Revised Estimates,,,,,20351012.89449795,14569267.866078507,₹ Crore
2011-12,Current,2019-20,Gross Domestic Product,Annual,Second Revised Estimates,,,,,20074855.79199624,14515957.657731853,₹ Crore
2011-12,Current,2019-20,Gross Domestic Product,Annual,Third Revised Estimates,,,,,20103592.85659462,14534640.775489697,₹ Crore
2011-12,Current,2018-19,Gross Domestic Product,Annual,First Advance Estimates,,,,,18840731,13951849,₹ Crore
2011-12,Current,2018-19,Gross Domestic Product,Annual,Second Advance Estimates,,,,,19053967,14100119,₹ Crore
2011-12,Current,2018-19,Gross Domestic Product,Annual,Provisional Estimates,,,,,19010164,14077586,₹ Crore
2011-12,Current,2018-19,Gross Domestic Product,Annual,First Revised Estimates,,,,,18971237.0,13981426.0,₹ Crore
2011-12,Current,2018-19,Gross Domestic Product,Annual,Second Revised Estimates,,,,,18886956.907576796,14003316.251851838,₹ Crore
2011-12,Current,2018-19,Gross Domestic Product,Annual,Third Revised Estimates,,,,,18899668.44458577,13992913.936278902,₹ Crore
2011-12,Current,2017-18,Gross Domestic Product,Annual,First Advance Estimates,,,,,16627585,12985363,₹ Crore
2011-12,Current,2017-18,Gross Domestic Product,Annual,Second Advance Estimates,,,,,16751688,13003897,₹ Crore
2011-12,Current,2017-18,Gross Domestic Product,Annual,Provisional Estimates,,,,,16773145,13010843,₹ Crore
2011-12,Current,2017-18,Gross Domestic Product,Annual,First Revised Estimates,,,,,17095004.81832168,13179857.294551708,₹ Crore
2011-12,Current,2017-18,Gross Domestic Product,Annual,Second Revised Estimates,,,,,17098304.0,13175160.0,₹ Crore
2011-12,Current,2017-18,Gross Domestic Product,Annual,Third Revised Estimates,,,,,17090042.361130927,13144582.144739117,₹ Crore
2011-12,Current,2016-17,Gross Domestic Product,Annual,First Advance Estimates,,,,,15192588,12154797,₹ Crore
2011-12,Current,2016-17,Gross Domestic Product,Annual,Second Advance Estimates,,,,,15251028,12165481,₹ Crore
2011-12,Current,2016-17,Gross Domestic Product,Annual,Provisional Estimates,,,,,15183709,12189854,₹ Crore
2011-12,Current,2016-17,Gross Domestic Product,Annual,First Revised Estimates,,,,,15253713.514466958,12196005.632585788,₹ Crore
2011-12,Current,2016-17,Gross Domestic Product,Annual,Second Revised Estimates,,,,,15362386.014268722,12298326.891238552,₹ Crore
2011-12,Current,2016-17,Gross Domestic Product,Annual,Third Revised Estimates,,,,,15391669.0,12308193.0,₹ Crore
2011-12,Current,2015-16,Gross Domestic Product,Annual,First Advance Estimates,,,,,13567192,11350962,₹ Crore
2011-12,Current,2015-16,Gross Domestic Product,Annual,Provisional Estimates,,,,,13576086,11350249,₹ Crore
2011-12,Current,2015-16,Gross Domestic Product,Annual,First Revised Estimates,,,,,13675330.707061103,11357528.899132468,₹ Crore
2011-12,Current,2015-16,Gross Domestic Product,Annual,Second Revised Estimates,,,,,13764037.267882632,11386144.888114775,₹ Crore
2011-12,Current,2015-16,Gross Domestic Product,Annual,Third Revised Estimates,,,,,13771873.878856417,11369493.135959458,₹ Crore
2011-12,Current,2014-15,Gross Domestic Product,Annual,First Advance Estimates,,,,,12653762,10656925,₹ Crore
2011-12,Current,2014-15,Gross Domestic Product,Annual,Provisional Estimates,,,,,12541208,10643983,₹ Crore
2011-12,Current,2014-15,Gross Domestic Product,Annual,First Revised Estimates,,,,,12488205.0,10552151.0,₹ Crore
2011-12,Current,2014-15,Gross Domestic Product,Annual,Second Revised Estimates,,,,,12433749.044345649,10522685.685685182,₹ Crore
2011-12,Current,2014-15,Gross Domestic Product,Annual,Third Revised Estimates,,,,,12467959.292554552,10527673.634424318,₹ Crore
2011-12,Current,2013-14,Gross Domestic Product,Annual,Second Revised Estimates,,,,,11272764.0,9839434.0,₹ Crore
2011-12,Current,2013-14,Gross Domestic Product,Annual,Third Revised Estimates,,,,,11236634.997574717,9817821.534388661,₹ Crore
2011-12,Current,2013-14,Gross Domestic Product,Annual,Additional Revision,,,,,11233521.611639312,9801369.876257913,₹ Crore
2011-12,Current,2012-13,Gross Domestic Product,Annual,Second Revised Estimates,,,,,9951344.0,9226879.0,₹ Crore
2011-12,Current,2012-13,Gross Domestic Product,Annual,Third Revised Estimates,,,,,9946636.226968743,9215125.43077692,₹ Crore
2011-12,Current,2012-13,Gross Domestic Product,Annual,Additional Revision,,,,,9944013.104152925,9213016.662272772,₹ Crore
2011-12,Current,2011-12,Gross Domestic Product,Annual,Second Revised Estimates,,,,,8736039.0,8736039.0,₹ Crore
2011-12,Current,2011-12,Gross Domestic Product,Annual,Additional Revision,,,,,8736328.71137281,8736328.71137281,₹ Crore
2011-12,Current,2023-24,Consumption of Fixed Capital,Annual,First Revised Estimates,,,Public Non-Financial Corporations,,345266.7460108184,,₹ Crore
2011-12,Current,2023-24,Consumption of Fixed Capital,Annual,First Revised Estimates,,,Private Non-Financial Corporations,,1438301.743538107,,₹ Crore
2011-12,Current,2023-24,Consumption of Fixed Capital,Annual,First Revised Estimates,,,Public Financial Corporations,,8465.01461402803,,₹ Crore
2011-12,Current,2023-24,Consumption of Fixed Capital,Annual,First Revised Estimates,,,Private Financial Corporations,,28406.97325548253,,₹ Crore
2011-12,Current,2023-24,Consumption of Fixed Capital,Annual,First Revised Estimates,,,General Government,,260110.10164418278,,₹ Crore
2011-12,Current,2023-24,Consumption of Fixed Capital,Annual,First Revised Estimates,,,Households Including NPISH,,1279860.937975942,,₹ Crore
2011-12,Current,2023-24,Consumption of Fixed Capital,Annual,First Revised Estimates,,,Total Consumption of Fixed Capital,,3360411.517038561,,₹ Crore
2011-12,Current,2023-24,Consumption of Fixed Capital,Annual,First Revised Estimates,,,,,3360411.5170385605,2228966.5173162064,₹ Crore
2011-12,Current,2022-23,Consumption of Fixed Capital,Annual,First Revised Estimates,,,Public Non-Financial Corporations,,316539.6058000335,,₹ Crore
2011-12,Current,2022-23,Consumption of Fixed Capital,Annual,First Revised Estimates,,,Private Non-Financial Corporations,,1353831.044485062,,₹ Crore
2011-12,Current,2022-23,Consumption of Fixed Capital,Annual,First Revised Estimates,,,Public Financial Corporations,,7934.268620052226,,₹ Crore
2011-12,Current,2022-23,Consumption of Fixed Capital,Annual,First Revised Estimates,,,Private Financial Corporations,,25901.0683815302,,₹ Crore
2011-12,Current,2022-23,Consumption of Fixed Capital,Annual,First Revised Estimates,,,General Government,,245513.4902242318,,₹ Crore
2011-12,Current,2022-23,Consumption of Fixed Capital,Annual,First Revised Estimates,,,Households Including NPISH,,1190177.8967763216,,₹ Crore
2011-12,Current,2022-23,Consumption of Fixed Capital,Annual,First Revised Estimates,,,Total Consumption of Fixed Capital,,3139897.3742872314,,₹ Crore
2011-12,Current,2022-23,Consumption of Fixed Capital,Annual,First Revised Estimates,,,,,3139897.374287232,2084631.0502638745,₹ Crore
2011-12,Current,2022-23,Consumption of Fixed Capital,Annual,Final Estimates,,,Public Non-Financial Corporations,,318053.99657923204,,₹ Crore
2011-12,Current,2022-23,Consumption of Fixed Capital,Annual,Final Estimates,,,Private Non-Financial Corporations,,1353527.9352823077,,₹ Crore
2011-12,Current,2022-23,Consumption of Fixed Capital,Annual,Final Estimates,,,Public Financial Corporations,,7932.376571875933,,₹ Crore
2011-12,Current,2022-23,Consumption of Fixed Capital,Annual,Final Estimates,,,Private Financial Corporations,,25895.287667348508,,₹ Crore
2011-12,Current,2022-23,Consumption of Fixed Capital,Annual,Final Estimates,,,General Government,,241112.90880902912,,₹ Crore
2011-12,Current,2022-23,Consumption of Fixed Capital,Annual,Final Estimates,,,Households Including NPISH,,1182718.2351525677,,₹ Crore
2011-12,Current,2022-23,Consumption of Fixed Capital,Annual,Final Estimates,,,Total Consumption of Fixed Capital,,3129240.740062361,,₹ Crore
2011-12,Current,2022-23,Consumption of Fixed Capital,Annual,Final Estimates,,,,,3129240.7400623616,2087963.6839687533,₹ Crore
2011-12,Current,2021-22,Consumption of Fixed Capital,Annual,First Revised Estimates,,,Public Non-Financial Corporations,,289571.3799770583,,₹ Crore
2011-12,Current,2021-22,Consumption of Fixed Capital,Annual,First Revised Estimates,,,Private Non-Financial Corporations,,1144998.8959705033,,₹ Crore
2011-12,Current,2021-22,Consumption of Fixed Capital,Annual,First Revised Estimates,,,Public Financial Corporations,,7301.104621931414,,₹ Crore
2011-12,Current,2021-22,Consumption of Fixed Capital,Annual,First Revised Estimates,,,Private Financial Corporations,,23799.090693899358,,₹ Crore
2011-12,Current,2021-22,Consumption of Fixed Capital,Annual,First Revised Estimates,,,General Government,,217012.0832715992,,₹ Crore
2011-12,Current,2021-22,Consumption of Fixed Capital,Annual,First Revised Estimates,,,Households Including NPISH,,991774.9566131008,,₹ Crore
2011-12,Current,2021-22,Consumption of Fixed Capital,Annual,First Revised Estimates,,,Total Consumption of Fixed Capital,,2674457.5111480923,,₹ Crore
2011-12,Current,2021-22,Consumption of Fixed Capital,Annual,First Revised Estimates,,,,,2674457.511148093,1948697.9108830758,₹ Crore
2011-12,Current,2021-22,Consumption of Fixed Capital,Annual,Second Revised Estimates,,,Public Non-Financial Corporations,,289630.75882815715,,₹ Crore
2011-12,Current,2021-22,Consumption of Fixed Capital,Annual,Second Revised Estimates,,,Private Non-Financial Corporations,,1134509.7973500055,,₹ Crore
2011-12,Current,2021-22,Consumption of Fixed Capital,Annual,Second Revised Estimates,,,Public Financial Corporations,,7291.296459699073,,₹ Crore
2011-12,Current,2021-22,Consumption of Fixed Capital,Annual,Second Revised Estimates,,,Private Financial Corporations,,23358.250226938177,,₹ Crore
2011-12,Current,2021-22,Consumption of Fixed Capital,Annual,Second Revised Estimates,,,General Government,,215628.2789815007,,₹ Crore
2011-12,Current,2021-22,Consumption of Fixed Capital,Annual,Second Revised Estimates,,,Households Including NPISH,,996385.3373173882,,₹ Crore
2011-12,Current,2021-22,Consumption of Fixed Capital,Annual,Second Revised Estimates,,,Total Consumption of Fixed Capital,,2666803.719163689,,₹ Crore
2011-12,Current,2021-22,Consumption of Fixed Capital,Annual,Second Revised Estimates,,,,,2666803.7191636893,1955788.1302831576,₹ Crore
2011-12,Current,2020-21,Consumption of Fixed Capital,Annual,First Revised Estimates,,,Public Non-Financial Corporations,,259581.24170720548,,₹ Crore
2011-12,Current,2020-21,Consumption of Fixed Capital,Annual,First Revised Estimates,,,Private Non-Financial Corporations,,1012238.9216216997,,₹ Crore
2011-12,Current,2020-21,Consumption of Fixed Capital,Annual,First Revised Estimates,,,Public Financial Corporations,,6668.035185326895,,₹ Crore
2011-12,Current,2020-21,Consumption of Fixed Capital,Annual,First Revised Estimates,,,Private Financial Corporations,,19450.13811316665,,₹ Crore
2011-12,Current,2020-21,Consumption of Fixed Capital,Annual,First Revised Estimates,,,General Government,,189879.10048602225,,₹ Crore
2011-12,Current,2020-21,Consumption of Fixed Capital,Annual,First Revised Estimates,,,Households Including NPISH,,852251.4823095441,,₹ Crore
2011-12,Current,2020-21,Consumption of Fixed Capital,Annual,First Revised Estimates,,,Total Consumption of Fixed Capital,,2340068.919422965,,₹ Crore
2011-12,Current,2020-21,Consumption of Fixed Capital,Annual,First Revised Estimates,,,,,2340068.919422965,1832274.9148739784,₹ Crore
2011-12,Current,2020-21,Consumption of Fixed Capital,Annual,Second Revised Estimates,,,Public Non-Financial Corporations,,260100.84937930058,,₹ Crore
2011-12,Current,2020-21,Consumption of Fixed Capital,Annual,Second Revised Estimates,,,Private Non-Financial Corporations,,1011840.8773785853,,₹ Crore
2011-12,Current,2020-21,Consumption of Fixed Capital,Annual,Second Revised Estimates,,,Public Financial Corporations,,6680.080618790263,,₹ Crore
2011-12,Current,2020-21,Consumption of Fixed Capital,Annual,Second Revised Estimates,,,Private Financial Corporations,,21227.53809625831,,₹ Crore
2011-12,Current,2020-21,Consumption of Fixed Capital,Annual,Second Revised Estimates,,,General Government,,188152.12330306426,,₹ Crore
2011-12,Current,2020-21,Consumption of Fixed Capital,Annual,Second Revised Estimates,,,Households Including NPISH,,852593.0185083353,,₹ Crore
2011-12,Current,2020-21,Consumption of Fixed Capital,Annual,Second Revised Estimates,,,Total Consumption of Fixed Capital,,2340594.487284334,,₹ Crore
2011-12,Current,2020-21,Consumption of Fixed Capital,Annual,Second Revised Estimates,,,,,2340594.487284334,1832967.2478624494,₹ Crore
2011-12,Current,2020-21,Consumption of Fixed Capital,Annual,Third Revised Estimates,,,Public Non-Financial Corporations,,260154.93239557382,,₹ Crore
2011-12,Current,2020-21,Consumption of Fixed Capital,Annual,Third Revised Estimates,,,Private Non-Financial Corporations,,1011886.2709107662,,₹ Crore
2011-12,Current,2020-21,Consumption of Fixed Capital,Annual,Third Revised Estimates,,,Public Financial Corporations,,6679.590634899686,,₹ Crore
2011-12,Current,2020-21,Consumption of Fixed Capital,Annual,Third Revised Estimates,,,Private Financial Corporations,,21227.438716336892,,₹ Crore
2011-12,Current,2020-21,Consumption of Fixed Capital,Annual,Third Revised Estimates,,,General Government,,188212.60387054048,,₹ Crore
2011-12,Current,2020-21,Consumption of Fixed Capital,Annual,Third Revised Estimates,,,Households Including NPISH,,852426.4854872257,,₹ Crore
2011-12,Current,2020-21,Consumption of Fixed Capital,Annual,Third Revised Estimates,,,Total Consumption of Fixed Capital,,2340587.322015343,,₹ Crore
2011-12,Current,2020-21,Consumption of Fixed Capital,Annual,Third Revised Estimates,,,,,2340587.322015343,1832758.893772429,₹ Crore
2011-12,Current,2019-20,Consumption of Fixed Capital,Annual,First Revised Estimates,,,Public Non-Financial Corporations,,246301.0312694168,,₹ Crore
2011-12,Current,2019-20,Consumption of Fixed Capital,Annual,First Revised Estimates,,,Private Non-Financial Corporations,,938608.9898473747,,₹ Crore
2011-12,Current,2019-20,Consumption of Fixed Capital,Annual,First Revised Estimates,,,Public Financial Corporations,,6204.647822414098,,₹ Crore
2011-12,Current,2019-20,Consumption of Fixed Capital,Annual,First Revised Estimates,,,Private Financial Corporations,,18296.36964184907,,₹ Crore
2011-12,Current,2019-20,Consumption of Fixed Capital,Annual,First Revised Estimates,,,General Government,,176278.1293688701,,₹ Crore
2011-12,Current,2019-20,Consumption of Fixed Capital,Annual,First Revised Estimates,,,Households Including NPISH,,777909.2519064215,,₹ Crore
2011-12,Current,2019-20,Consumption of Fixed Capital,Annual,First Revised Estimates,,,Total Consumption of Fixed Capital,,2163598.419856346,,₹ Crore
2011-12,Current,2019-20,Consumption of Fixed Capital,Annual,First Revised Estimates,,,,,2163598.419856346,1746385.7444864346,₹ Crore
2011-12,Current,2019-20,Consumption of Fixed Capital,Annual,Second Revised Estimates,,,Public Non-Financial Corporations,,245439.55346831147,,₹ Crore
2011-12,Current,2019-20,Consumption of Fixed Capital,Annual,Second Revised Estimates,,,Private Non-Financial Corporations,,941334.5663122187,,₹ Crore
2011-12,Current,2019-20,Consumption of Fixed Capital,Annual,Second Revised Estimates,,,Public Financial Corporations,,6237.055672561315,,₹ Crore
2011-12,Current,2019-20,Consumption of Fixed Capital,Annual,Second Revised Estimates,,,Private Financial Corporations,,17008.066686258124,,₹ Crore
2011-12,Current,2019-20,Consumption of Fixed Capital,Annual,Second Revised Estimates,,,General Government,,174718.10548663544,,₹ Crore
2011-12,Current,2019-20,Consumption of Fixed Capital,Annual,Second Revised Estimates,,,Households Including NPISH,,780408.0624943378,,₹ Crore
2011-12,Current,2019-20,Consumption of Fixed Capital,Annual,Second Revised Estimates,,,Total Consumption of Fixed Capital,,2165145.410120323,,₹ Crore
2011-12,Current,2019-20,Consumption of Fixed Capital,Annual,Second Revised Estimates,,,,,2165145.4101203224,1732620.2437126143,₹ Crore
2011-12,Current,2019-20,Consumption of Fixed Capital,Annual,Third Revised Estimates,,,Public Non-Financial Corporations,,245560.95646524237,,₹ Crore
2011-12,Current,2019-20,Consumption of Fixed Capital,Annual,Third Revised Estimates,,,Private Non-Financial Corporations,,941370.801159112,,₹ Crore
2011-12,Current,2019-20,Consumption of Fixed Capital,Annual,Third Revised Estimates,,,Public Financial Corporations,,6245.534982743685,,₹ Crore
2011-12,Current,2019-20,Consumption of Fixed Capital,Annual,Third Revised Estimates,,,Private Financial Corporations,,17005.622378573375,,₹ Crore
2011-12,Current,2019-20,Consumption of Fixed Capital,Annual,Third Revised Estimates,,,General Government,,174823.08307444784,,₹ Crore
2011-12,Current,2019-20,Consumption of Fixed Capital,Annual,Third Revised Estimates,,,Households Including NPISH,,778604.8995389356,,₹ Crore
2011-12,Current,2019-20,Consumption of Fixed Capital,Annual,Third Revised Estimates,,,Total Consumption of Fixed Capital,,2163610.897599055,,₹ Crore
2011-12,Current,2019-20,Consumption of Fixed Capital,Annual,Third Revised Estimates,,,,,2163610.897599055,1731178.4934844493,₹ Crore
2011-12,Current,2018-19,Consumption of Fixed Capital,Annual,First Revised Estimates,,,Public Non-Financial Corporations,,229992,,₹ Crore
2011-12,Current,2018-19,Consumption of Fixed Capital,Annual,First Revised Estimates,,,Private Non-Financial Corporations,,866212,,₹ Crore
2011-12,Current,2018-19,Consumption of Fixed Capital,Annual,First Revised Estimates,,,Public Financial Corporations,,5889,,₹ Crore
2011-12,Current,2018-19,Consumption of Fixed Capital,Annual,First Revised Estimates,,,Private Financial Corporations,,15382,,₹ Crore
2011-12,Current,2018-19,Consumption of Fixed Capital,Annual,First Revised Estimates,,,General Government,,164520,,₹ Crore
2011-12,Current,2018-19,Consumption of Fixed Capital,Annual,First Revised Estimates,,,Households Including NPISH,,697630,,₹ Crore
2011-12,Current,2018-19,Consumption of Fixed Capital,Annual,First Revised Estimates,,,Total Consumption of Fixed Capital,,1979625.0,,₹ Crore
2011-12,Current,2018-19,Consumption of Fixed Capital,Annual,First Revised Estimates,,,,,1979624.0,1609375.0,₹ Crore
2011-12,Current,2018-19,Consumption of Fixed Capital,Annual,Second Revised Estimates,,,Public Non-Financial Corporations,,231123.90585643123,,₹ Crore
2011-12,Current,2018-19,Consumption of Fixed Capital,Annual,Second Revised Estimates,,,Private Non-Financial Corporations,,859670.7689289247,,₹ Crore
2011-12,Current,2018-19,Consumption of Fixed Capital,Annual,Second Revised Estimates,,,Public Financial Corporations,,5933.932955852988,,₹ Crore
2011-12,Current,2018-19,Consumption of Fixed Capital,Annual,Second Revised Estimates,,,Private Financial Corporations,,15650.415276713948,,₹ Crore
2011-12,Current,2018-19,Consumption of Fixed Capital,Annual,Second Revised Estimates,,,General Government,,163539.1394698877,,₹ Crore
2011-12,Current,2018-19,Consumption of Fixed Capital,Annual,Second Revised Estimates,,,Households Including NPISH,,704069.1598008304,,₹ Crore
2011-12,Current,2018-19,Consumption of Fixed Capital,Annual,Second Revised Estimates,,,Total Consumption of Fixed Capital,,1979987.322288641,,₹ Crore
2011-12,Current,2018-19,Consumption of Fixed Capital,Annual,Second Revised Estimates,,,,,1979987.3222886405,1610477.204271922,₹ Crore
2011-12,Current,2018-19,Consumption of Fixed Capital,Annual,Third Revised Estimates,,,Public Non-Financial Corporations,,231140.52797973002,,₹ Crore
2011-12,Current,2018-19,Consumption of Fixed Capital,Annual,Third Revised Estimates,,,Private Non-Financial Corporations,,859939.6651352879,,₹ Crore
2011-12,Current,2018-19,Consumption of Fixed Capital,Annual,Third Revised Estimates,,,Public Financial Corporations,,5971.286790351467,,₹ Crore
2011-12,Current,2018-19,Consumption of Fixed Capital,Annual,Third Revised Estimates,,,Private Financial Corporations,,15373.535184137674,,₹ Crore
2011-12,Current,2018-19,Consumption of Fixed Capital,Annual,Third Revised Estimates,,,General Government,,163525.71269943318,,₹ Crore
2011-12,Current,2018-19,Consumption of Fixed Capital,Annual,Third Revised Estimates,,,Households Including NPISH,,708339.4255640996,,₹ Crore
2011-12,Current,2018-19,Consumption of Fixed Capital,Annual,Third Revised Estimates,,,Total Consumption of Fixed Capital,,1984290.1533530399,,₹ Crore
2011-12,Current,2018-19,Consumption of Fixed Capital,Annual,Third Revised Estimates,,,,,1984290.1533530399,1614455.0621993393,₹ Crore
2011-12,Current,2017-18,Consumption of Fixed Capital,Annual,First Revised Estimates,,,Public Non-Financial Corporations,,212187.13805012385,,₹ Crore
2011-12,Current,2017-18,Consumption of Fixed Capital,Annual,First Revised Estimates,,,Private Non-Financial Corporations,,790524.7968286431,,₹ Crore
2011-12,Current,2017-18,Consumption of Fixed Capital,Annual,First Revised Estimates,,,Public Financial Corporations,,5473.940394173163,,₹ Crore
2011-12,Current,2017-18,Consumption of Fixed Capital,Annual,First Revised Estimates,,,Private Financial Corporations,,13010.289317397843,,₹ Crore
2011-12,Current,2017-18,Consumption of Fixed Capital,Annual,First Revised Estimates,,,General Government,,150175.93438858129,,₹ Crore
2011-12,Current,2017-18,Consumption of Fixed Capital,Annual,First Revised Estimates,,,Households Including NPISH,,610346.2650670185,,₹ Crore
2011-12,Current,2017-18,Consumption of Fixed Capital,Annual,First Revised Estimates,,,Total Consumption of Fixed Capital,,1781718.3640459375,,₹ Crore
2011-12,Current,2017-18,Consumption of Fixed Capital,Annual,First Revised Estimates,,,,,1781718.3640459373,1502961.7704449967,₹ Crore
2011-12,Current,2017-18,Consumption of Fixed Capital,Annual,Second Revised Estimates,,,Public Non-Financial Corporations,,212177,,₹ Crore
2011-12,Current,2017-18,Consumption of Fixed Capital,Annual,Second Revised Estimates,,,Private Non-Financial Corporations,,769166,,₹ Crore
2011-12,Current,2017-18,Consumption of Fixed Capital,Annual,Second Revised Estimates,,,Public Financial Corporations,,5486,,₹ Crore
2011-12,Current,2017-18,Consumption of Fixed Capital,Annual,Second Revised Estimates,,,Private Financial Corporations,,12682,,₹ Crore
2011-12,Current,2017-18,Consumption of Fixed Capital,Annual,Second Revised Estimates,,,General Government,,149362,,₹ Crore
2011-12,Current,2017-18,Consumption of Fixed Capital,Annual,Second Revised Estimates,,,Households Including NPISH,,615074,,₹ Crore
2011-12,Current,2017-18,Consumption of Fixed Capital,Annual,Second Revised Estimates,,,Total Consumption of Fixed Capital,,1763947.0,,₹ Crore
2011-12,Current,2017-18,Consumption of Fixed Capital,Annual,Second Revised Estimates,,,,,1763946.0,1488752.0,₹ Crore
2011-12,Current,2017-18,Consumption of Fixed Capital,Annual,Third Revised Estimates,,,Public Non-Financial Corporations,,211758.48626381982,,₹ Crore
2011-12,Current,2017-18,Consumption of Fixed Capital,Annual,Third Revised Estimates,,,Private Non-Financial Corporations,,767052.2618437511,,₹ Crore
2011-12,Current,2017-18,Consumption of Fixed Capital,Annual,Third Revised Estimates,,,Public Financial Corporations,,5485.489605137514,,₹ Crore
2011-12,Current,2017-18,Consumption of Fixed Capital,Annual,Third Revised Estimates,,,Private Financial Corporations,,12526.240123067964,,₹ Crore
2011-12,Current,2017-18,Consumption of Fixed Capital,Annual,Third Revised Estimates,,,General Government,,149363.84332228292,,₹ Crore
2011-12,Current,2017-18,Consumption of Fixed Capital,Annual,Third Revised Estimates,,,Households Including NPISH,,618625.4368141483,,₹ Crore
2011-12,Current,2017-18,Consumption of Fixed Capital,Annual,Third Revised Estimates,,,Total Consumption of Fixed Capital,,1764811.7579722076,,₹ Crore
2011-12,Current,2017-18,Consumption of Fixed Capital,Annual,Third Revised Estimates,,,,,1764811.7579722074,1489920.815782418,₹ Crore
2011-12,Current,2016-17,Consumption of Fixed Capital,Annual,First Revised Estimates,,,Public Non-Financial Corporations,,198747.94877154354,,₹ Crore
2011-12,Current,2016-17,Consumption of Fixed Capital,Annual,First Revised Estimates,,,Private Non-Financial Corporations,,699612.1980083792,,₹ Crore
2011-12,Current,2016-17,Consumption of Fixed Capital,Annual,First Revised Estimates,,,Public Financial Corporations,,5079.994728863514,,₹ Crore
2011-12,Current,2016-17,Consumption of Fixed Capital,Annual,First Revised Estimates,,,Private Financial Corporations,,12275.102291898545,,₹ Crore
2011-12,Current,2016-17,Consumption of Fixed Capital,Annual,First Revised Estimates,,,General Government,,136715.1606275407,,₹ Crore
2011-12,Current,2016-17,Consumption of Fixed Capital,Annual,First Revised Estimates,,,Households Including NPISH,,532296.3108487626,,₹ Crore
2011-12,Current,2016-17,Consumption of Fixed Capital,Annual,First Revised Estimates,,,Total Consumption of Fixed Capital,,1584726.7152769882,,₹ Crore
2011-12,Current,2016-17,Consumption of Fixed Capital,Annual,First Revised Estimates,,,,,1584726.7152769885,1369931.8848151085,₹ Crore
2011-12,Current,2016-17,Consumption of Fixed Capital,Annual,Second Revised Estimates,,,Public Non-Financial Corporations,,196615.59024150364,,₹ Crore
2011-12,Current,2016-17,Consumption of Fixed Capital,Annual,Second Revised Estimates,,,Private Non-Financial Corporations,,696611.8232928371,,₹ Crore
2011-12,Current,2016-17,Consumption of Fixed Capital,Annual,Second Revised Estimates,,,Public Financial Corporations,,5040.425680362891,,₹ Crore
2011-12,Current,2016-17,Consumption of Fixed Capital,Annual,Second Revised Estimates,,,Private Financial Corporations,,11453.445927110291,,₹ Crore
2011-12,Current,2016-17,Consumption of Fixed Capital,Annual,Second Revised Estimates,,,General Government,,136869.29623765338,,₹ Crore
2011-12,Current,2016-17,Consumption of Fixed Capital,Annual,Second Revised Estimates,,,Households Including NPISH,,544134.4427155735,,₹ Crore
2011-12,Current,2016-17,Consumption of Fixed Capital,Annual,Second Revised Estimates,,,Total Consumption of Fixed Capital,,1590725.0240950407,,₹ Crore
2011-12,Current,2016-17,Consumption of Fixed Capital,Annual,Second Revised Estimates,,,,,1590725.024095041,1380953.6176972152,₹ Crore
2011-12,Current,2016-17,Consumption of Fixed Capital,Annual,Third Revised Estimates,,,Public Non-Financial Corporations,,197315,,₹ Crore
2011-12,Current,2016-17,Consumption of Fixed Capital,Annual,Third Revised Estimates,,,Private Non-Financial Corporations,,696620,,₹ Crore
2011-12,Current,2016-17,Consumption of Fixed Capital,Annual,Third Revised Estimates,,,Public Financial Corporations,,5044,,₹ Crore
2011-12,Current,2016-17,Consumption of Fixed Capital,Annual,Third Revised Estimates,,,Private Financial Corporations,,11450,,₹ Crore
2011-12,Current,2016-17,Consumption of Fixed Capital,Annual,Third Revised Estimates,,,General Government,,136919,,₹ Crore
2011-12,Current,2016-17,Consumption of Fixed Capital,Annual,Third Revised Estimates,,,Households Including NPISH,,543984,,₹ Crore
2011-12,Current,2016-17,Consumption of Fixed Capital,Annual,Third Revised Estimates,,,Total Consumption of Fixed Capital,,1591332.0,,₹ Crore
2011-12,Current,2016-17,Consumption of Fixed Capital,Annual,Third Revised Estimates,,,,,1591332.0,1381526.0,₹ Crore
2011-12,Current,2015-16,Consumption of Fixed Capital,Annual,First Revised Estimates,,,Public Non-Financial Corporations,,181314.1615364928,,₹ Crore
2011-12,Current,2015-16,Consumption of Fixed Capital,Annual,First Revised Estimates,,,Private Non-Financial Corporations,,596255.5003420662,,₹ Crore
2011-12,Current,2015-16,Consumption of Fixed Capital,Annual,First Revised Estimates,,,Public Financial Corporations,,4824.055893274149,,₹ Crore
2011-12,Current,2015-16,Consumption of Fixed Capital,Annual,First Revised Estimates,,,Private Financial Corporations,,8354.914565882702,,₹ Crore
2011-12,Current,2015-16,Consumption of Fixed Capital,Annual,First Revised Estimates,,,General Government,,130615.23506648473,,₹ Crore
2011-12,Current,2015-16,Consumption of Fixed Capital,Annual,First Revised Estimates,,,Households Including NPISH,,511094.304121232,,₹ Crore
2011-12,Current,2015-16,Consumption of Fixed Capital,Annual,First Revised Estimates,,,Total Consumption of Fixed Capital,,1432458.1715254325,,₹ Crore
2011-12,Current,2015-16,Consumption of Fixed Capital,Annual,First Revised Estimates,,,,,1432458.1715254325,1276645.9887441727,₹ Crore
2011-12,Current,2015-16,Consumption of Fixed Capital,Annual,Second Revised Estimates,,,Public Non-Financial Corporations,,186128.34789650745,,₹ Crore
2011-12,Current,2015-16,Consumption of Fixed Capital,Annual,Second Revised Estimates,,,Private Non-Financial Corporations,,626245.5118887005,,₹ Crore
2011-12,Current,2015-16,Consumption of Fixed Capital,Annual,Second Revised Estimates,,,Public Financial Corporations,,4832.160641850923,,₹ Crore
2011-12,Current,2015-16,Consumption of Fixed Capital,Annual,Second Revised Estimates,,,Private Financial Corporations,,9948.872752312203,,₹ Crore
2011-12,Current,2015-16,Consumption of Fixed Capital,Annual,Second Revised Estimates,,,General Government,,128834.522259619,,₹ Crore
2011-12,Current,2015-16,Consumption of Fixed Capital,Annual,Second Revised Estimates,,,Households Including NPISH,,494234.39024719974,,₹ Crore
2011-12,Current,2015-16,Consumption of Fixed Capital,Annual,Second Revised Estimates,,,Total Consumption of Fixed Capital,,1450223.8056861898,,₹ Crore
2011-12,Current,2015-16,Consumption of Fixed Capital,Annual,Second Revised Estimates,,,,,1450223.8056861903,1266359.8351646033,₹ Crore
2011-12,Current,2015-16,Consumption of Fixed Capital,Annual,Third Revised Estimates,,,Public Non-Financial Corporations,,186305.86449567633,,₹ Crore
2011-12,Current,2015-16,Consumption of Fixed Capital,Annual,Third Revised Estimates,,,Private Non-Financial Corporations,,623011.4508911297,,₹ Crore
2011-12,Current,2015-16,Consumption of Fixed Capital,Annual,Third Revised Estimates,,,Public Financial Corporations,,4822.287549506976,,₹ Crore
2011-12,Current,2015-16,Consumption of Fixed Capital,Annual,Third Revised Estimates,,,Private Financial Corporations,,9842.222056446568,,₹ Crore
2011-12,Current,2015-16,Consumption of Fixed Capital,Annual,Third Revised Estimates,,,General Government,,128778.61048074973,,₹ Crore
2011-12,Current,2015-16,Consumption of Fixed Capital,Annual,Third Revised Estimates,,,Households Including NPISH,,496936.64684456954,,₹ Crore
2011-12,Current,2015-16,Consumption of Fixed Capital,Annual,Third Revised Estimates,,,Total Consumption of Fixed Capital,,1449697.0823180787,,₹ Crore
2011-12,Current,2015-16,Consumption of Fixed Capital,Annual,Third Revised Estimates,,,,,1449697.082318079,1270890.3982389418,₹ Crore
2011-12,Current,2014-15,Consumption of Fixed Capital,Annual,First Revised Estimates,,,Public Non-Financial Corporations,,171187,,₹ Crore
2011-12,Current,2014-15,Consumption of Fixed Capital,Annual,First Revised Estimates,,,Private Non-Financial Corporations,,545375,,₹ Crore
2011-12,Current,2014-15,Consumption of Fixed Capital,Annual,First Revised Estimates,,,Public Financial Corporations,,4472,,₹ Crore
2011-12,Current,2014-15,Consumption of Fixed Capital,Annual,First Revised Estimates,,,Private Financial Corporations,,7299,,₹ Crore
2011-12,Current,2014-15,Consumption of Fixed Capital,Annual,First Revised Estimates,,,General Government,,126545,,₹ Crore
2011-12,Current,2014-15,Consumption of Fixed Capital,Annual,First Revised Estimates,,,Households Including NPISH,,478301,,₹ Crore
2011-12,Current,2014-15,Consumption of Fixed Capital,Annual,First Revised Estimates,,,Total Consumption of Fixed Capital,,1333179.0,,₹ Crore
2011-12,Current,2014-15,Consumption of Fixed Capital,Annual,First Revised Estimates,,,,,1333180.0,1192675.0,₹ Crore
2011-12,Current,2014-15,Consumption of Fixed Capital,Annual,Second Revised Estimates,,,Public Non-Financial Corporations,,170555.83659764024,,₹ Crore
2011-12,Current,2014-15,Consumption of Fixed Capital,Annual,Second Revised Estimates,,,Private Non-Financial Corporations,,538284.5955905449,,₹ Crore
2011-12,Current,2014-15,Consumption of Fixed Capital,Annual,Second Revised Estimates,,,Public Financial Corporations,,4521.780155515292,,₹ Crore
2011-12,Current,2014-15,Consumption of Fixed Capital,Annual,Second Revised Estimates,,,Private Financial Corporations,,7152.460901001192,,₹ Crore
2011-12,Current,2014-15,Consumption of Fixed Capital,Annual,Second Revised Estimates,,,General Government,,123524.19354373986,,₹ Crore
2011-12,Current,2014-15,Consumption of Fixed Capital,Annual,Second Revised Estimates,,,Households Including NPISH,,481134.2858821831,,₹ Crore
2011-12,Current,2014-15,Consumption of Fixed Capital,Annual,Second Revised Estimates,,,Total Consumption of Fixed Capital,,1325173.1526706247,,₹ Crore
2011-12,Current,2014-15,Consumption of Fixed Capital,Annual,Second Revised Estimates,,,,,1325173.1526706247,1185640.4287322403,₹ Crore
2011-12,Current,2014-15,Consumption of Fixed Capital,Annual,Third Revised Estimates,,,Public Non-Financial Corporations,,173472.2597590923,,₹ Crore
2011-12,Current,2014-15,Consumption of Fixed Capital,Annual,Third Revised Estimates,,,Private Non-Financial Corporations,,557547.0708217158,,₹ Crore
2011-12,Current,2014-15,Consumption of Fixed Capital,Annual,Third Revised Estimates,,,Public Financial Corporations,,4544.890776975187,,₹ Crore
2011-12,Current,2014-15,Consumption of Fixed Capital,Annual,Third Revised Estimates,,,Private Financial Corporations,,7571.686439305349,,₹ Crore
2011-12,Current,2014-15,Consumption of Fixed Capital,Annual,Third Revised Estimates,,,General Government,,124107.30517850613,,₹ Crore
2011-12,Current,2014-15,Consumption of Fixed Capital,Annual,Third Revised Estimates,,,Households Including NPISH,,475048.25329132035,,₹ Crore
2011-12,Current,2014-15,Consumption of Fixed Capital,Annual,Third Revised Estimates,,,Total Consumption of Fixed Capital,,1342291.466266915,,₹ Crore
2011-12,Current,2014-15,Consumption of Fixed Capital,Annual,Third Revised Estimates,,,,,1342291.4662669147,1178644.237967776,₹ Crore
2011-12,Current,2013-14,Consumption of Fixed Capital,Annual,Second Revised Estimates,,,Public Non-Financial Corporations,,159106,,₹ Crore
2011-12,Current,2013-14,Consumption of Fixed Capital,Annual,Second Revised Estimates,,,Private Non-Financial Corporations,,474694,,₹ Crore
2011-12,Current,2013-14,Consumption of Fixed Capital,Annual,Second Revised Estimates,,,Public Financial Corporations,,3970,,₹ Crore
2011-12,Current,2013-14,Consumption of Fixed Capital,Annual,Second Revised Estimates,,,Private Financial Corporations,,6027,,₹ Crore
2011-12,Current,2013-14,Consumption of Fixed Capital,Annual,Second Revised Estimates,,,General Government,,115835,,₹ Crore
2011-12,Current,2013-14,Consumption of Fixed Capital,Annual,Second Revised Estimates,,,Households Including NPISH,,438840,,₹ Crore
2011-12,Current,2013-14,Consumption of Fixed Capital,Annual,Second Revised Estimates,,,Total Consumption of Fixed Capital,,1198472.0,,₹ Crore
2011-12,Current,2013-14,Consumption of Fixed Capital,Annual,Second Revised Estimates,,,,,1198472.0,1101753.0,₹ Crore
2011-12,Current,2013-14,Consumption of Fixed Capital,Annual,Third Revised Estimates,,,Public Non-Financial Corporations,,159380.8466382739,,₹ Crore
2011-12,Current,2013-14,Consumption of Fixed Capital,Annual,Third Revised Estimates,,,Private Non-Financial Corporations,,474487.2715714411,,₹ Crore
2011-12,Current,2013-14,Consumption of Fixed Capital,Annual,Third Revised Estimates,,,Public Financial Corporations,,4005.8866083193425,,₹ Crore
2011-12,Current,2013-14,Consumption of Fixed Capital,Annual,Third Revised Estimates,,,Private Financial Corporations,,6057.758223577174,,₹ Crore
2011-12,Current,2013-14,Consumption of Fixed Capital,Annual,Third Revised Estimates,,,General Government,,115355.22102960724,,₹ Crore
2011-12,Current,2013-14,Consumption of Fixed Capital,Annual,Third Revised Estimates,,,Households Including NPISH,,436288.29063562036,,₹ Crore
2011-12,Current,2013-14,Consumption of Fixed Capital,Annual,Third Revised Estimates,,,Total Consumption of Fixed Capital,,1195575.2747068391,,₹ Crore
2011-12,Current,2013-14,Consumption of Fixed Capital,Annual,Third Revised Estimates,,,,,1195575.274706839,1099001.8688841388,₹ Crore
2011-12,Current,2013-14,Consumption of Fixed Capital,Annual,Additional Revision,,,Public Non-Financial Corporations,,159333.8118113736,,₹ Crore
2011-12,Current,2013-14,Consumption of Fixed Capital,Annual,Additional Revision,,,Private Non-Financial Corporations,,475067.4905469695,,₹ Crore
2011-12,Current,2013-14,Consumption of Fixed Capital,Annual,Additional Revision,,,Public Financial Corporations,,4086.8362687037925,,₹ Crore
2011-12,Current,2013-14,Consumption of Fixed Capital,Annual,Additional Revision,,,Private Financial Corporations,,6122.4991823606215,,₹ Crore
2011-12,Current,2013-14,Consumption of Fixed Capital,Annual,Additional Revision,,,General Government,,115847.81668000018,,₹ Crore
2011-12,Current,2013-14,Consumption of Fixed Capital,Annual,Additional Revision,,,Households Including NPISH,,435516.4825453131,,₹ Crore
2011-12,Current,2013-14,Consumption of Fixed Capital,Annual,Additional Revision,,,Total Consumption of Fixed Capital,,1195974.9370347208,,₹ Crore
2011-12,Current,2013-14,Consumption of Fixed Capital,Annual,Additional Revision,,,,,1195974.9370347208,1100609.8730437676,₹ Crore
2011-12,Current,2012-13,Consumption of Fixed Capital,Annual,Second Revised Estimates,,,Public Non-Financial Corporations,,144729,,₹ Crore
2011-12,Current,2012-13,Consumption of Fixed Capital,Annual,Second Revised Estimates,,,Private Non-Financial Corporations,,412706,,₹ Crore
2011-12,Current,2012-13,Consumption of Fixed Capital,Annual,Second Revised Estimates,,,Public Financial Corporations,,3572,,₹ Crore
2011-12,Current,2012-13,Consumption of Fixed Capital,Annual,Second Revised Estimates,,,Private Financial Corporations,,4880,,₹ Crore
2011-12,Current,2012-13,Consumption of Fixed Capital,Annual,Second Revised Estimates,,,General Government,,106495,,₹ Crore
2011-12,Current,2012-13,Consumption of Fixed Capital,Annual,Second Revised Estimates,,,Households Including NPISH,,387584,,₹ Crore
2011-12,Current,2012-13,Consumption of Fixed Capital,Annual,Second Revised Estimates,,,Total Consumption of Fixed Capital,,1059966.0,,₹ Crore
2011-12,Current,2012-13,Consumption of Fixed Capital,Annual,Second Revised Estimates,,,,,1059967.0,1009204.0,₹ Crore
2011-12,Current,2012-13,Consumption of Fixed Capital,Annual,Third Revised Estimates,,,Public Non-Financial Corporations,,144728.9170795192,,₹ Crore
2011-12,Current,2012-13,Consumption of Fixed Capital,Annual,Third Revised Estimates,,,Private Non-Financial Corporations,,412706.55104552035,,₹ Crore
2011-12,Current,2012-13,Consumption of Fixed Capital,Annual,Third Revised Estimates,,,Public Financial Corporations,,3572.1884809654534,,₹ Crore
2011-12,Current,2012-13,Consumption of Fixed Capital,Annual,Third Revised Estimates,,,Private Financial Corporations,,4880.709115387031,,₹ Crore
2011-12,Current,2012-13,Consumption of Fixed Capital,Annual,Third Revised Estimates,,,General Government,,106572.59323808685,,₹ Crore
2011-12,Current,2012-13,Consumption of Fixed Capital,Annual,Third Revised Estimates,,,Households Including NPISH,,387516.5192310374,,₹ Crore
2011-12,Current,2012-13,Consumption of Fixed Capital,Annual,Third Revised Estimates,,,Total Consumption of Fixed Capital,,1059977.4781905164,,₹ Crore
2011-12,Current,2012-13,Consumption of Fixed Capital,Annual,Third Revised Estimates,,,,,1059977.4781905161,1009217.3619771654,₹ Crore
2011-12,Current,2012-13,Consumption of Fixed Capital,Annual,Additional Revision,,,Public Non-Financial Corporations,,145175.37379221382,,₹ Crore
2011-12,Current,2012-13,Consumption of Fixed Capital,Annual,Additional Revision,,,Private Non-Financial Corporations,,412201.66836275347,,₹ Crore
2011-12,Current,2012-13,Consumption of Fixed Capital,Annual,Additional Revision,,,Public Financial Corporations,,3614.4380321917156,,₹ Crore
2011-12,Current,2012-13,Consumption of Fixed Capital,Annual,Additional Revision,,,Private Financial Corporations,,4875.557456174316,,₹ Crore
2011-12,Current,2012-13,Consumption of Fixed Capital,Annual,Additional Revision,,,General Government,,107030.68058293776,,₹ Crore
2011-12,Current,2012-13,Consumption of Fixed Capital,Annual,Additional Revision,,,Households Including NPISH,,388007.04993891483,,₹ Crore
2011-12,Current,2012-13,Consumption of Fixed Capital,Annual,Additional Revision,,,Total Consumption of Fixed Capital,,1060904.768165186,,₹ Crore
2011-12,Current,2012-13,Consumption of Fixed Capital,Annual,Additional Revision,,,,,1060904.7681651858,1010661.0752474548,₹ Crore
2011-12,Current,2011-12,Consumption of Fixed Capital,Annual,Second Revised Estimates,,,Public Non-Financial Corporations,,131280,,₹ Crore
2011-12,Current,2011-12,Consumption of Fixed Capital,Annual,Second Revised Estimates,,,Private Non-Financial Corporations,,354019,,₹ Crore
2011-12,Current,2011-12,Consumption of Fixed Capital,Annual,Second Revised Estimates,,,Public Financial Corporations,,3207,,₹ Crore
2011-12,Current,2011-12,Consumption of Fixed Capital,Annual,Second Revised Estimates,,,Private Financial Corporations,,3620,,₹ Crore
2011-12,Current,2011-12,Consumption of Fixed Capital,Annual,Second Revised Estimates,,,General Government,,98623,,₹ Crore
2011-12,Current,2011-12,Consumption of Fixed Capital,Annual,Second Revised Estimates,,,Households Including NPISH,,326391,,₹ Crore
2011-12,Current,2011-12,Consumption of Fixed Capital,Annual,Second Revised Estimates,,,Total Consumption of Fixed Capital,,917140.0,,₹ Crore
2011-12,Current,2011-12,Consumption of Fixed Capital,Annual,Second Revised Estimates,,,,,917141.0,917141.0,₹ Crore
2011-12,Current,2011-12,Consumption of Fixed Capital,Annual,Additional Revision,,,Public Non-Financial Corporations,,131280.26816031052,,₹ Crore
2011-12,Current,2011-12,Consumption of Fixed Capital,Annual,Additional Revision,,,Private Non-Financial Corporations,,354019.0919498702,,₹ Crore
2011-12,Current,2011-12,Consumption of Fixed Capital,Annual,Additional Revision,,,Public Financial Corporations,,3207.0849593001785,,₹ Crore
2011-12,Current,2011-12,Consumption of Fixed Capital,Annual,Additional Revision,,,Private Financial Corporations,,3620.41382051074,,₹ Crore
2011-12,Current,2011-12,Consumption of Fixed Capital,Annual,Additional Revision,,,General Government,,98622.8716387263,,₹ Crore
2011-12,Current,2011-12,Consumption of Fixed Capital,Annual,Additional Revision,,,Households Including NPISH,,326425.21028234105,,₹ Crore
2011-12,Current,2011-12,Consumption of Fixed Capital,Annual,Additional Revision,,,Total Consumption of Fixed Capital,,917174.940811059,,₹ Crore
2011-12,Current,2011-12,Consumption of Fixed Capital,Annual,Additional Revision,,,,,917174.9408110592,917174.9408110592,₹ Crore
2011-12,Current,2025-26,Net Domestic Product,Annual,First Advance Estimates,,,,,31748519.0939873,17643770.88723397,₹ Crore
2011-12,Current,2024-25,Net Domestic Product,Annual,First Advance Estimates,,,,,28685197.4962432,16109985.35822331,₹ Crore
2011-12,Current,2024-25,Net Domestic Product,Annual,Second Advance Estimates,,,,,29423836.044739697,16424209.806643477,₹ Crore
2011-12,Current,2024-25,Net Domestic Product,Annual,Provisional Estimates,,,,,29387891.593255453,16425021.081712214,₹ Crore
2011-12,Current,2023-24,Net Domestic Product,Annual,First Advance Estimates,,,,,26558401.9107409,14958030.2030481,₹ Crore
2011-12,Current,2023-24,Net Domestic Product,Annual,Second Advance Estimates,,,,,25992750.335009355,15061631.714748368,₹ Crore
2011-12,Current,2023-24,Net Domestic Product,Annual,Provisional Estimates,,,,,26127975.738284055,15146589.46787262,₹ Crore
2011-12,Current,2023-24,Net Domestic Product,Annual,First Revised Estimates,,,,,26762544.3806132,15421624.430922177,₹ Crore
2011-12,Current,2022-23,Net Domestic Product,Annual,First Advance Estimates,,,,,24103539.58980012,13646573.389901167,₹ Crore
2011-12,Current,2022-23,Net Domestic Product,Annual,Second Advance Estimates,,,,,24330568.93035389,13893102.305424888,₹ Crore
2011-12,Current,2022-23,Net Domestic Product,Annual,Provisional Estimates,,,,,24368727.41653327,13929146.91856327,₹ Crore
2011-12,Current,2022-23,Net Domestic Product,Annual,First Revised Estimates,,,,,23809748.486009657,13986797.522252979,₹ Crore
2011-12,Current,2022-23,Net Domestic Product,Annual,Final Estimates,,,,,23761231.831160128,14076949.691259608,₹ Crore
2011-12,Current,2021-22,Net Domestic Product,Annual,First Advance Estimates,,,,,20749301.577282216,12974121.466636814,₹ Crore
2011-12,Current,2021-22,Net Domestic Product,Annual,Second Advance Estimates,,,,,20876236.169530578,12788045.336240873,₹ Crore
2011-12,Current,2021-22,Net Domestic Product,Annual,Provisional Estimates,,,,,20898018.779380307,12754679.344975661,₹ Crore
2011-12,Current,2021-22,Net Domestic Product,Annual,First Revised Estimates,,,,,20796554.224634796,12977142.454520002,₹ Crore
2011-12,Current,2021-22,Net Domestic Product,Annual,Second Revised Estimates,,,,,20930594.80912669,13066058.13614326,₹ Crore
2011-12,Current,2020-21,Net Domestic Product,Annual,First Advance Estimates,,,,,17451892,11888607,₹ Crore
2011-12,Current,2020-21,Net Domestic Product,Annual,Second Advance Estimates,,,,,17502282,11775660,₹ Crore
2011-12,Current,2020-21,Net Domestic Product,Annual,Provisional Estimates,,,,,17646081.69822392,11874000.122579256,₹ Crore
2011-12,Current,2020-21,Net Domestic Product,Annual,First Revised Estimates,,,,,17460844.902786568,11726198.487161467,₹ Crore
2011-12,Current,2020-21,Net Domestic Product,Annual,Second Revised Estimates,,,,,17489332.566037316,11854150.888629973,₹ Crore
2011-12,Current,2020-21,Net Domestic Product,Annual,Third Revised Estimates,,,,,17513508.68448165,11862110.350576404,₹ Crore
2011-12,Current,2019-20,Net Domestic Product,Annual,First Advance Estimates,,,,,18313040,13097584,₹ Crore
2011-12,Current,2019-20,Net Domestic Product,Annual,Second Advance Estimates,,,,,18248783,12995082,₹ Crore
2011-12,Current,2019-20,Net Domestic Product,Annual,Provisional Estimates,,,,,18221249,12893977,₹ Crore
2011-12,Current,2019-20,Net Domestic Product,Annual,First Revised Estimates,,,,,18187414.474641602,12822882.121592073,₹ Crore
2011-12,Current,2019-20,Net Domestic Product,Annual,Second Revised Estimates,,,,,17909710.381875917,12783337.414019238,₹ Crore
2011-12,Current,2019-20,Net Domestic Product,Annual,Third Revised Estimates,,,,,17939981.958995562,12803462.282005249,₹ Crore
2011-12,Current,2018-19,Net Domestic Product,Annual,First Advance Estimates,,,,,16898820,12391773,₹ Crore
2011-12,Current,2018-19,Net Domestic Product,Annual,Second Advance Estimates,,,,,17069891,12495137,₹ Crore
2011-12,Current,2018-19,Net Domestic Product,Annual,Provisional Estimates,,,,,17030846,12474945,₹ Crore
2011-12,Current,2018-19,Net Domestic Product,Annual,First Revised Estimates,,,,,16991613.0,12372051.0,₹ Crore
2011-12,Current,2018-19,Net Domestic Product,Annual,Second Revised Estimates,,,,,16906969.585288156,12392839.047579916,₹ Crore
2011-12,Current,2018-19,Net Domestic Product,Annual,Third Revised Estimates,,,,,16915378.29123273,12378458.874079563,₹ Crore
2011-12,Current,2017-18,Net Domestic Product,Annual,First Advance Estimates,,,,,14899252,11554772,₹ Crore
2011-12,Current,2017-18,Net Domestic Product,Annual,Second Advance Estimates,,,,,15015286,11546654,₹ Crore
2011-12,Current,2017-18,Net Domestic Product,Annual,Provisional Estimates,,,,,15034912,11552178,₹ Crore
2011-12,Current,2017-18,Net Domestic Product,Annual,First Revised Estimates,,,,,15313286.454275742,11676895.524106711,₹ Crore
2011-12,Current,2017-18,Net Domestic Product,Annual,Second Revised Estimates,,,,,15334357.0,11686409.0,₹ Crore
2011-12,Current,2017-18,Net Domestic Product,Annual,Third Revised Estimates,,,,,15325230.60315872,11654661.328956699,₹ Crore
2011-12,Current,2016-17,Net Domestic Product,Annual,First Advance Estimates,,,,,13570701,10787338,₹ Crore
2011-12,Current,2016-17,Net Domestic Product,Annual,Second Advance Estimates,,,,,13653519,10803651,₹ Crore
2011-12,Current,2016-17,Net Domestic Product,Annual,Provisional Estimates,,,,,13597811,10841917,₹ Crore
2011-12,Current,2016-17,Net Domestic Product,Annual,First Revised Estimates,,,,,13668986.79918997,10826073.74777068,₹ Crore
2011-12,Current,2016-17,Net Domestic Product,Annual,Second Revised Estimates,,,,,13771660.99017368,10917373.273541337,₹ Crore
2011-12,Current,2016-17,Net Domestic Product,Annual,Third Revised Estimates,,,,,13800337.0,10926667.0,₹ Crore
2011-12,Current,2015-16,Net Domestic Product,Annual,First Advance Estimates,,,,,12118824,10071224,₹ Crore
2011-12,Current,2015-16,Net Domestic Product,Annual,Provisional Estimates,,,,,12126769,10071784,₹ Crore
2011-12,Current,2015-16,Net Domestic Product,Annual,First Revised Estimates,,,,,12242872.53553567,10080882.910388295,₹ Crore
2011-12,Current,2015-16,Net Domestic Product,Annual,Second Revised Estimates,,,,,12313813.462196441,10119785.052950172,₹ Crore
2011-12,Current,2015-16,Net Domestic Product,Annual,Third Revised Estimates,,,,,12322176.796538338,10098602.737720516,₹ Crore
2011-12,Current,2014-15,Net Domestic Product,Annual,First Advance Estimates,,,,,11372179,9529255,₹ Crore
2011-12,Current,2014-15,Net Domestic Product,Annual,Provisional Estimates,,,,,11274915,9519811,₹ Crore
2011-12,Current,2014-15,Net Domestic Product,Annual,First Revised Estimates,,,,,11155025.0,9359476.0,₹ Crore
2011-12,Current,2014-15,Net Domestic Product,Annual,Second Revised Estimates,,,,,11108575.891675025,9337045.256952941,₹ Crore
2011-12,Current,2014-15,Net Domestic Product,Annual,Third Revised Estimates,,,,,11125667.826287637,9349029.396456541,₹ Crore
2011-12,Current,2013-14,Net Domestic Product,Annual,Second Revised Estimates,,,,,10074292.0,8737681.0,₹ Crore
2011-12,Current,2013-14,Net Domestic Product,Annual,Third Revised Estimates,,,,,10041059.722867878,8718819.665504523,₹ Crore
2011-12,Current,2013-14,Net Domestic Product,Annual,Additional Revision,,,,,10037546.674604591,8700760.003214145,₹ Crore
2011-12,Current,2012-13,Net Domestic Product,Annual,Second Revised Estimates,,,,,8891378.0,8217675.0,₹ Crore
2011-12,Current,2012-13,Net Domestic Product,Annual,Third Revised Estimates,,,,,8886658.748778228,8205908.068799755,₹ Crore
2011-12,Current,2012-13,Net Domestic Product,Annual,Additional Revision,,,,,8883108.33598774,8202355.587025317,₹ Crore
2011-12,Current,2011-12,Net Domestic Product,Annual,Second Revised Estimates,,,,,7818898.0,7818898.0,₹ Crore
2011-12,Current,2011-12,Net Domestic Product,Annual,Additional Revision,,,,,7819153.77056175,7819153.77056175,₹ Crore
2011-12,Current,2025-26,Gross Fixed Capital Formation,Annual,First Advance Estimates,,,,,10711183.1840605,6828575.8676577285,₹ Crore
2011-12,Current,2024-25,Gross Fixed Capital Formation,Annual,First Advance Estimates,,,,,9763362.573914984,6201182.825790168,₹ Crore
2011-12,Current,2024-25,Gross Fixed Capital Formation,Annual,Second Advance Estimates,,,,,9801025.248894446,6278171.02462204,₹ Crore
2011-12,Current,2024-25,Gross Fixed Capital Formation,Annual,Provisional Estimates,,,,,9886129.108566843,6333084.224836981,₹ Crore
2011-12,Current,2023-24,Gross Fixed Capital Formation,Annual,First Advance Estimates,,,,,8832160.983819287,5994586.1423392445,₹ Crore
2011-12,Current,2023-24,Gross Fixed Capital Formation,Annual,Second Advance Estimates,,,,,9207603.789509572,5893155.073925277,₹ Crore
2011-12,Current,2023-24,Gross Fixed Capital Formation,Annual,Provisional Estimates,,,,,9107021.392907148,5826879.786028704,₹ Crore
2011-12,Current,2023-24,Gross Fixed Capital Formation,Annual,First Revised Estimates,,,Public Non-Financial Corporations,,1080797.3042885957,706743.7305824514,₹ Crore
2011-12,Current,2023-24,Gross Fixed Capital Formation,Annual,First Revised Estimates,,,Private Non-Financial Corporations,,2968299.235724238,1990407.1675482946,₹ Crore
2011-12,Current,2023-24,Gross Fixed Capital Formation,Annual,First Revised Estimates,,,Public Financial Corporations,,18998.329999999998,14065.040336240174,₹ Crore
2011-12,Current,2023-24,Gross Fixed Capital Formation,Annual,First Revised Estimates,,,Private Financial Corporations,,65017.274504157955,46708.5957397846,₹ Crore
2011-12,Current,2023-24,Gross Fixed Capital Formation,Annual,First Revised Estimates,,,General Government,,1209933.634753357,763981.3817693115,₹ Crore
2011-12,Current,2023-24,Gross Fixed Capital Formation,Annual,First Revised Estimates,,,Household Sector,,3822178.509610284,2393382.25325209,₹ Crore
2011-12,Current,2023-24,Gross Fixed Capital Formation,Annual,First Revised Estimates,,,Total Gross Fixed Capital Formation,,9165224.288880633,5915288.169228172,₹ Crore
2011-12,Current,2022-23,Gross Fixed Capital Formation,Annual,First Advance Estimates,,,,,7971209.15180756,5335626.601681676,₹ Crore
2011-12,Current,2022-23,Gross Fixed Capital Formation,Annual,Second Advance Estimates,,,,,7945898.478757611,5426057.664331071,₹ Crore
2011-12,Current,2022-23,Gross Fixed Capital Formation,Annual,Provisional Estimates,,,,,7943199.13382602,5434691.295899071,₹ Crore
2011-12,Current,2022-23,Gross Fixed Capital Formation,Annual,First Revised Estimates,,,Public Non-Financial Corporations,,770319.3297548875,504797.78069758194,₹ Crore
2011-12,Current,2022-23,Gross Fixed Capital Formation,Annual,First Revised Estimates,,,Private Non-Financial Corporations,,2895086.634537854,1935985.0782059212,₹ Crore
2011-12,Current,2022-23,Gross Fixed Capital Formation,Annual,First Revised Estimates,,,Public Financial Corporations,,14818.960000000001,10733.3227575317,₹ Crore
2011-12,Current,2022-23,Gross Fixed Capital Formation,Annual,First Revised Estimates,,,Private Financial Corporations,,50503.86402566617,36923.85784575762,₹ Crore
2011-12,Current,2022-23,Gross Fixed Capital Formation,Annual,First Revised Estimates,,,General Government,,1091329.78938,694406.2145543179,₹ Crore
2011-12,Current,2022-23,Gross Fixed Capital Formation,Annual,First Revised Estimates,,,Household Sector,,3464920.3551883674,2163576.358640885,₹ Crore
2011-12,Current,2022-23,Gross Fixed Capital Formation,Annual,First Revised Estimates,,,Total Gross Fixed Capital Formation,,8286978.932886776,5346422.612701995,₹ Crore
2011-12,Current,2022-23,Gross Fixed Capital Formation,Annual,Final Estimates,,,Public Non-Financial Corporations,,800611.3391790184,529984.0724015834,₹ Crore
2011-12,Current,2022-23,Gross Fixed Capital Formation,Annual,Final Estimates,,,Private Non-Financial Corporations,,2973132.422591502,1988887.9616518382,₹ Crore
2011-12,Current,2022-23,Gross Fixed Capital Formation,Annual,Final Estimates,,,Public Financial Corporations,,14801.21,10723.54937280622,₹ Crore
2011-12,Current,2022-23,Gross Fixed Capital Formation,Annual,Final Estimates,,,Private Financial Corporations,,51739.475582756524,37736.24662794989,₹ Crore
2011-12,Current,2022-23,Gross Fixed Capital Formation,Annual,Final Estimates,,,General Government,,957506.660591285,608154.2982493764,₹ Crore
2011-12,Current,2022-23,Gross Fixed Capital Formation,Annual,Final Estimates,,,Household Sector,,3598246.537288395,2262238.6442280724,₹ Crore
2011-12,Current,2022-23,Gross Fixed Capital Formation,Annual,Final Estimates,,,Total Gross Fixed Capital Formation,,8396037.645232957,5437724.772531627,₹ Crore
2011-12,Current,2021-22,Gross Fixed Capital Formation,Annual,First Advance Estimates,,,,,6877914.162098277,4851682.189782531,₹ Crore
2011-12,Current,2021-22,Gross Fixed Capital Formation,Annual,Second Advance Estimates,,,,,6697727.018394873,4732872.462901314,₹ Crore
2011-12,Current,2021-22,Gross Fixed Capital Formation,Annual,Provisional Estimates,,,,,6759790.137342981,4784054.223675843,₹ Crore
2011-12,Current,2021-22,Gross Fixed Capital Formation,Annual,First Revised Estimates,,,Public Non-Financial Corporations,,675934.1906477553,467417.9407457231,₹ Crore
2011-12,Current,2021-22,Gross Fixed Capital Formation,Annual,First Revised Estimates,,,Private Non-Financial Corporations,,2318234.715794159,1721850.611860158,₹ Crore
2011-12,Current,2021-22,Gross Fixed Capital Formation,Annual,First Revised Estimates,,,Public Financial Corporations,,11407.779999999999,8754.368189390814,₹ Crore
2011-12,Current,2021-22,Gross Fixed Capital Formation,Annual,First Revised Estimates,,,Private Financial Corporations,,49057.61984696954,37255.858885376845,₹ Crore
2011-12,Current,2021-22,Gross Fixed Capital Formation,Annual,First Revised Estimates,,,General Government,,985927.2451122787,676112.1100466376,₹ Crore
2011-12,Current,2021-22,Gross Fixed Capital Formation,Annual,First Revised Estimates,,,Household Sector,,2745829.0977934343,1967382.2814104746,₹ Crore
2011-12,Current,2021-22,Gross Fixed Capital Formation,Annual,First Revised Estimates,,,Total Gross Fixed Capital Formation,,6786390.649194596,4878773.17113776,₹ Crore
2011-12,Current,2021-22,Gross Fixed Capital Formation,Annual,Second Revised Estimates,,,Public Non-Financial Corporations,,685569.7386847469,473884.594883761,₹ Crore
2011-12,Current,2021-22,Gross Fixed Capital Formation,Annual,Second Revised Estimates,,,Private Non-Financial Corporations,,2416917.662448607,1819222.671493039,₹ Crore
2011-12,Current,2021-22,Gross Fixed Capital Formation,Annual,Second Revised Estimates,,,Public Financial Corporations,,11345.89,8723.306613370236,₹ Crore
2011-12,Current,2021-22,Gross Fixed Capital Formation,Annual,Second Revised Estimates,,,Private Financial Corporations,,45804.86708906271,34642.66204032112,₹ Crore
2011-12,Current,2021-22,Gross Fixed Capital Formation,Annual,Second Revised Estimates,,,General Government,,875531.3060808001,602352.6212225383,₹ Crore
2011-12,Current,2021-22,Gross Fixed Capital Formation,Annual,Second Revised Estimates,,,Household Sector,,2944477.2172410116,2075437.2641754819,₹ Crore
2011-12,Current,2021-22,Gross Fixed Capital Formation,Annual,Second Revised Estimates,,,Total Gross Fixed Capital Formation,,6979646.681544228,5014263.120428512,₹ Crore
2011-12,Current,2020-21,Gross Fixed Capital Formation,Annual,First Advance Estimates,,,,,4723349,3707516,₹ Crore
2011-12,Current,2020-21,Gross Fixed Capital Formation,Annual,Second Advance Estimates,,,,,5229676,4144957,₹ Crore
2011-12,Current,2020-21,Gross Fixed Capital Formation,Annual,Provisional Estimates,,,,,5349875.2312766835,4220508.206790288,₹ Crore
2011-12,Current,2020-21,Gross Fixed Capital Formation,Annual,First Revised Estimates,,,Public Non-Financial Corporations,,547581.644850689,416308.7129643841,₹ Crore
2011-12,Current,2020-21,Gross Fixed Capital Formation,Annual,First Revised Estimates,,,Private Non-Financial Corporations,,1763711.373534656,1407453.1091213624,₹ Crore
2011-12,Current,2020-21,Gross Fixed Capital Formation,Annual,First Revised Estimates,,,Public Financial Corporations,,13551.4873,11010.71522735255,₹ Crore
2011-12,Current,2020-21,Gross Fixed Capital Formation,Annual,First Revised Estimates,,,Private Financial Corporations,,58038.11839194363,45293.40325766948,₹ Crore
2011-12,Current,2020-21,Gross Fixed Capital Formation,Annual,First Revised Estimates,,,General Government,,831602.231077181,642077.2073497374,₹ Crore
2011-12,Current,2020-21,Gross Fixed Capital Formation,Annual,First Revised Estimates,,,Household Sector,,2049588.5156662932,1609135.9213499038,₹ Crore
2011-12,Current,2020-21,Gross Fixed Capital Formation,Annual,First Revised Estimates,,,Total Gross Fixed Capital Formation,,5264073.370820763,4131279.0692704096,₹ Crore
2011-12,Current,2020-21,Gross Fixed Capital Formation,Annual,Second Revised Estimates,,,Public Non-Financial Corporations,,538118.8515480674,411992.0542256929,₹ Crore
2011-12,Current,2020-21,Gross Fixed Capital Formation,Annual,Second Revised Estimates,,,Private Non-Financial Corporations,,1920131.2402449222,1544879.911204572,₹ Crore
2011-12,Current,2020-21,Gross Fixed Capital Formation,Annual,Second Revised Estimates,,,Public Financial Corporations,,13498.737299999999,11020.218091224557,₹ Crore
2011-12,Current,2020-21,Gross Fixed Capital Formation,Annual,Second Revised Estimates,,,Private Financial Corporations,,58848.59745078637,46819.47748530719,₹ Crore
2011-12,Current,2020-21,Gross Fixed Capital Formation,Annual,Second Revised Estimates,,,General Government,,765837.9697227168,592305.9731916946,₹ Crore
2011-12,Current,2020-21,Gross Fixed Capital Formation,Annual,Second Revised Estimates,,,Household Sector,,2107303.907428282,1648671.6803349527,₹ Crore
2011-12,Current,2020-21,Gross Fixed Capital Formation,Annual,Second Revised Estimates,,,Total Gross Fixed Capital Formation,,5403739.303694775,4255689.314533444,₹ Crore
2011-12,Current,2020-21,Gross Fixed Capital Formation,Annual,Third Revised Estimates,,,Public Non-Financial Corporations,,539606.250045551,413305.53695057204,₹ Crore
2011-12,Current,2020-21,Gross Fixed Capital Formation,Annual,Third Revised Estimates,,,Private Non-Financial Corporations,,1921440.3711536245,1545881.7003810883,₹ Crore
2011-12,Current,2020-21,Gross Fixed Capital Formation,Annual,Third Revised Estimates,,,Public Financial Corporations,,13485.2673,11008.645574482707,₹ Crore
2011-12,Current,2020-21,Gross Fixed Capital Formation,Annual,Third Revised Estimates,,,Private Financial Corporations,,58847.90176086901,46818.97132619675,₹ Crore
2011-12,Current,2020-21,Gross Fixed Capital Formation,Annual,Third Revised Estimates,,,General Government,,768336.4347227169,594289.1247008682,₹ Crore
2011-12,Current,2020-21,Gross Fixed Capital Formation,Annual,Third Revised Estimates,,,Household Sector,,2123280.7737085437,1655380.2986522343,₹ Crore
2011-12,Current,2020-21,Gross Fixed Capital Formation,Annual,Third Revised Estimates,,,Total Gross Fixed Capital Formation,,5424996.9986913055,4266684.277585442,₹ Crore
2011-12,Current,2019-20,Gross Fixed Capital Formation,Annual,First Advance Estimates,,,,,5742431,4592664,₹ Crore
2011-12,Current,2019-20,Gross Fixed Capital Formation,Annual,Second Advance Estimates,,,,,5595778,4433674,₹ Crore
2011-12,Current,2019-20,Gross Fixed Capital Formation,Annual,Provisional Estimates,,,,,5472006,4334091,₹ Crore
2011-12,Current,2019-20,Gross Fixed Capital Formation,Annual,First Revised Estimates,,,Public Non-Financial Corporations,,619749.326480424,490858.5141578233,₹ Crore
2011-12,Current,2019-20,Gross Fixed Capital Formation,Annual,First Revised Estimates,,,Private Non-Financial Corporations,,2069599.1839172426,1693798.4082602751,₹ Crore
2011-12,Current,2019-20,Gross Fixed Capital Formation,Annual,First Revised Estimates,,,Public Financial Corporations,,13216.9244,10726.941662204943,₹ Crore
2011-12,Current,2019-20,Gross Fixed Capital Formation,Annual,First Revised Estimates,,,Private Financial Corporations,,54169.82751937245,43487.577863594925,₹ Crore
2011-12,Current,2019-20,Gross Fixed Capital Formation,Annual,First Revised Estimates,,,General Government,,777421.75017204,613179.7994234061,₹ Crore
2011-12,Current,2019-20,Gross Fixed Capital Formation,Annual,First Revised Estimates,,,Household Sector,,2317156.140416627,1878365.022016191,₹ Crore
2011-12,Current,2019-20,Gross Fixed Capital Formation,Annual,First Revised Estimates,,,Total Gross Fixed Capital Formation,,5851313.152905706,4730416.263383496,₹ Crore
2011-12,Current,2019-20,Gross Fixed Capital Formation,Annual,Second Revised Estimates,,,Public Non-Financial Corporations,,593327.7679964064,470247.9228099425,₹ Crore
2011-12,Current,2019-20,Gross Fixed Capital Formation,Annual,Second Revised Estimates,,,Private Non-Financial Corporations,,2120640.197921856,1702537.5485234212,₹ Crore
2011-12,Current,2019-20,Gross Fixed Capital Formation,Annual,Second Revised Estimates,,,Public Financial Corporations,,11810.934400000002,9657.154813220113,₹ Crore
2011-12,Current,2019-20,Gross Fixed Capital Formation,Annual,Second Revised Estimates,,,Private Financial Corporations,,45529.03567833674,36216.066045764375,₹ Crore
2011-12,Current,2019-20,Gross Fixed Capital Formation,Annual,Second Revised Estimates,,,General Government,,704214.154617181,556022.4582438064,₹ Crore
2011-12,Current,2019-20,Gross Fixed Capital Formation,Annual,Second Revised Estimates,,,Household Sector,,2262122.843080072,1836340.3250320044,₹ Crore
2011-12,Current,2019-20,Gross Fixed Capital Formation,Annual,Second Revised Estimates,,,Total Gross Fixed Capital Formation,,5737644.933693852,4611021.475468159,₹ Crore
2011-12,Current,2019-20,Gross Fixed Capital Formation,Annual,Third Revised Estimates,,,Public Non-Financial Corporations,,593069.0420456062,469898.2851835704,₹ Crore
2011-12,Current,2019-20,Gross Fixed Capital Formation,Annual,Third Revised Estimates,,,Private Non-Financial Corporations,,2121607.616405783,1703352.6710160489,₹ Crore
2011-12,Current,2019-20,Gross Fixed Capital Formation,Annual,Third Revised Estimates,,,Public Financial Corporations,,11744.7144,9641.477421845066,₹ Crore
2011-12,Current,2019-20,Gross Fixed Capital Formation,Annual,Third Revised Estimates,,,Private Financial Corporations,,45464.825079398186,36165.45410478284,₹ Crore
2011-12,Current,2019-20,Gross Fixed Capital Formation,Annual,Third Revised Estimates,,,General Government,,706769.649322301,558192.1825298073,₹ Crore
2011-12,Current,2019-20,Gross Fixed Capital Formation,Annual,Third Revised Estimates,,,Household Sector,,2241729.8950170274,1815328.8948992258,₹ Crore
2011-12,Current,2019-20,Gross Fixed Capital Formation,Annual,Third Revised Estimates,,,Total Gross Fixed Capital Formation,,5720385.742270116,4592578.96515528,₹ Crore
2011-12,Current,2018-19,Gross Fixed Capital Formation,Annual,First Advance Estimates,,,,,5557912,4585787,₹ Crore
2011-12,Current,2018-19,Gross Fixed Capital Formation,Annual,Second Advance Estimates,,,,,5501695,4549644,₹ Crore
2011-12,Current,2018-19,Gross Fixed Capital Formation,Annual,Provisional Estimates,,,,,5569998,4548452,₹ Crore
2011-12,Current,2018-19,Gross Fixed Capital Formation,Annual,First Revised Estimates,,,Public Non-Financial Corporations,,599068,477469,₹ Crore
2011-12,Current,2018-19,Gross Fixed Capital Formation,Annual,First Revised Estimates,,,Private Non-Financial Corporations,,1947099,1604555,₹ Crore
2011-12,Current,2018-19,Gross Fixed Capital Formation,Annual,First Revised Estimates,,,Public Financial Corporations,,12110,9840,₹ Crore
2011-12,Current,2018-19,Gross Fixed Capital Formation,Annual,First Revised Estimates,,,Private Financial Corporations,,48558,39958,₹ Crore
2011-12,Current,2018-19,Gross Fixed Capital Formation,Annual,First Revised Estimates,,,General Government,,730331,579640,₹ Crore
2011-12,Current,2018-19,Gross Fixed Capital Formation,Annual,First Revised Estimates,,,Household Sector,,2156154,1749504,₹ Crore
2011-12,Current,2018-19,Gross Fixed Capital Formation,Annual,First Revised Estimates,,,Total Gross Fixed Capital Formation,,5493320,4460967,₹ Crore
2011-12,Current,2018-19,Gross Fixed Capital Formation,Annual,Second Revised Estimates,,,Public Non-Financial Corporations,,655430.7051115647,525789.2352207268,₹ Crore
2011-12,Current,2018-19,Gross Fixed Capital Formation,Annual,Second Revised Estimates,,,Private Non-Financial Corporations,,1899282.272204054,1562551.4888265426,₹ Crore
2011-12,Current,2018-19,Gross Fixed Capital Formation,Annual,Second Revised Estimates,,,Public Financial Corporations,,12712.630000000001,10338.916559572304,₹ Crore
2011-12,Current,2018-19,Gross Fixed Capital Formation,Annual,Second Revised Estimates,,,Private Financial Corporations,,48650.980046657336,40050.731287837,₹ Crore
2011-12,Current,2018-19,Gross Fixed Capital Formation,Annual,Second Revised Estimates,,,General Government,,668596.2551810581,531694.5051776152,₹ Crore
2011-12,Current,2018-19,Gross Fixed Capital Formation,Annual,Second Revised Estimates,,,Household Sector,,2228256.8963046805,1815779.8452831057,₹ Crore
2011-12,Current,2018-19,Gross Fixed Capital Formation,Annual,Second Revised Estimates,,,Total Gross Fixed Capital Formation,,5512929.738848014,4486204.722355399,₹ Crore
2011-12,Current,2018-19,Gross Fixed Capital Formation,Annual,Third Revised Estimates,,,Public Non-Financial Corporations,,656068.4656849646,526274.5951171363,₹ Crore
2011-12,Current,2018-19,Gross Fixed Capital Formation,Annual,Third Revised Estimates,,,Private Non-Financial Corporations,,1901540.9481006297,1564266.7577671302,₹ Crore
2011-12,Current,2018-19,Gross Fixed Capital Formation,Annual,Third Revised Estimates,,,Public Financial Corporations,,14132.119999999999,11380.33532904353,₹ Crore
2011-12,Current,2018-19,Gross Fixed Capital Formation,Annual,Third Revised Estimates,,,Private Financial Corporations,,41111.82132290739,34037.23755004245,₹ Crore
2011-12,Current,2018-19,Gross Fixed Capital Formation,Annual,Third Revised Estimates,,,General Government,,666325.895181058,529951.1607205576,₹ Crore
2011-12,Current,2018-19,Gross Fixed Capital Formation,Annual,Third Revised Estimates,,,Household Sector,,2289242.943902013,1874599.1551449394,₹ Crore
2011-12,Current,2018-19,Gross Fixed Capital Formation,Annual,Third Revised Estimates,,,Total Gross Fixed Capital Formation,,5568422.194191573,4540509.24162885,₹ Crore
2011-12,Current,2017-18,Gross Fixed Capital Formation,Annual,First Advance Estimates,,,,,4383589,3765058,₹ Crore
2011-12,Current,2017-18,Gross Fixed Capital Formation,Annual,Second Advance Estimates,,,,,4772593,4086592,₹ Crore
2011-12,Current,2017-18,Gross Fixed Capital Formation,Annual,Provisional Estimates,,,,,4778894,4087557,₹ Crore
2011-12,Current,2017-18,Gross Fixed Capital Formation,Annual,First Revised Estimates,,,Public Non-Financial Corporations,,539305.5199958963,446067.24216922873,₹ Crore
2011-12,Current,2017-18,Gross Fixed Capital Formation,Annual,First Revised Estimates,,,Private Non-Financial Corporations,,1889798.2285209242,1606530.9092047692,₹ Crore
2011-12,Current,2017-18,Gross Fixed Capital Formation,Annual,First Revised Estimates,,,Public Financial Corporations,,13391.9247,11822.395977754524,₹ Crore
2011-12,Current,2017-18,Gross Fixed Capital Formation,Annual,First Revised Estimates,,,Private Financial Corporations,,29599.61187917016,24928.71698404648,₹ Crore
2011-12,Current,2017-18,Gross Fixed Capital Formation,Annual,First Revised Estimates,,,General Government,,670755.5691879999,562895.867375067,₹ Crore
2011-12,Current,2017-18,Gross Fixed Capital Formation,Annual,First Revised Estimates,,,Household Sector,,1753962.545578217,1484326.5233568565,₹ Crore
2011-12,Current,2017-18,Gross Fixed Capital Formation,Annual,First Revised Estimates,,,Total Gross Fixed Capital Formation,,4896813.3998622075,4136571.6550677223,₹ Crore
2011-12,Current,2017-18,Gross Fixed Capital Formation,Annual,Second Revised Estimates,,,Public Non-Financial Corporations,,524821,434366,₹ Crore
2011-12,Current,2017-18,Gross Fixed Capital Formation,Annual,Second Revised Estimates,,,Private Non-Financial Corporations,,1733269,1479405,₹ Crore
2011-12,Current,2017-18,Gross Fixed Capital Formation,Annual,Second Revised Estimates,,,Public Financial Corporations,,13718,12069,₹ Crore
2011-12,Current,2017-18,Gross Fixed Capital Formation,Annual,Second Revised Estimates,,,Private Financial Corporations,,26493,22416,₹ Crore
2011-12,Current,2017-18,Gross Fixed Capital Formation,Annual,Second Revised Estimates,,,General Government,,614351,516385,₹ Crore
2011-12,Current,2017-18,Gross Fixed Capital Formation,Annual,Second Revised Estimates,,,Household Sector,,1886487,1596554,₹ Crore
2011-12,Current,2017-18,Gross Fixed Capital Formation,Annual,Second Revised Estimates,,,Total Gross Fixed Capital Formation,,4799139,4061195,₹ Crore
2011-12,Current,2017-18,Gross Fixed Capital Formation,Annual,Third Revised Estimates,,,Public Non-Financial Corporations,,521345.5254540042,431053.8157870221,₹ Crore
2011-12,Current,2017-18,Gross Fixed Capital Formation,Annual,Third Revised Estimates,,,Private Non-Financial Corporations,,1718608.5104093961,1464629.415299433,₹ Crore
2011-12,Current,2017-18,Gross Fixed Capital Formation,Annual,Third Revised Estimates,,,Public Financial Corporations,,13699.0447,12050.71612522719,₹ Crore
2011-12,Current,2017-18,Gross Fixed Capital Formation,Annual,Third Revised Estimates,,,Private Financial Corporations,,23151.58621305268,19512.57890170641,₹ Crore
2011-12,Current,2017-18,Gross Fixed Capital Formation,Annual,Third Revised Estimates,,,General Government,,612916.4163703,515236.7402930374,₹ Crore
2011-12,Current,2017-18,Gross Fixed Capital Formation,Annual,Third Revised Estimates,,,Household Sector,,1925879.2001980795,1640595.82450854,₹ Crore
2011-12,Current,2017-18,Gross Fixed Capital Formation,Annual,Third Revised Estimates,,,Total Gross Fixed Capital Formation,,4815600.283344833,4083079.0909149665,₹ Crore
2011-12,Current,2016-17,Gross Fixed Capital Formation,Annual,First Advance Estimates,,,,,4039237,3535003,₹ Crore
2011-12,Current,2016-17,Gross Fixed Capital Formation,Annual,Second Advance Estimates,,,,,4096637,3555361,₹ Crore
2011-12,Current,2016-17,Gross Fixed Capital Formation,Annual,Provisional Estimates,,,,,4117674,3602041,₹ Crore
2011-12,Current,2016-17,Gross Fixed Capital Formation,Annual,First Revised Estimates,,,Public Non-Financial Corporations,,506716.2992106417,433799.4348647652,₹ Crore
2011-12,Current,2016-17,Gross Fixed Capital Formation,Annual,First Revised Estimates,,,Private Non-Financial Corporations,,1837400.7484930505,1614315.6689479551,₹ Crore
2011-12,Current,2016-17,Gross Fixed Capital Formation,Annual,First Revised Estimates,,,Public Financial Corporations,,11672.2131,10571.751911262885,₹ Crore
2011-12,Current,2016-17,Gross Fixed Capital Formation,Annual,First Revised Estimates,,,Private Financial Corporations,,37498.9953489482,31867.28337319876,₹ Crore
2011-12,Current,2016-17,Gross Fixed Capital Formation,Annual,First Revised Estimates,,,General Government,,573147.19686665,506863.8363742475,₹ Crore
2011-12,Current,2016-17,Gross Fixed Capital Formation,Annual,First Revised Estimates,,,Household Sector,,1386062.4668208605,1200456.8762368916,₹ Crore
2011-12,Current,2016-17,Gross Fixed Capital Formation,Annual,First Revised Estimates,,,Total Gross Fixed Capital Formation,,4352497.9198401505,3797874.851708321,₹ Crore
2011-12,Current,2016-17,Gross Fixed Capital Formation,Annual,Second Revised Estimates,,,Public Non-Financial Corporations,,470605.2451690273,406088.1988905053,₹ Crore
2011-12,Current,2016-17,Gross Fixed Capital Formation,Annual,Second Revised Estimates,,,Private Non-Financial Corporations,,1657180.9621835104,1441450.2078254428,₹ Crore
2011-12,Current,2016-17,Gross Fixed Capital Formation,Annual,Second Revised Estimates,,,Public Financial Corporations,,11459.9531,10350.892182318257,₹ Crore
2011-12,Current,2016-17,Gross Fixed Capital Formation,Annual,Second Revised Estimates,,,Private Financial Corporations,,34538.987654231605,30093.39612641872,₹ Crore
2011-12,Current,2016-17,Gross Fixed Capital Formation,Annual,Second Revised Estimates,,,General Government,,567138.8667908,502189.94818456867,₹ Crore
2011-12,Current,2016-17,Gross Fixed Capital Formation,Annual,Second Revised Estimates,,,Household Sector,,1594090.1561054052,1393605.4716323726,₹ Crore
2011-12,Current,2016-17,Gross Fixed Capital Formation,Annual,Second Revised Estimates,,,Total Gross Fixed Capital Formation,,4335014.171002975,3783778.114841626,₹ Crore
2011-12,Current,2016-17,Gross Fixed Capital Formation,Annual,Third Revised Estimates,,,Public Non-Financial Corporations,,483249,417144,₹ Crore
2011-12,Current,2016-17,Gross Fixed Capital Formation,Annual,Third Revised Estimates,,,Private Non-Financial Corporations,,1657589,1441812,₹ Crore
2011-12,Current,2016-17,Gross Fixed Capital Formation,Annual,Third Revised Estimates,,,Public Financial Corporations,,11652,10518,₹ Crore
2011-12,Current,2016-17,Gross Fixed Capital Formation,Annual,Third Revised Estimates,,,Private Financial Corporations,,34459,30023,₹ Crore
2011-12,Current,2016-17,Gross Fixed Capital Formation,Annual,Third Revised Estimates,,,General Government,,570133,504812,₹ Crore
2011-12,Current,2016-17,Gross Fixed Capital Formation,Annual,Third Revised Estimates,,,Household Sector,,1581589,1383259,₹ Crore
2011-12,Current,2016-17,Gross Fixed Capital Formation,Annual,Third Revised Estimates,,,Total Gross Fixed Capital Formation,,4338671,3787568,₹ Crore
2011-12,Current,2015-16,Gross Fixed Capital Formation,Annual,First Advance Estimates,,,,,3982083,3587515,₹ Crore
2011-12,Current,2015-16,Gross Fixed Capital Formation,Annual,Provisional Estimates,,,,,3972401,3540750,₹ Crore
2011-12,Current,2015-16,Gross Fixed Capital Formation,Annual,First Revised Estimates,,,Public Non-Financial Corporations,,459392.25745752675,402076.44150186324,₹ Crore
2011-12,Current,2015-16,Gross Fixed Capital Formation,Annual,First Revised Estimates,,,Private Non-Financial Corporations,,1476291.105935799,1360278.534394184,₹ Crore
2011-12,Current,2015-16,Gross Fixed Capital Formation,Annual,First Revised Estimates,,,Public Financial Corporations,,12824.56,11903.472267698851,₹ Crore
2011-12,Current,2015-16,Gross Fixed Capital Formation,Annual,First Revised Estimates,,,Private Financial Corporations,,34134.86592136535,31486.43948147098,₹ Crore
2011-12,Current,2015-16,Gross Fixed Capital Formation,Annual,First Revised Estimates,,,General Government,,536317.3472137,471869.2684121937,₹ Crore
2011-12,Current,2015-16,Gross Fixed Capital Formation,Annual,First Revised Estimates,,,Household Sector,,1470258.4285761304,1257682.1753911634,₹ Crore
2011-12,Current,2015-16,Gross Fixed Capital Formation,Annual,First Revised Estimates,,,Total Gross Fixed Capital Formation,,3989218.565104522,3535296.3314485746,₹ Crore
2011-12,Current,2015-16,Gross Fixed Capital Formation,Annual,Second Revised Estimates,,,Public Non-Financial Corporations,,504892.81382498634,437174.0979845061,₹ Crore
2011-12,Current,2015-16,Gross Fixed Capital Formation,Annual,Second Revised Estimates,,,Private Non-Financial Corporations,,1611101.162829496,1416657.5662677854,₹ Crore
2011-12,Current,2015-16,Gross Fixed Capital Formation,Annual,Second Revised Estimates,,,Public Financial Corporations,,12362.2932,11189.898160494553,₹ Crore
2011-12,Current,2015-16,Gross Fixed Capital Formation,Annual,Second Revised Estimates,,,Private Financial Corporations,,41309.91894165615,35775.9169962615,₹ Crore
2011-12,Current,2015-16,Gross Fixed Capital Formation,Annual,Second Revised Estimates,,,General Government,,492002.86227165005,442554.5696240423,₹ Crore
2011-12,Current,2015-16,Gross Fixed Capital Formation,Annual,Second Revised Estimates,,,Household Sector,,1256567.8321895408,1104840.9266268413,₹ Crore
2011-12,Current,2015-16,Gross Fixed Capital Formation,Annual,Second Revised Estimates,,,Total Gross Fixed Capital Formation,,3918236.8832573295,3448192.975659931,₹ Crore
2011-12,Current,2015-16,Gross Fixed Capital Formation,Annual,Third Revised Estimates,,,Public Non-Financial Corporations,,516807.1638249863,448520.9557169437,₹ Crore
2011-12,Current,2015-16,Gross Fixed Capital Formation,Annual,Third Revised Estimates,,,Private Non-Financial Corporations,,1593526.9468344415,1407290.9052000388,₹ Crore
2011-12,Current,2015-16,Gross Fixed Capital Formation,Annual,Third Revised Estimates,,,Public Financial Corporations,,12362.2932,11216.28672733804,₹ Crore
2011-12,Current,2015-16,Gross Fixed Capital Formation,Annual,Third Revised Estimates,,,Private Financial Corporations,,40976.865614480164,35690.31868254428,₹ Crore
2011-12,Current,2015-16,Gross Fixed Capital Formation,Annual,Third Revised Estimates,,,General Government,,497571.5930244,447836.3003963201,₹ Crore
2011-12,Current,2015-16,Gross Fixed Capital Formation,Annual,Third Revised Estimates,,,Household Sector,,1295847.50834529,1141628.290922147,₹ Crore
2011-12,Current,2015-16,Gross Fixed Capital Formation,Annual,Third Revised Estimates,,,Total Gross Fixed Capital Formation,,3957092.3708435986,3492183.057645332,₹ Crore
2011-12,Current,2014-15,Gross Fixed Capital Formation,Annual,First Advance Estimates,,,,,3612902,3176067,₹ Crore
2011-12,Current,2014-15,Gross Fixed Capital Formation,Annual,Provisional Estimates,,,,,3602121,3191973,₹ Crore
2011-12,Current,2014-15,Gross Fixed Capital Formation,Annual,First Revised Estimates,,,Public Non-Financial Corporations,,400685,353003,₹ Crore
2011-12,Current,2014-15,Gross Fixed Capital Formation,Annual,First Revised Estimates,,,Private Non-Financial Corporations,,1510896,1394684,₹ Crore
2011-12,Current,2014-15,Gross Fixed Capital Formation,Annual,First Revised Estimates,,,Public Financial Corporations,,14203,13410,₹ Crore
2011-12,Current,2014-15,Gross Fixed Capital Formation,Annual,First Revised Estimates,,,Private Financial Corporations,,27076,24886,₹ Crore
2011-12,Current,2014-15,Gross Fixed Capital Formation,Annual,First Revised Estimates,,,General Government,,521790,457468,₹ Crore
2011-12,Current,2014-15,Gross Fixed Capital Formation,Annual,First Revised Estimates,,,Household Sector,,1369716,1164800,₹ Crore
2011-12,Current,2014-15,Gross Fixed Capital Formation,Annual,First Revised Estimates,,,Total Gross Fixed Capital Formation,,3844366,3408251,₹ Crore
2011-12,Current,2014-15,Gross Fixed Capital Formation,Annual,Second Revised Estimates,,,Public Non-Financial Corporations,,379096.38511015975,333883.19305871153,₹ Crore
2011-12,Current,2014-15,Gross Fixed Capital Formation,Annual,Second Revised Estimates,,,Private Non-Financial Corporations,,1335222.618721821,1231213.922388364,₹ Crore
2011-12,Current,2014-15,Gross Fixed Capital Formation,Annual,Second Revised Estimates,,,Public Financial Corporations,,14602.280114,13776.134092547854,₹ Crore
2011-12,Current,2014-15,Gross Fixed Capital Formation,Annual,Second Revised Estimates,,,Private Financial Corporations,,26372.08767224567,24230.2224170236,₹ Crore
2011-12,Current,2014-15,Gross Fixed Capital Formation,Annual,Second Revised Estimates,,,General Government,,439526.1272137,385276.64800101274,₹ Crore
2011-12,Current,2014-15,Gross Fixed Capital Formation,Annual,Second Revised Estimates,,,Household Sector,,1567657.6561679859,1343476.899117222,₹ Crore
2011-12,Current,2014-15,Gross Fixed Capital Formation,Annual,Second Revised Estimates,,,Total Gross Fixed Capital Formation,,3762477.1549999123,3331857.019074882,₹ Crore
2011-12,Current,2014-15,Gross Fixed Capital Formation,Annual,Third Revised Estimates,,,Public Non-Financial Corporations,,418799.3278403849,366333.0153802991,₹ Crore
2011-12,Current,2014-15,Gross Fixed Capital Formation,Annual,Third Revised Estimates,,,Private Non-Financial Corporations,,1345215.3438059087,1188970.6607838694,₹ Crore
2011-12,Current,2014-15,Gross Fixed Capital Formation,Annual,Third Revised Estimates,,,Public Financial Corporations,,11677.813714,10617.972910956227,₹ Crore
2011-12,Current,2014-15,Gross Fixed Capital Formation,Annual,Third Revised Estimates,,,Private Financial Corporations,,29085.38970474217,25663.320411931003,₹ Crore
2011-12,Current,2014-15,Gross Fixed Capital Formation,Annual,Third Revised Estimates,,,General Government,,442004.8473,387197.597055666,₹ Crore
2011-12,Current,2014-15,Gross Fixed Capital Formation,Annual,Third Revised Estimates,,,Household Sector,,1503608.98923849,1299313.5288252304,₹ Crore
2011-12,Current,2014-15,Gross Fixed Capital Formation,Annual,Third Revised Estimates,,,Total Gross Fixed Capital Formation,,3750391.7116035256,3278096.0953679522,₹ Crore
2011-12,Current,2013-14,Gross Fixed Capital Formation,Annual,Second Revised Estimates,,,Public Non-Financial Corporations,,382335,345801,₹ Crore
2011-12,Current,2013-14,Gross Fixed Capital Formation,Annual,Second Revised Estimates,,,Private Non-Financial Corporations,,1293774,1224309,₹ Crore
2011-12,Current,2013-14,Gross Fixed Capital Formation,Annual,Second Revised Estimates,,,Public Financial Corporations,,12293,11768,₹ Crore
2011-12,Current,2013-14,Gross Fixed Capital Formation,Annual,Second Revised Estimates,,,Private Financial Corporations,,25324,23861,₹ Crore
2011-12,Current,2013-14,Gross Fixed Capital Formation,Annual,Second Revised Estimates,,,General Government,,400360,362037,₹ Crore
2011-12,Current,2013-14,Gross Fixed Capital Formation,Annual,Second Revised Estimates,,,Household Sector,,1450234,1282763,₹ Crore
2011-12,Current,2013-14,Gross Fixed Capital Formation,Annual,Second Revised Estimates,,,Total Gross Fixed Capital Formation,,3564320,3250539,₹ Crore
2011-12,Current,2013-14,Gross Fixed Capital Formation,Annual,Third Revised Estimates,,,Public Non-Financial Corporations,,386840.03770394437,349856.62143668183,₹ Crore
2011-12,Current,2013-14,Gross Fixed Capital Formation,Annual,Third Revised Estimates,,,Private Non-Financial Corporations,,1286275.8292487427,1217563.9093557124,₹ Crore
2011-12,Current,2013-14,Gross Fixed Capital Formation,Annual,Third Revised Estimates,,,Public Financial Corporations,,13489.081,12879.282764416812,₹ Crore
2011-12,Current,2013-14,Gross Fixed Capital Formation,Annual,Third Revised Estimates,,,Private Financial Corporations,,26070.390320905768,24600.755391588646,₹ Crore
2011-12,Current,2013-14,Gross Fixed Capital Formation,Annual,Third Revised Estimates,,,General Government,,396620.77721370006,358173.7656646456,₹ Crore
2011-12,Current,2013-14,Gross Fixed Capital Formation,Annual,Third Revised Estimates,,,Household Sector,,1401806.2546358148,1237444.9225916085,₹ Crore
2011-12,Current,2013-14,Gross Fixed Capital Formation,Annual,Third Revised Estimates,,,Total Gross Fixed Capital Formation,,3511102.370123108,3200519.2572046537,₹ Crore
2011-12,Current,2013-14,Gross Fixed Capital Formation,Annual,Additional Revision,,,Public Non-Financial Corporations,,386840.03770394437,350209.7982307578,₹ Crore
2011-12,Current,2013-14,Gross Fixed Capital Formation,Annual,Additional Revision,,,Private Non-Financial Corporations,,1286361.524459384,1214385.2150150756,₹ Crore
2011-12,Current,2013-14,Gross Fixed Capital Formation,Annual,Additional Revision,,,Public Financial Corporations,,13489.081,12523.44750811984,₹ Crore
2011-12,Current,2013-14,Gross Fixed Capital Formation,Annual,Additional Revision,,,Private Financial Corporations,,26182.12542722699,24291.652108114737,₹ Crore
2011-12,Current,2013-14,Gross Fixed Capital Formation,Annual,Additional Revision,,,General Government,,396620.77721370006,354916.08170962706,₹ Crore
2011-12,Current,2013-14,Gross Fixed Capital Formation,Annual,Additional Revision,,,Household Sector,,1406127.0059689432,1238598.1154551792,₹ Crore
2011-12,Current,2013-14,Gross Fixed Capital Formation,Annual,Additional Revision,,,Total Gross Fixed Capital Formation,,3515620.5517731984,3194924.3100268743,₹ Crore
2011-12,Current,2012-13,Gross Fixed Capital Formation,Annual,Second Revised Estimates,,,Public Non-Financial Corporations,,349014,330231,₹ Crore
2011-12,Current,2012-13,Gross Fixed Capital Formation,Annual,Second Revised Estimates,,,Private Non-Financial Corporations,,1146931,1107098,₹ Crore
2011-12,Current,2012-13,Gross Fixed Capital Formation,Annual,Second Revised Estimates,,,Public Financial Corporations,,9857,9621,₹ Crore
2011-12,Current,2012-13,Gross Fixed Capital Formation,Annual,Second Revised Estimates,,,Private Financial Corporations,,23527,22673,₹ Crore
2011-12,Current,2012-13,Gross Fixed Capital Formation,Annual,Second Revised Estimates,,,General Government,,338737,317812,₹ Crore
2011-12,Current,2012-13,Gross Fixed Capital Formation,Annual,Second Revised Estimates,,,Household Sector,,1453347,1356097,₹ Crore
2011-12,Current,2012-13,Gross Fixed Capital Formation,Annual,Second Revised Estimates,,,Total Gross Fixed Capital Formation,,3321413,3143531,₹ Crore
2011-12,Current,2012-13,Gross Fixed Capital Formation,Annual,Third Revised Estimates,,,Public Non-Financial Corporations,,348900.54390000005,330126.15649508877,₹ Crore
2011-12,Current,2012-13,Gross Fixed Capital Formation,Annual,Third Revised Estimates,,,Private Non-Financial Corporations,,1146933.9848349912,1107100.7798654763,₹ Crore
2011-12,Current,2012-13,Gross Fixed Capital Formation,Annual,Third Revised Estimates,,,Public Financial Corporations,,9857.130000000001,9620.703931025932,₹ Crore
2011-12,Current,2012-13,Gross Fixed Capital Formation,Annual,Third Revised Estimates,,,Private Financial Corporations,,23535.594262165047,22680.619160278773,₹ Crore
2011-12,Current,2012-13,Gross Fixed Capital Formation,Annual,Third Revised Estimates,,,General Government,,339272.8910322,318371.1812743592,₹ Crore
2011-12,Current,2012-13,Gross Fixed Capital Formation,Annual,Third Revised Estimates,,,Household Sector,,1452146.710586923,1354949.4197352736,₹ Crore
2011-12,Current,2012-13,Gross Fixed Capital Formation,Annual,Third Revised Estimates,,,Total Gross Fixed Capital Formation,,3320646.8546162792,3142848.8604615023,₹ Crore
2011-12,Current,2012-13,Gross Fixed Capital Formation,Annual,Additional Revision,,,Public Non-Financial Corporations,,348900.54390000005,329269.2149514028,₹ Crore
2011-12,Current,2012-13,Gross Fixed Capital Formation,Annual,Additional Revision,,,Private Non-Financial Corporations,,1148816.9320223494,1113765.5341440984,₹ Crore
2011-12,Current,2012-13,Gross Fixed Capital Formation,Annual,Additional Revision,,,Public Financial Corporations,,9857.130000000001,9462.2867596867,₹ Crore
2011-12,Current,2012-13,Gross Fixed Capital Formation,Annual,Additional Revision,,,Private Financial Corporations,,23553.569998456023,22681.66303178609,₹ Crore
2011-12,Current,2012-13,Gross Fixed Capital Formation,Annual,Additional Revision,,,General Government,,339272.8910322,316600.19945753535,₹ Crore
2011-12,Current,2012-13,Gross Fixed Capital Formation,Annual,Additional Revision,,,Household Sector,,1454572.0640126187,1354014.296464233,₹ Crore
2011-12,Current,2012-13,Gross Fixed Capital Formation,Annual,Additional Revision,,,Total Gross Fixed Capital Formation,,3324973.130965624,3145793.194808742,₹ Crore
2011-12,Current,2011-12,Gross Fixed Capital Formation,Annual,Second Revised Estimates,,,Public Non-Financial Corporations,,328529,328529,₹ Crore
2011-12,Current,2011-12,Gross Fixed Capital Formation,Annual,Second Revised Estimates,,,Private Non-Financial Corporations,,958412,958412,₹ Crore
2011-12,Current,2011-12,Gross Fixed Capital Formation,Annual,Second Revised Estimates,,,Public Financial Corporations,,8428,8428,₹ Crore
2011-12,Current,2011-12,Gross Fixed Capital Formation,Annual,Second Revised Estimates,,,Private Financial Corporations,,22467,22467,₹ Crore
2011-12,Current,2011-12,Gross Fixed Capital Formation,Annual,Second Revised Estimates,,,General Government,,304303,304303,₹ Crore
2011-12,Current,2011-12,Gross Fixed Capital Formation,Annual,Second Revised Estimates,,,Household Sector,,1375480,1375480,₹ Crore
2011-12,Current,2011-12,Gross Fixed Capital Formation,Annual,Second Revised Estimates,,,Total Gross Fixed Capital Formation,,2997619,2997619,₹ Crore
2011-12,Current,2011-12,Gross Fixed Capital Formation,Annual,Additional Revision,,,Public Non-Financial Corporations,,328528.8017603191,328528.8017603191,₹ Crore
2011-12,Current,2011-12,Gross Fixed Capital Formation,Annual,Additional Revision,,,Private Non-Financial Corporations,,958412.221339365,958412.221339365,₹ Crore
2011-12,Current,2011-12,Gross Fixed Capital Formation,Annual,Additional Revision,,,Public Financial Corporations,,8428.259999999998,8428.259999999998,₹ Crore
2011-12,Current,2011-12,Gross Fixed Capital Formation,Annual,Additional Revision,,,Private Financial Corporations,,22467.00879633773,22467.00879633773,₹ Crore
2011-12,Current,2011-12,Gross Fixed Capital Formation,Annual,Additional Revision,,,General Government,,304303.31999999995,304303.31999999995,₹ Crore
2011-12,Current,2011-12,Gross Fixed Capital Formation,Annual,Additional Revision,,,Household Sector,,1375593.2584812862,1375593.2584812862,₹ Crore
2011-12,Current,2011-12,Gross Fixed Capital Formation,Annual,Additional Revision,,,Total Gross Fixed Capital Formation,,2997732.8703773078,2997732.8703773078,₹ Crore
2011-12,Current,2025-26,Gross Value Added,Quarterly,,"Agriculture, Livestock, Forestry and Fishing",,,Q2,1055598.282,492623.4729,₹ Crore
2011-12,Current,2025-26,Gross Value Added,Quarterly,,"Agriculture, Livestock, Forestry and Fishing",,,Q1,1199589.386,568374.3511,₹ Crore
2011-12,Current,2025-26,Gross Value Added,Quarterly,,Mining and Quarrying,,,Q1,135820.7217,87326.6797,₹ Crore
2011-12,Current,2025-26,Gross Value Added,Quarterly,,Mining and Quarrying,,,Q2,101993.3227,64878.0231,₹ Crore
2011-12,Current,2025-26,Gross Value Added,Quarterly,,Manufacturing,,,Q1,1091966.507,761394.1208,₹ Crore
2011-12,Current,2025-26,Gross Value Added,Quarterly,,Manufacturing,,,Q2,1128529.366,786670.1542,₹ Crore
2011-12,Current,2025-26,Gross Value Added,Quarterly,,"Electricity, Gas, Water Supply & Other Utility Services",,,Q2,199237.339,107518.7409,₹ Crore
2011-12,Current,2025-26,Gross Value Added,Quarterly,,"Electricity, Gas, Water Supply & Other Utility Services",,,Q1,203869.9635,106470.2055,₹ Crore
2011-12,Current,2025-26,Gross Value Added,Quarterly,,Construction,,,Q1,677203.3012,398031.571,₹ Crore
2011-12,Current,2025-26,Gross Value Added,Quarterly,,Construction,,,Q2,619385.158,373634.2758,₹ Crore
2011-12,Current,2025-26,Gross Value Added,Quarterly,,"Trade, Hotels, Transport, Communication & Services Related to Broadcasting",,,Q2,1338787.46,813369.0304,₹ Crore
2011-12,Current,2025-26,Gross Value Added,Quarterly,,"Trade, Hotels, Transport, Communication & Services Related to Broadcasting",,,Q1,1227932.108,748348.2787,₹ Crore
2011-12,Current,2025-26,Gross Value Added,Quarterly,,"Financial, Real Estate & Professional Services",,,Q1,2070505.376,1232476.169,₹ Crore
2011-12,Current,2025-26,Gross Value Added,Quarterly,,"Financial, Real Estate & Professional Services",,,Q2,2091052.378,1237877.367,₹ Crore
2011-12,Current,2025-26,Gross Value Added,Quarterly,,"Public Administration, Defence & Other Services",,,Q2,1234790.784,600342.6721,₹ Crore
2011-12,Current,2025-26,Gross Value Added,Quarterly,,"Public Administration, Defence & Other Services",,,Q1,1217789.675,561412.9983,₹ Crore
2011-12,Current,2025-26,Gross Value Added,Quarterly,,Total Gross Value Added,,,Q1,7824677.038,4463834.374,₹ Crore
2011-12,Current,2025-26,Gross Value Added,Quarterly,,Total Gross Value Added,,,Q2,7769374.089,4476913.737,₹ Crore
2011-12,Current,2024-25,Gross Value Added,Quarterly,,"Agriculture, Livestock, Forestry and Fishing",,,Q2,1037226.9510950813,475765.10162516864,₹ Crore
2011-12,Current,2024-25,Gross Value Added,Quarterly,,"Agriculture, Livestock, Forestry and Fishing",,,Q4,1428557.4447434153,677388.6510908292,₹ Crore
2011-12,Current,2024-25,Gross Value Added,Quarterly,,"Agriculture, Livestock, Forestry and Fishing",,,Q1,1162510.3180965886,547919.0665020358,₹ Crore
2011-12,Current,2024-25,Gross Value Added,Quarterly,,"Agriculture, Livestock, Forestry and Fishing",,,Q3,1756996.1298551173,775732.1705844991,₹ Crore
2011-12,Current,2024-25,Gross Value Added,Quarterly,,Mining and Quarrying,,,Q3,124079.90518035862,82487.70455737248,₹ Crore
2011-12,Current,2024-25,Gross Value Added,Quarterly,,Mining and Quarrying,,,Q1,151096.20364965382,90145.64571059695,₹ Crore
2011-12,Current,2024-25,Gross Value Added,Quarterly,,Mining and Quarrying,,,Q4,159013.96970918798,101349.42780076367,₹ Crore
2011-12,Current,2024-25,Gross Value Added,Quarterly,,Mining and Quarrying,,,Q2,106597.46353800992,64901.20491405429,₹ Crore
2011-12,Current,2024-25,Gross Value Added,Quarterly,,Manufacturing,,,Q2,1010479.5769156265,720845.5848381268,₹ Crore
2011-12,Current,2024-25,Gross Value Added,Quarterly,,Manufacturing,,,Q1,991484.7088555002,706797.596264863,₹ Crore
2011-12,Current,2024-25,Gross Value Added,Quarterly,,Manufacturing,,,Q4,1182318.8325235466,829954.9128460251,₹ Crore
2011-12,Current,2024-25,Gross Value Added,Quarterly,,Manufacturing,,,Q3,985135.5943219336,696048.5760246525,₹ Crore
2011-12,Current,2024-25,Gross Value Added,Quarterly,,"Electricity, Gas, Water Supply & Other Utility Services",,,Q3,201695.83240389547,96300.76870532782,₹ Crore
2011-12,Current,2024-25,Gross Value Added,Quarterly,,"Electricity, Gas, Water Supply & Other Utility Services",,,Q1,199747.3410110948,105981.43238222267,₹ Crore
2011-12,Current,2024-25,Gross Value Added,Quarterly,,"Electricity, Gas, Water Supply & Other Utility Services",,,Q2,192041.85193748586,102969.94128878057,₹ Crore
2011-12,Current,2024-25,Gross Value Added,Quarterly,,"Electricity, Gas, Water Supply & Other Utility Services",,,Q4,213489.23668669062,100043.79609677206,₹ Crore
2011-12,Current,2024-25,Gross Value Added,Quarterly,,Construction,,,Q3,644860.528337757,389989.7234659375,₹ Crore
2011-12,Current,2024-25,Gross Value Added,Quarterly,,Construction,,,Q4,770742.8073740192,463640.7968346221,₹ Crore
2011-12,Current,2024-25,Gross Value Added,Quarterly,,Construction,,,Q2,579349.1997928761,348600.65910128783,₹ Crore
2011-12,Current,2024-25,Gross Value Added,Quarterly,,Construction,,,Q1,632056.4956119822,370054.126728226,₹ Crore
2011-12,Current,2024-25,Gross Value Added,Quarterly,,"Trade, Hotels, Transport, Communication & Services Related to Broadcasting",,,Q4,1506986.0495759319,906399.7482371067,₹ Crore
2011-12,Current,2024-25,Gross Value Added,Quarterly,,"Trade, Hotels, Transport, Communication & Services Related to Broadcasting",,,Q1,1122647.617210229,689171.8088082066,₹ Crore
2011-12,Current,2024-25,Gross Value Added,Quarterly,,"Trade, Hotels, Transport, Communication & Services Related to Broadcasting",,,Q3,1374355.1148525602,823932.5878472375,₹ Crore
2011-12,Current,2024-25,Gross Value Added,Quarterly,,"Trade, Hotels, Transport, Communication & Services Related to Broadcasting",,,Q2,1253407.283154626,757325.6961878648,₹ Crore
2011-12,Current,2024-25,Gross Value Added,Quarterly,,"Financial, Real Estate & Professional Services",,,Q2,1874942.8501426124,1122889.946489889,₹ Crore
2011-12,Current,2024-25,Gross Value Added,Quarterly,,"Financial, Real Estate & Professional Services",,,Q1,1864811.50927461,1125793.2539641075,₹ Crore
2011-12,Current,2024-25,Gross Value Added,Quarterly,,"Financial, Real Estate & Professional Services",,,Q3,1551029.7118993113,904524.372204004,₹ Crore
2011-12,Current,2024-25,Gross Value Added,Quarterly,,"Financial, Real Estate & Professional Services",,,Q4,1591081.9674488194,934864.0234026192,₹ Crore
2011-12,Current,2024-25,Gross Value Added,Quarterly,,"Public Administration, Defence & Other Services",,,Q2,1090637.5863773287,547307.6574041008,₹ Crore
2011-12,Current,2024-25,Gross Value Added,Quarterly,,"Public Administration, Defence & Other Services",,,Q3,1098113.5763947912,554469.9108374249,₹ Crore
2011-12,Current,2024-25,Gross Value Added,Quarterly,,"Public Administration, Defence & Other Services",,,Q1,1070312.354500901,511467.8577541966,₹ Crore
2011-12,Current,2024-25,Gross Value Added,Quarterly,,"Public Administration, Defence & Other Services",,,Q4,1094226.7749200477,562382.4604033309,₹ Crore
2011-12,Current,2024-25,Gross Value Added,Quarterly,,Total Gross Value Added,,,Q1,7194666.54821056,4147330.788114455,₹ Crore
2011-12,Current,2024-25,Gross Value Added,Quarterly,,Total Gross Value Added,,,Q4,7946417.082981659,4576023.816712069,₹ Crore
2011-12,Current,2024-25,Gross Value Added,Quarterly,,Total Gross Value Added,,,Q3,7736266.393245725,4323485.814226456,₹ Crore
2011-12,Current,2024-25,Gross Value Added,Quarterly,,Total Gross Value Added,,,Q2,7144682.7629536465,4140605.791849273,₹ Crore
2011-12,Current,2023-24,Gross Value Added,Quarterly,,"Agriculture, Livestock, Forestry and Fishing",,,Q2,963834.9713743881,456997.7427181243,₹ Crore
2011-12,Current,2023-24,Gross Value Added,Quarterly,,"Agriculture, Livestock, Forestry and Fishing",,,Q4,1314228.8969725652,642854.6913834112,₹ Crore
2011-12,Current,2023-24,Gross Value Added,Quarterly,,"Agriculture, Livestock, Forestry and Fishing",,,Q1,1081545.3140144877,540008.1148310513,₹ Crore
2011-12,Current,2023-24,Gross Value Added,Quarterly,,"Agriculture, Livestock, Forestry and Fishing",,,Q3,1518258.1061225864,727425.965666001,₹ Crore
2011-12,Current,2023-24,Gross Value Added,Quarterly,,Mining and Quarrying,,,Q1,135110.5504163508,84526.20761997957,₹ Crore
2011-12,Current,2023-24,Gross Value Added,Quarterly,,Mining and Quarrying,,,Q4,159133.4959461879,98835.71719207415,₹ Crore
2011-12,Current,2023-24,Gross Value Added,Quarterly,,Mining and Quarrying,,,Q3,129613.59456071524,81455.16137184753,₹ Crore
2011-12,Current,2023-24,Gross Value Added,Quarterly,,Mining and Quarrying,,,Q2,108485.14765824052,65190.31585898458,₹ Crore
2011-12,Current,2023-24,Gross Value Added,Quarterly,,Manufacturing,,,Q2,977712.3786008813,705592.3202017155,₹ Crore
2011-12,Current,2023-24,Gross Value Added,Quarterly,,Manufacturing,,,Q4,1096363.2358719404,791594.8641400503,₹ Crore
2011-12,Current,2023-24,Gross Value Added,Quarterly,,Manufacturing,,,Q3,932700.7492410704,671826.3209406345,₹ Crore
2011-12,Current,2023-24,Gross Value Added,Quarterly,,Manufacturing,,,Q1,914819.5088350931,656921.8048529758,₹ Crore
2011-12,Current,2023-24,Gross Value Added,Quarterly,,"Electricity, Gas, Water Supply & Other Utility Services",,,Q1,186449.21427785157,96203.00372246136,₹ Crore
2011-12,Current,2023-24,Gross Value Added,Quarterly,,"Electricity, Gas, Water Supply & Other Utility Services",,,Q2,187449.85145547165,100019.18474370582,₹ Crore
2011-12,Current,2023-24,Gross Value Added,Quarterly,,"Electricity, Gas, Water Supply & Other Utility Services",,,Q3,191820.9874190332,91643.09413158143,₹ Crore
2011-12,Current,2023-24,Gross Value Added,Quarterly,,"Electricity, Gas, Water Supply & Other Utility Services",,,Q4,200715.37099216788,94910.62292932426,₹ Crore
2011-12,Current,2023-24,Gross Value Added,Quarterly,,Construction,,,Q1,568966.5954336226,336111.8425308692,₹ Crore
2011-12,Current,2023-24,Gross Value Added,Quarterly,,Construction,,,Q4,695298.0837023396,418570.33151197986,₹ Crore
2011-12,Current,2023-24,Gross Value Added,Quarterly,,Construction,,,Q3,601124.6429389452,361417.9537750683,₹ Crore
2011-12,Current,2023-24,Gross Value Added,Quarterly,,Construction,,,Q2,536228.9942322256,321687.97599681554,₹ Crore
2011-12,Current,2023-24,Gross Value Added,Quarterly,,"Trade, Hotels, Transport, Communication & Services Related to Broadcasting",,,Q4,1382499.2414142978,854853.0403350309,₹ Crore
2011-12,Current,2023-24,Gross Value Added,Quarterly,,"Trade, Hotels, Transport, Communication & Services Related to Broadcasting",,,Q3,1249914.8900109516,772070.9003431117,₹ Crore
2011-12,Current,2023-24,Gross Value Added,Quarterly,,"Trade, Hotels, Transport, Communication & Services Related to Broadcasting",,,Q2,1153822.5556904157,713764.5479551598,₹ Crore
2011-12,Current,2023-24,Gross Value Added,Quarterly,,"Trade, Hotels, Transport, Communication & Services Related to Broadcasting",,,Q1,1042268.444907719,653847.4967575078,₹ Crore
2011-12,Current,2023-24,Gross Value Added,Quarterly,,"Financial, Real Estate & Professional Services",,,Q3,1402130.7854750808,844745.1007670301,₹ Crore
2011-12,Current,2023-24,Gross Value Added,Quarterly,,"Financial, Real Estate & Professional Services",,,Q2,1706883.4872980665,1047186.6135720322,₹ Crore
2011-12,Current,2023-24,Gross Value Added,Quarterly,,"Financial, Real Estate & Professional Services",,,Q4,1434780.7295178822,866997.8044104461,₹ Crore
2011-12,Current,2023-24,Gross Value Added,Quarterly,,"Financial, Real Estate & Professional Services",,,Q1,1700358.1687953752,1055656.9552476,₹ Crore
2011-12,Current,2023-24,Gross Value Added,Quarterly,,"Public Administration, Defence & Other Services",,,Q2,965711.7540218002,502752.165609987,₹ Crore
2011-12,Current,2023-24,Gross Value Added,Quarterly,,"Public Administration, Defence & Other Services",,,Q3,964726.6776517909,509292.13590062683,₹ Crore
2011-12,Current,2023-24,Gross Value Added,Quarterly,,"Public Administration, Defence & Other Services",,,Q4,967897.6299903642,517340.10145017656,₹ Crore
2011-12,Current,2023-24,Gross Value Added,Quarterly,,"Public Administration, Defence & Other Services",,,Q1,942034.0261218476,469176.4065409176,₹ Crore
2011-12,Current,2023-24,Gross Value Added,Quarterly,,Total Gross Value Added,,,Q1,6571551.822802347,3892451.832103363,₹ Crore
2011-12,Current,2023-24,Gross Value Added,Quarterly,,Total Gross Value Added,,,Q4,7250916.6844077455,4285957.173352493,₹ Crore
2011-12,Current,2023-24,Gross Value Added,Quarterly,,Total Gross Value Added,,,Q2,6600129.140331489,3913190.866656525,₹ Crore
2011-12,Current,2023-24,Gross Value Added,Quarterly,,Total Gross Value Added,,,Q3,6990290.433420174,4059876.632895902,₹ Crore
2011-12,Current,2022-23,Gross Value Added,Quarterly,,"Agriculture, Livestock, Forestry and Fishing",,,Q4,1217587.4956082706,637391.6949259315,₹ Crore
2011-12,Current,2022-23,Gross Value Added,Quarterly,,"Agriculture, Livestock, Forestry and Fishing",,,Q1,990560.1069756479,510890.23467308073,₹ Crore
2011-12,Current,2022-23,Gross Value Added,Quarterly,,"Agriculture, Livestock, Forestry and Fishing",,,Q2,856948.2693910153,440718.48248453607,₹ Crore
2011-12,Current,2022-23,Gross Value Added,Quarterly,,"Agriculture, Livestock, Forestry and Fishing",,,Q3,1384236.5677136024,716977.209377054,₹ Crore
2011-12,Current,2022-23,Gross Value Added,Quarterly,,Mining and Quarrying,,,Q4,151111.92150342546,98048.03356057209,₹ Crore
2011-12,Current,2022-23,Gross Value Added,Quarterly,,Mining and Quarrying,,,Q3,123159.0224252202,77825.91362900755,₹ Crore
2011-12,Current,2022-23,Gross Value Added,Quarterly,,Mining and Quarrying,,,Q1,134838.2169637613,81221.7145465175,₹ Crore
2011-12,Current,2022-23,Gross Value Added,Quarterly,,Mining and Quarrying,,,Q2,101572.91243774722,62637.822197849324,₹ Crore
2011-12,Current,2022-23,Gross Value Added,Quarterly,,Manufacturing,,,Q4,991647.459418874,711402.3582042353,₹ Crore
2011-12,Current,2022-23,Gross Value Added,Quarterly,,Manufacturing,,,Q3,821394.4899351308,589265.2987159563,₹ Crore
2011-12,Current,2022-23,Gross Value Added,Quarterly,,Manufacturing,,,Q2,849407.3111852567,603249.6183762092,₹ Crore
2011-12,Current,2022-23,Gross Value Added,Quarterly,,Manufacturing,,,Q1,872417.2538774624,612446.3848729782,₹ Crore
2011-12,Current,2022-23,Gross Value Added,Quarterly,,"Electricity, Gas, Water Supply & Other Utility Services",,,Q2,148389.20812695933,89516.32492184416,₹ Crore
2011-12,Current,2022-23,Gross Value Added,Quarterly,,"Electricity, Gas, Water Supply & Other Utility Services",,,Q3,157295.33340566943,83214.69465889261,₹ Crore
2011-12,Current,2022-23,Gross Value Added,Quarterly,,"Electricity, Gas, Water Supply & Other Utility Services",,,Q4,160978.2373424393,87222.6280828388,₹ Crore
2011-12,Current,2022-23,Gross Value Added,Quarterly,,"Electricity, Gas, Water Supply & Other Utility Services",,,Q1,142404.7213948385,92377.40992628767,₹ Crore
2011-12,Current,2022-23,Gross Value Added,Quarterly,,Construction,,,Q2,467522.66794795915,280755.2879554749,₹ Crore
2011-12,Current,2022-23,Gross Value Added,Quarterly,,Construction,,,Q4,636942.2718445277,385228.5282356269,₹ Crore
2011-12,Current,2022-23,Gross Value Added,Quarterly,,Construction,,,Q1,528948.0405615544,307843.1554016684,₹ Crore
2011-12,Current,2022-23,Gross Value Added,Quarterly,,Construction,,,Q3,537988.2020381695,328418.32434830326,₹ Crore
2011-12,Current,2022-23,Gross Value Added,Quarterly,,"Trade, Hotels, Transport, Communication & Services Related to Broadcasting",,,Q3,1127861.824795426,714577.521019815,₹ Crore
2011-12,Current,2022-23,Gross Value Added,Quarterly,,"Trade, Hotels, Transport, Communication & Services Related to Broadcasting",,,Q4,1266120.5971953028,805114.0113544237,₹ Crore
2011-12,Current,2022-23,Gross Value Added,Quarterly,,"Trade, Hotels, Transport, Communication & Services Related to Broadcasting",,,Q1,942413.7832366846,588836.9418987974,₹ Crore
2011-12,Current,2022-23,Gross Value Added,Quarterly,,"Trade, Hotels, Transport, Communication & Services Related to Broadcasting",,,Q2,1075611.4036957687,677211.7645248901,₹ Crore
2011-12,Current,2022-23,Gross Value Added,Quarterly,,"Financial, Real Estate & Professional Services",,,Q3,1268007.0081096296,779145.560736482,₹ Crore
2011-12,Current,2022-23,Gross Value Added,Quarterly,,"Financial, Real Estate & Professional Services",,,Q2,1556236.8363592823,967000.9249283479,₹ Crore
2011-12,Current,2022-23,Gross Value Added,Quarterly,,"Financial, Real Estate & Professional Services",,,Q4,1295590.3876025048,795386.6348026916,₹ Crore
2011-12,Current,2022-23,Gross Value Added,Quarterly,,"Financial, Real Estate & Professional Services",,,Q1,1480604.8817718008,917743.4620974452,₹ Crore
2011-12,Current,2022-23,Gross Value Added,Quarterly,,"Public Administration, Defence & Other Services",,,Q4,850138.9688260425,475720.9141525221,₹ Crore
2011-12,Current,2022-23,Gross Value Added,Quarterly,,"Public Administration, Defence & Other Services",,,Q2,839539.5974544312,461648.16348482145,₹ Crore
2011-12,Current,2022-23,Gross Value Added,Quarterly,,"Public Administration, Defence & Other Services",,,Q3,847380.7745456449,469755.74055376946,₹ Crore
2011-12,Current,2022-23,Gross Value Added,Quarterly,,"Public Administration, Defence & Other Services",,,Q1,821841.9304508201,429235.50039967045,₹ Crore
2011-12,Current,2022-23,Gross Value Added,Quarterly,,Total Gross Value Added,,,Q1,5914028.93523257,3540594.8038164456,₹ Crore
2011-12,Current,2022-23,Gross Value Added,Quarterly,,Total Gross Value Added,,,Q4,6570117.339341387,3995514.803318842,₹ Crore
2011-12,Current,2022-23,Gross Value Added,Quarterly,,Total Gross Value Added,,,Q2,5895228.20659842,3582738.3888739734,₹ Crore
2011-12,Current,2022-23,Gross Value Added,Quarterly,,Total Gross Value Added,,,Q3,6267323.222968493,3759180.2630392797,₹ Crore
2011-12,Current,2021-22,Gross Value Added,Quarterly,,"Agriculture, Livestock, Forestry and Fishing",,,Q1,878996.70247123,489819.8049326781,₹ Crore
2011-12,Current,2021-22,Gross Value Added,Quarterly,,"Agriculture, Livestock, Forestry and Fishing",,,Q4,1126186.777838604,582829.1940910593,₹ Crore
2011-12,Current,2021-22,Gross Value Added,Quarterly,,"Agriculture, Livestock, Forestry and Fishing",,,Q3,1318892.0856393576,673640.0041336215,₹ Crore
2011-12,Current,2021-22,Gross Value Added,Quarterly,,"Agriculture, Livestock, Forestry and Fishing",,,Q2,775397.0119667387,423817.45561532484,₹ Crore
2011-12,Current,2021-22,Gross Value Added,Quarterly,,Mining and Quarrying,,,Q1,92691.83430810062,74996.75851497111,₹ Crore
2011-12,Current,2021-22,Gross Value Added,Quarterly,,Mining and Quarrying,,,Q2,85841.50268977266,64735.17632220859,₹ Crore
2011-12,Current,2021-22,Gross Value Added,Quarterly,,Mining and Quarrying,,,Q4,149601.5578094754,93706.67025216712,₹ Crore
2011-12,Current,2021-22,Gross Value Added,Quarterly,,Mining and Quarrying,,,Q3,111204.29679307532,75837.45393900052,₹ Crore
2011-12,Current,2021-22,Gross Value Added,Quarterly,,Manufacturing,,,Q4,958253.149149533,701024.1695465236,₹ Crore
2011-12,Current,2021-22,Gross Value Added,Quarterly,,Manufacturing,,,Q1,765969.5149098824,596514.552468335,₹ Crore
2011-12,Current,2021-22,Gross Value Added,Quarterly,,Manufacturing,,,Q3,822768.8188268817,615672.909159737,₹ Crore
2011-12,Current,2021-22,Gross Value Added,Quarterly,,Manufacturing,,,Q2,845613.3120911766,647821.4805138556,₹ Crore
2011-12,Current,2021-22,Gross Value Added,Quarterly,,"Electricity, Gas, Water Supply & Other Utility Services",,,Q1,128254.80702080688,78875.80090305845,₹ Crore
2011-12,Current,2021-22,Gross Value Added,Quarterly,,"Electricity, Gas, Water Supply & Other Utility Services",,,Q3,150050.37741561126,75733.75953207946,₹ Crore
2011-12,Current,2021-22,Gross Value Added,Quarterly,,"Electricity, Gas, Water Supply & Other Utility Services",,,Q4,161687.24937889978,80302.95522540786,₹ Crore
2011-12,Current,2021-22,Gross Value Added,Quarterly,,"Electricity, Gas, Water Supply & Other Utility Services",,,Q2,137800.13569736935,83053.68008864585,₹ Crore
2011-12,Current,2021-22,Gross Value Added,Quarterly,,Construction,,,Q3,467708.27472280053,301090.23606232455,₹ Crore
2011-12,Current,2021-22,Gross Value Added,Quarterly,,Construction,,,Q4,575506.7574504217,359818.9069941395,₹ Crore
2011-12,Current,2021-22,Gross Value Added,Quarterly,,Construction,,,Q2,396441.740625981,263793.6050531814,₹ Crore
2011-12,Current,2021-22,Gross Value Added,Quarterly,,Construction,,,Q1,396017.7231426314,268829.3672410995,₹ Crore
2011-12,Current,2021-22,Gross Value Added,Quarterly,,"Trade, Hotels, Transport, Communication & Services Related to Broadcasting",,,Q1,678698.0194461338,481677.41456095094,₹ Crore
2011-12,Current,2021-22,Gross Value Added,Quarterly,,"Trade, Hotels, Transport, Communication & Services Related to Broadcasting",,,Q2,860550.8487576181,598187.0747800256,₹ Crore
2011-12,Current,2021-22,Gross Value Added,Quarterly,,"Trade, Hotels, Transport, Communication & Services Related to Broadcasting",,,Q4,1157932.1977608274,749006.1602717731,₹ Crore
2011-12,Current,2021-22,Gross Value Added,Quarterly,,"Trade, Hotels, Transport, Communication & Services Related to Broadcasting",,,Q3,977736.9557873532,651509.6143963893,₹ Crore
2011-12,Current,2021-22,Gross Value Added,Quarterly,,"Financial, Real Estate & Professional Services",,,Q3,1083275.2898962128,712147.3786733462,₹ Crore
2011-12,Current,2021-22,Gross Value Added,Quarterly,,"Financial, Real Estate & Professional Services",,,Q4,1108138.0374542393,717127.6468064738,₹ Crore
2011-12,Current,2021-22,Gross Value Added,Quarterly,,"Financial, Real Estate & Professional Services",,,Q2,1278874.5083614625,876146.0631707476,₹ Crore
2011-12,Current,2021-22,Gross Value Added,Quarterly,,"Financial, Real Estate & Professional Services",,,Q1,1175585.142035002,817426.0996684226,₹ Crore
2011-12,Current,2021-22,Gross Value Added,Quarterly,,"Public Administration, Defence & Other Services",,,Q1,643866.7821095093,354408.7757390336,₹ Crore
2011-12,Current,2021-22,Gross Value Added,Quarterly,,"Public Administration, Defence & Other Services",,,Q3,791743.137269702,463499.42825520865,₹ Crore
2011-12,Current,2021-22,Gross Value Added,Quarterly,,"Public Administration, Defence & Other Services",,,Q2,752327.0435991511,439493.0793665055,₹ Crore
2011-12,Current,2021-22,Gross Value Added,Quarterly,,"Public Administration, Defence & Other Services",,,Q4,781972.0420348078,464297.3532410348,₹ Crore
2011-12,Current,2021-22,Gross Value Added,Quarterly,,Total Gross Value Added,,,Q3,5723379.236350995,3569130.784151708,₹ Crore
2011-12,Current,2021-22,Gross Value Added,Quarterly,,Total Gross Value Added,,,Q2,5132846.10378927,3397047.614910495,₹ Crore
2011-12,Current,2021-22,Gross Value Added,Quarterly,,Total Gross Value Added,,,Q1,4760080.525443297,3162548.5740285497,₹ Crore
2011-12,Current,2021-22,Gross Value Added,Quarterly,,Total Gross Value Added,,,Q4,6019277.768876808,3748113.0564285796,₹ Crore
2011-12,Current,2020-21,Gross Value Added,Quarterly,,"Agriculture, Livestock, Forestry and Fishing",,,Q1,803635.3265509619,468501.67665976397,₹ Crore
2011-12,Current,2020-21,Gross Value Added,Quarterly,,"Agriculture, Livestock, Forestry and Fishing",,,Q2,714703.6930282973,400210.199189507,₹ Crore
2011-12,Current,2020-21,Gross Value Added,Quarterly,,"Agriculture, Livestock, Forestry and Fishing",,,Q4,975892.3026366968,552587.4124372277,₹ Crore
2011-12,Current,2020-21,Gross Value Added,Quarterly,,"Agriculture, Livestock, Forestry and Fishing",,,Q3,1212238.0678818943,652913.1158259207,₹ Crore
2011-12,Current,2020-21,Gross Value Added,Quarterly,,Mining and Quarrying,,,Q2,63545.52157925502,58596.32371338931,₹ Crore
2011-12,Current,2020-21,Gross Value Added,Quarterly,,Mining and Quarrying,,,Q4,116954.86359958001,92739.91299647951,₹ Crore
2011-12,Current,2020-21,Gross Value Added,Quarterly,,Mining and Quarrying,,,Q1,65169.367951151966,67270.31218378269,₹ Crore
2011-12,Current,2020-21,Gross Value Added,Quarterly,,Mining and Quarrying,,,Q3,78470.33921813633,72468.60912322035,₹ Crore
2011-12,Current,2020-21,Gross Value Added,Quarterly,,Manufacturing,,,Q2,723396.28770591,613999.7006081544,₹ Crore
2011-12,Current,2020-21,Gross Value Added,Quarterly,,Manufacturing,,,Q3,738491.1513311673,614651.3188127752,₹ Crore
2011-12,Current,2020-21,Gross Value Added,Quarterly,,Manufacturing,,,Q4,876964.5150549434,703141.1827908696,₹ Crore
2011-12,Current,2020-21,Gross Value Added,Quarterly,,Manufacturing,,,Q1,464642.7653924703,397367.9043644044,₹ Crore
2011-12,Current,2020-21,Gross Value Added,Quarterly,,"Electricity, Gas, Water Supply & Other Utility Services",,,Q1,114069.73262653012,67513.83277854971,₹ Crore
2011-12,Current,2020-21,Gross Value Added,Quarterly,,"Electricity, Gas, Water Supply & Other Utility Services",,,Q4,136862.1677027456,74909.79170563896,₹ Crore
2011-12,Current,2020-21,Gross Value Added,Quarterly,,"Electricity, Gas, Water Supply & Other Utility Services",,,Q3,127678.24121902203,71183.66932380252,₹ Crore
2011-12,Current,2020-21,Gross Value Added,Quarterly,,"Electricity, Gas, Water Supply & Other Utility Services",,,Q2,122169.41501361523,74605.84818808733,₹ Crore
2011-12,Current,2020-21,Gross Value Added,Quarterly,,Construction,,,Q4,486466.6766398853,336167.8459466368,₹ Crore
2011-12,Current,2020-21,Gross Value Added,Quarterly,,Construction,,,Q1,187319.99389462292,143771.40675074433,₹ Crore
2011-12,Current,2020-21,Gross Value Added,Quarterly,,Construction,,,Q2,296145.5753386454,226576.16720545574,₹ Crore
2011-12,Current,2020-21,Gross Value Added,Quarterly,,Construction,,,Q3,389579.22443666257,288855.2244360241,₹ Crore
2011-12,Current,2020-21,Gross Value Added,Quarterly,,"Trade, Hotels, Transport, Communication & Services Related to Broadcasting",,,Q3,795287.7966392566,596828.0089709889,₹ Crore
2011-12,Current,2020-21,Gross Value Added,Quarterly,,"Trade, Hotels, Transport, Communication & Services Related to Broadcasting",,,Q4,963819.1363914656,705196.5417334749,₹ Crore
2011-12,Current,2020-21,Gross Value Added,Quarterly,,"Trade, Hotels, Transport, Communication & Services Related to Broadcasting",,,Q1,427171.5714682251,333955.7026781007,₹ Crore
2011-12,Current,2020-21,Gross Value Added,Quarterly,,"Trade, Hotels, Transport, Communication & Services Related to Broadcasting",,,Q2,675876.6709723244,517908.0039801534,₹ Crore
2011-12,Current,2020-21,Gross Value Added,Quarterly,,"Financial, Real Estate & Professional Services",,,Q4,963462.5441902536,677775.9229646842,₹ Crore
2011-12,Current,2020-21,Gross Value Added,Quarterly,,"Financial, Real Estate & Professional Services",,,Q2,1088313.7342396083,812790.657245266,₹ Crore
2011-12,Current,2020-21,Gross Value Added,Quarterly,,"Financial, Real Estate & Professional Services",,,Q1,1037357.179388437,788544.6353350347,₹ Crore
2011-12,Current,2020-21,Gross Value Added,Quarterly,,"Financial, Real Estate & Professional Services",,,Q3,939045.3787546661,675018.9271798454,₹ Crore
2011-12,Current,2020-21,Gross Value Added,Quarterly,,"Public Administration, Defence & Other Services",,,Q4,717529.1067872173,449826.50042911654,₹ Crore
2011-12,Current,2020-21,Gross Value Added,Quarterly,,"Public Administration, Defence & Other Services",,,Q1,593209.1540028076,340826.8017088996,₹ Crore
2011-12,Current,2020-21,Gross Value Added,Quarterly,,"Public Administration, Defence & Other Services",,,Q3,690718.9354126554,426955.9398081971,₹ Crore
2011-12,Current,2020-21,Gross Value Added,Quarterly,,"Public Administration, Defence & Other Services",,,Q2,624810.7073253852,383685.16711390787,₹ Crore
2011-12,Current,2020-21,Gross Value Added,Quarterly,,Total Gross Value Added,,,Q1,3692575.0912752063,2607752.27245928,₹ Crore
2011-12,Current,2020-21,Gross Value Added,Quarterly,,Total Gross Value Added,,,Q4,5237951.3130027875,3592345.111004128,₹ Crore
2011-12,Current,2020-21,Gross Value Added,Quarterly,,Total Gross Value Added,,,Q2,4308961.605203041,3088372.067243921,₹ Crore
2011-12,Current,2020-21,Gross Value Added,Quarterly,,Total Gross Value Added,,,Q3,4971509.134893461,3398874.813480774,₹ Crore
2011-12,Current,2019-20,Gross Value Added,Quarterly,,"Agriculture, Livestock, Forestry and Fishing",,,Q4,899189.352867489,534962.5821588311,₹ Crore
2011-12,Current,2019-20,Gross Value Added,Quarterly,,"Agriculture, Livestock, Forestry and Fishing",,,Q3,1087085.0360799246,623983.2429535642,₹ Crore
2011-12,Current,2019-20,Gross Value Added,Quarterly,,"Agriculture, Livestock, Forestry and Fishing",,,Q2,642811.9520612302,383768.1616737712,₹ Crore
2011-12,Current,2019-20,Gross Value Added,Quarterly,,"Agriculture, Livestock, Forestry and Fishing",,,Q1,739384.891491507,451611.8293969889,₹ Crore
2011-12,Current,2019-20,Gross Value Added,Quarterly,,Mining and Quarrying,,,Q2,71671.64873491842,63762.19891469681,₹ Crore
2011-12,Current,2019-20,Gross Value Added,Quarterly,,Mining and Quarrying,,,Q4,105457.44699575842,95512.66092147274,₹ Crore
2011-12,Current,2019-20,Gross Value Added,Quarterly,,Mining and Quarrying,,,Q3,85352.47586274207,76114.36223080455,₹ Crore
2011-12,Current,2019-20,Gross Value Added,Quarterly,,Mining and Quarrying,,,Q1,94519.1453514344,81745.12738670707,₹ Crore
2011-12,Current,2019-20,Gross Value Added,Quarterly,,Manufacturing,,,Q1,678351.2194882225,565388.326441511,₹ Crore
2011-12,Current,2019-20,Gross Value Added,Quarterly,,Manufacturing,,,Q4,706481.9366861632,587842.8353864034,₹ Crore
2011-12,Current,2019-20,Gross Value Added,Quarterly,,Manufacturing,,,Q3,649197.120566202,544149.723341678,₹ Crore
2011-12,Current,2019-20,Gross Value Added,Quarterly,,Manufacturing,,,Q2,671070.4914038576,562324.663250759,₹ Crore
2011-12,Current,2019-20,Gross Value Added,Quarterly,,"Electricity, Gas, Water Supply & Other Utility Services",,,Q3,118970.60298003277,70576.20552565776,₹ Crore
2011-12,Current,2019-20,Gross Value Added,Quarterly,,"Electricity, Gas, Water Supply & Other Utility Services",,,Q1,129833.53216620766,79722.32822987523,₹ Crore
2011-12,Current,2019-20,Gross Value Added,Quarterly,,"Electricity, Gas, Water Supply & Other Utility Services",,,Q2,127323.71069086918,77536.23946982327,₹ Crore
2011-12,Current,2019-20,Gross Value Added,Quarterly,,"Electricity, Gas, Water Supply & Other Utility Services",,,Q4,126871.49817308015,72963.17811771452,₹ Crore
2011-12,Current,2019-20,Gross Value Added,Quarterly,,Construction,,,Q1,352126.8153111115,260990.21112711824,₹ Crore
2011-12,Current,2019-20,Gross Value Added,Quarterly,,Construction,,,Q2,319091.05008311727,241819.69356847968,₹ Crore
2011-12,Current,2019-20,Gross Value Added,Quarterly,,Construction,,,Q3,336666.8703363692,258983.83401381454,₹ Crore
2011-12,Current,2019-20,Gross Value Added,Quarterly,,Construction,,,Q4,370784.50845798873,281635.671268212,₹ Crore
2011-12,Current,2019-20,Gross Value Added,Quarterly,,"Trade, Hotels, Transport, Communication & Services Related to Broadcasting",,,Q2,819761.7577093511,636278.6211331513,₹ Crore
2011-12,Current,2019-20,Gross Value Added,Quarterly,,"Trade, Hotels, Transport, Communication & Services Related to Broadcasting",,,Q4,946478.4564982938,729908.498489727,₹ Crore
2011-12,Current,2019-20,Gross Value Added,Quarterly,,"Trade, Hotels, Transport, Communication & Services Related to Broadcasting",,,Q3,860034.9060147274,661351.130636937,₹ Crore
2011-12,Current,2019-20,Gross Value Added,Quarterly,,"Trade, Hotels, Transport, Communication & Services Related to Broadcasting",,,Q1,852613.6229531018,662521.2937181873,₹ Crore
2011-12,Current,2019-20,Gross Value Added,Quarterly,,"Financial, Real Estate & Professional Services",,,Q2,1146307.6240624674,857419.0395997851,₹ Crore
2011-12,Current,2019-20,Gross Value Added,Quarterly,,"Financial, Real Estate & Professional Services",,,Q4,840305.5624967116,627211.4544480897,₹ Crore
2011-12,Current,2019-20,Gross Value Added,Quarterly,,"Financial, Real Estate & Professional Services",,,Q3,829077.9103629296,616488.2105866255,₹ Crore
2011-12,Current,2019-20,Gross Value Added,Quarterly,,"Financial, Real Estate & Professional Services",,,Q1,1065421.6966434964,797124.72619612,₹ Crore
2011-12,Current,2019-20,Gross Value Added,Quarterly,,"Public Administration, Defence & Other Services",,,Q3,696431.7638645002,449141.09089082165,₹ Crore
2011-12,Current,2019-20,Gross Value Added,Quarterly,,"Public Administration, Defence & Other Services",,,Q2,677988.8946683609,436867.11775457923,₹ Crore
2011-12,Current,2019-20,Gross Value Added,Quarterly,,"Public Administration, Defence & Other Services",,,Q4,691236.4065929484,452469.90771280066,₹ Crore
2011-12,Current,2019-20,Gross Value Added,Quarterly,,"Public Administration, Defence & Other Services",,,Q1,643217.4075317448,393926.12206685427,₹ Crore
2011-12,Current,2019-20,Gross Value Added,Quarterly,,Total Gross Value Added,,,Q1,4555468.330936827,3293029.964563362,₹ Crore
2011-12,Current,2019-20,Gross Value Added,Quarterly,,Total Gross Value Added,,,Q2,4476027.129414173,3259775.7353650457,₹ Crore
2011-12,Current,2019-20,Gross Value Added,Quarterly,,Total Gross Value Added,,,Q3,4662816.686067428,3300787.800179903,₹ Crore
2011-12,Current,2019-20,Gross Value Added,Quarterly,,Total Gross Value Added,,,Q4,4686805.168768434,3382506.7885032515,₹ Crore
2011-12,Current,2018-19,Gross Value Added,Quarterly,,"Agriculture, Livestock, Forestry and Fishing",,,Q1,686739.323705411,433154.0469884992,₹ Crore
2011-12,Current,2018-19,Gross Value Added,Quarterly,,"Agriculture, Livestock, Forestry and Fishing",,,Q4,793473.0511443204,491886.40573746356,₹ Crore
2011-12,Current,2018-19,Gross Value Added,Quarterly,,"Agriculture, Livestock, Forestry and Fishing",,,Q2,591790.4836034637,364398.38776075846,₹ Crore
2011-12,Current,2018-19,Gross Value Added,Quarterly,,"Agriculture, Livestock, Forestry and Fishing",,,Q3,957922.1875232604,589159.5095690303,₹ Crore
2011-12,Current,2018-19,Gross Value Added,Quarterly,,Mining and Quarrying,,,Q2,79982.98334537509,67688.24730171524,₹ Crore
2011-12,Current,2018-19,Gross Value Added,Quarterly,,Mining and Quarrying,,,Q1,94249.68154723334,83092.09282881487,₹ Crore
2011-12,Current,2018-19,Gross Value Added,Quarterly,,Mining and Quarrying,,,Q3,95524.70103782146,79355.70119039871,₹ Crore
2011-12,Current,2018-19,Gross Value Added,Quarterly,,Mining and Quarrying,,,Q4,107903.71728517683,96680.52790526507,₹ Crore
2011-12,Current,2018-19,Gross Value Added,Quarterly,,Manufacturing,,,Q4,746787.012769072,616940.2385449483,₹ Crore
2011-12,Current,2018-19,Gross Value Added,Quarterly,,Manufacturing,,,Q1,676170.0883481452,565138.6469648184,₹ Crore
2011-12,Current,2018-19,Gross Value Added,Quarterly,,Manufacturing,,,Q3,685106.842862766,563759.3491980464,₹ Crore
2011-12,Current,2018-19,Gross Value Added,Quarterly,,Manufacturing,,,Q2,704495.0116475878,583153.9686860143,₹ Crore
2011-12,Current,2018-19,Gross Value Added,Quarterly,,"Electricity, Gas, Water Supply & Other Utility Services",,,Q4,108489.12734877122,70967.13474552981,₹ Crore
2011-12,Current,2018-19,Gross Value Added,Quarterly,,"Electricity, Gas, Water Supply & Other Utility Services",,,Q2,116805.33871965042,76047.56781636755,₹ Crore
2011-12,Current,2018-19,Gross Value Added,Quarterly,,"Electricity, Gas, Water Supply & Other Utility Services",,,Q1,112151.65095493027,74424.6516965166,₹ Crore
2011-12,Current,2018-19,Gross Value Added,Quarterly,,"Electricity, Gas, Water Supply & Other Utility Services",,,Q3,112012.8110958016,72707.65348276128,₹ Crore
2011-12,Current,2018-19,Gross Value Added,Quarterly,,Construction,,,Q3,347401.49523430597,260988.38989290377,₹ Crore
2011-12,Current,2018-19,Gross Value Added,Quarterly,,Construction,,,Q2,316330.190120556,239218.88024014534,₹ Crore
2011-12,Current,2018-19,Gross Value Added,Quarterly,,Construction,,,Q4,361725.24412901734,275228.38575627556,₹ Crore
2011-12,Current,2018-19,Gross Value Added,Quarterly,,Construction,,,Q1,326661.902256406,251353.53421900445,₹ Crore
2011-12,Current,2018-19,Gross Value Added,Quarterly,,"Trade, Hotels, Transport, Communication & Services Related to Broadcasting",,,Q2,757308.9722582357,597785.9519617452,₹ Crore
2011-12,Current,2018-19,Gross Value Added,Quarterly,,"Trade, Hotels, Transport, Communication & Services Related to Broadcasting",,,Q3,791377.3646631668,620625.1021377603,₹ Crore
2011-12,Current,2018-19,Gross Value Added,Quarterly,,"Trade, Hotels, Transport, Communication & Services Related to Broadcasting",,,Q4,875298.658774639,694492.6340868404,₹ Crore
2011-12,Current,2018-19,Gross Value Added,Quarterly,,"Trade, Hotels, Transport, Communication & Services Related to Broadcasting",,,Q1,778777.2401907003,625853.5981232806,₹ Crore
2011-12,Current,2018-19,Gross Value Added,Quarterly,,"Financial, Real Estate & Professional Services",,,Q1,946708.5349586401,735941.1907439663,₹ Crore
2011-12,Current,2018-19,Gross Value Added,Quarterly,,"Financial, Real Estate & Professional Services",,,Q2,1036517.0861508738,791141.7733938354,₹ Crore
2011-12,Current,2018-19,Gross Value Added,Quarterly,,"Financial, Real Estate & Professional Services",,,Q3,769435.2046001164,586811.0566084192,₹ Crore
2011-12,Current,2018-19,Gross Value Added,Quarterly,,"Financial, Real Estate & Professional Services",,,Q4,776837.3612650342,600327.7000433597,₹ Crore
2011-12,Current,2018-19,Gross Value Added,Quarterly,,"Public Administration, Defence & Other Services",,,Q2,607708.5285933972,408118.21513718413,₹ Crore
2011-12,Current,2018-19,Gross Value Added,Quarterly,,"Public Administration, Defence & Other Services",,,Q3,630757.5512296326,419690.4651511108,₹ Crore
2011-12,Current,2018-19,Gross Value Added,Quarterly,,"Public Administration, Defence & Other Services",,,Q4,629907.7234403328,419483.5236534161,₹ Crore
2011-12,Current,2018-19,Gross Value Added,Quarterly,,"Public Administration, Defence & Other Services",,,Q1,552771.2300207453,378185.24552118906,₹ Crore
2011-12,Current,2018-19,Gross Value Added,Quarterly,,Total Gross Value Added,,,Q3,4389538.158246871,3193097.2272304306,₹ Crore
2011-12,Current,2018-19,Gross Value Added,Quarterly,,Total Gross Value Added,,,Q2,4210938.59443914,3127552.9922977653,₹ Crore
2011-12,Current,2018-19,Gross Value Added,Quarterly,,Total Gross Value Added,,,Q4,4400421.896156363,3266006.550473099,₹ Crore
2011-12,Current,2018-19,Gross Value Added,Quarterly,,Total Gross Value Added,,,Q1,4174229.6519822115,3147143.0070860893,₹ Crore
2011-12,Current,2017-18,Gross Value Added,Quarterly,,"Agriculture, Livestock, Forestry and Fishing",,,Q4,743005.4552492657,496509.9207571126,₹ Crore
2011-12,Current,2017-18,Gross Value Added,Quarterly,,"Agriculture, Livestock, Forestry and Fishing",,,Q3,914936.5845058,581218.7030899207,₹ Crore
2011-12,Current,2017-18,Gross Value Added,Quarterly,,"Agriculture, Livestock, Forestry and Fishing",,,Q2,551157.1883779537,348961.8905231766,₹ Crore
2011-12,Current,2017-18,Gross Value Added,Quarterly,,"Agriculture, Livestock, Forestry and Fishing",,,Q1,620726.6232267777,413332.3812278733,₹ Crore
2011-12,Current,2017-18,Gross Value Added,Quarterly,,Mining and Quarrying,,,Q1,82157.27675241017,84065.05902240596,₹ Crore
2011-12,Current,2017-18,Gross Value Added,Quarterly,,Mining and Quarrying,,,Q3,82691.56420566427,79546.3304609654,₹ Crore
2011-12,Current,2017-18,Gross Value Added,Quarterly,,Mining and Quarrying,,,Q4,103945.4613394135,96293.36003738226,₹ Crore
2011-12,Current,2017-18,Gross Value Added,Quarterly,,Mining and Quarrying,,,Q2,67314.83145615204,69707.30382443145,₹ Crore
2011-12,Current,2017-18,Gross Value Added,Quarterly,,Manufacturing,,,Q2,638557.610601237,553424.4673406032,₹ Crore
2011-12,Current,2017-18,Gross Value Added,Quarterly,,Manufacturing,,,Q1,588489.1238865119,511988.602352443,₹ Crore
2011-12,Current,2017-18,Gross Value Added,Quarterly,,Manufacturing,,,Q4,714238.9494907508,606490.0795824836,₹ Crore
2011-12,Current,2017-18,Gross Value Added,Quarterly,,Manufacturing,,,Q3,625337.6803172714,537524.6138821717,₹ Crore
2011-12,Current,2017-18,Gross Value Added,Quarterly,,"Electricity, Gas, Water Supply & Other Utility Services",,,Q2,107508.10519250164,69358.69971228995,₹ Crore
2011-12,Current,2017-18,Gross Value Added,Quarterly,,"Electricity, Gas, Water Supply & Other Utility Services",,,Q4,107153.55207271539,67558.60072014692,₹ Crore
2011-12,Current,2017-18,Gross Value Added,Quarterly,,"Electricity, Gas, Water Supply & Other Utility Services",,,Q3,104036.49085668755,66571.44965993945,₹ Crore
2011-12,Current,2017-18,Gross Value Added,Quarterly,,"Electricity, Gas, Water Supply & Other Utility Services",,,Q1,107019.58071943388,69161.26950024847,₹ Crore
2011-12,Current,2017-18,Gross Value Added,Quarterly,,Construction,,,Q3,306395.07084402937,243990.84827615583,₹ Crore
2011-12,Current,2017-18,Gross Value Added,Quarterly,,Construction,,,Q1,288042.9143766192,235401.37348220157,₹ Crore
2011-12,Current,2017-18,Gross Value Added,Quarterly,,Construction,,,Q2,281258.10809351323,226647.30632907842,₹ Crore
2011-12,Current,2017-18,Gross Value Added,Quarterly,,Construction,,,Q4,324717.75042499,258266.1396298114,₹ Crore
2011-12,Current,2017-18,Gross Value Added,Quarterly,,"Trade, Hotels, Transport, Communication & Services Related to Broadcasting",,,Q4,801982.6943373135,652691.7736655014,₹ Crore
2011-12,Current,2017-18,Gross Value Added,Quarterly,,"Trade, Hotels, Transport, Communication & Services Related to Broadcasting",,,Q3,709164.0876309995,578636.9587995182,₹ Crore
2011-12,Current,2017-18,Gross Value Added,Quarterly,,"Trade, Hotels, Transport, Communication & Services Related to Broadcasting",,,Q1,691827.3422554873,579122.3925201513,₹ Crore
2011-12,Current,2017-18,Gross Value Added,Quarterly,,"Trade, Hotels, Transport, Communication & Services Related to Broadcasting",,,Q2,675948.0696560894,557968.2780918083,₹ Crore
2011-12,Current,2017-18,Gross Value Added,Quarterly,,"Financial, Real Estate & Professional Services",,,Q4,685674.0021015961,552145.9772096233,₹ Crore
2011-12,Current,2017-18,Gross Value Added,Quarterly,,"Financial, Real Estate & Professional Services",,,Q3,682492.4195704567,550115.4493698543,₹ Crore
2011-12,Current,2017-18,Gross Value Added,Quarterly,,"Financial, Real Estate & Professional Services",,,Q2,914863.4827120561,740832.5720381371,₹ Crore
2011-12,Current,2017-18,Gross Value Added,Quarterly,,"Financial, Real Estate & Professional Services",,,Q1,844181.7951009735,694096.2600034224,₹ Crore
2011-12,Current,2017-18,Gross Value Added,Quarterly,,"Public Administration, Defence & Other Services",,,Q4,552058.140337826,386642.1391144774,₹ Crore
2011-12,Current,2017-18,Gross Value Added,Quarterly,,"Public Administration, Defence & Other Services",,,Q3,566514.7843338443,395190.6674691164,₹ Crore
2011-12,Current,2017-18,Gross Value Added,Quarterly,,"Public Administration, Defence & Other Services",,,Q2,537192.8009922857,379769.53058495926,₹ Crore
2011-12,Current,2017-18,Gross Value Added,Quarterly,,"Public Administration, Defence & Other Services",,,Q1,485075.67050535494,350940.1154531019,₹ Crore
2011-12,Current,2017-18,Gross Value Added,Quarterly,,Total Gross Value Added,,,Q1,3707520.326823569,2938107.4535618476,₹ Crore
2011-12,Current,2017-18,Gross Value Added,Quarterly,,Total Gross Value Added,,,Q2,3773800.197081789,2946670.0484444844,₹ Crore
2011-12,Current,2017-18,Gross Value Added,Quarterly,,Total Gross Value Added,,,Q3,3991568.682264753,3032795.0210076417,₹ Crore
2011-12,Current,2017-18,Gross Value Added,Quarterly,,Total Gross Value Added,,,Q4,4032776.005353871,3116597.9907165393,₹ Crore
2011-12,Current,2016-17,Gross Value Added,Quarterly,,"Agriculture, Livestock, Forestry and Fishing",,,Q3,801318.3015791682,549199.1040326965,₹ Crore
2011-12,Current,2016-17,Gross Value Added,Quarterly,,"Agriculture, Livestock, Forestry and Fishing",,,Q1,573091.6563938594,389609.6501896195,₹ Crore
2011-12,Current,2016-17,Gross Value Added,Quarterly,,"Agriculture, Livestock, Forestry and Fishing",,,Q4,658690.1972072213,460425.93353250343,₹ Crore
2011-12,Current,2016-17,Gross Value Added,Quarterly,,"Agriculture, Livestock, Forestry and Fishing",,,Q2,485561.86548423825,326769.1629255494,₹ Crore
2011-12,Current,2016-17,Gross Value Added,Quarterly,,Mining and Quarrying,,,Q2,60517.910247491396,67440.70104468099,₹ Crore
2011-12,Current,2016-17,Gross Value Added,Quarterly,,Mining and Quarrying,,,Q3,76935.0110885524,82751.15569890983,₹ Crore
2011-12,Current,2016-17,Gross Value Added,Quarterly,,Mining and Quarrying,,,Q1,81934.46447935724,93381.80838767436,₹ Crore
2011-12,Current,2016-17,Gross Value Added,Quarterly,,Mining and Quarrying,,,Q4,107420.5262167143,105674.04622541566,₹ Crore
2011-12,Current,2016-17,Gross Value Added,Quarterly,,Manufacturing,,,Q3,554949.6324105164,487552.76159360877,₹ Crore
2011-12,Current,2016-17,Gross Value Added,Quarterly,,Manufacturing,,,Q4,626923.1580663867,546192.8951100074,₹ Crore
2011-12,Current,2016-17,Gross Value Added,Quarterly,,Manufacturing,,,Q1,575996.9581923209,512044.792931336,₹ Crore
2011-12,Current,2016-17,Gross Value Added,Quarterly,,Manufacturing,,,Q2,575851.6061146541,508973.8944533304,₹ Crore
2011-12,Current,2016-17,Gross Value Added,Quarterly,,"Electricity, Gas, Water Supply & Other Utility Services",,,Q2,89213.46001009384,62354.64697575901,₹ Crore
2011-12,Current,2016-17,Gross Value Added,Quarterly,,"Electricity, Gas, Water Supply & Other Utility Services",,,Q4,89245.00387380354,60763.035655448344,₹ Crore
2011-12,Current,2016-17,Gross Value Added,Quarterly,,"Electricity, Gas, Water Supply & Other Utility Services",,,Q1,88421.8137837978,62529.07013414922,₹ Crore
2011-12,Current,2016-17,Gross Value Added,Quarterly,,"Electricity, Gas, Water Supply & Other Utility Services",,,Q3,88828.72233230484,60850.24723464345,₹ Crore
2011-12,Current,2016-17,Gross Value Added,Quarterly,,Construction,,,Q3,274360.3386800311,232427.0672103786,₹ Crore
2011-12,Current,2016-17,Gross Value Added,Quarterly,,Construction,,,Q2,262498.3830113663,222843.91837638104,₹ Crore
2011-12,Current,2016-17,Gross Value Added,Quarterly,,Construction,,,Q1,273537.973934866,234541.37056361852,₹ Crore
2011-12,Current,2016-17,Gross Value Added,Quarterly,,Construction,,,Q4,270473.40339342755,226632.1714067887,₹ Crore
2011-12,Current,2016-17,Gross Value Added,Quarterly,,"Trade, Hotels, Transport, Communication & Services Related to Broadcasting",,,Q4,718174.6235053651,599697.7400645297,₹ Crore
2011-12,Current,2016-17,Gross Value Added,Quarterly,,"Trade, Hotels, Transport, Communication & Services Related to Broadcasting",,,Q3,619241.8758716751,522805.0859529261,₹ Crore
2011-12,Current,2016-17,Gross Value Added,Quarterly,,"Trade, Hotels, Transport, Communication & Services Related to Broadcasting",,,Q2,594623.8535584606,503823.2601206401,₹ Crore
2011-12,Current,2016-17,Gross Value Added,Quarterly,,"Trade, Hotels, Transport, Communication & Services Related to Broadcasting",,,Q1,607115.5023939706,520052.545755676,₹ Crore
2011-12,Current,2016-17,Gross Value Added,Quarterly,,"Financial, Real Estate & Professional Services",,,Q3,619110.1838362572,532369.6916203249,₹ Crore
2011-12,Current,2016-17,Gross Value Added,Quarterly,,"Financial, Real Estate & Professional Services",,,Q1,783003.3292378183,675148.7412558137,₹ Crore
2011-12,Current,2016-17,Gross Value Added,Quarterly,,"Financial, Real Estate & Professional Services",,,Q2,874052.5278899721,745019.2409127813,₹ Crore
2011-12,Current,2016-17,Gross Value Added,Quarterly,,"Financial, Real Estate & Professional Services",,,Q4,635270.5988861917,540428.8810329216,₹ Crore
2011-12,Current,2016-17,Gross Value Added,Quarterly,,"Public Administration, Defence & Other Services",,,Q4,494233.2119901824,362136.0826564392,₹ Crore
2011-12,Current,2016-17,Gross Value Added,Quarterly,,"Public Administration, Defence & Other Services",,,Q2,484122.2564705495,354768.89109353843,₹ Crore
2011-12,Current,2016-17,Gross Value Added,Quarterly,,"Public Administration, Defence & Other Services",,,Q1,417100.7803062481,311418.3901584032,₹ Crore
2011-12,Current,2016-17,Gross Value Added,Quarterly,,"Public Administration, Defence & Other Services",,,Q3,503381.05918830005,367658.94452755776,₹ Crore
2011-12,Current,2016-17,Gross Value Added,Quarterly,,Total Gross Value Added,,,Q3,3538125.124986805,2835614.0578710455,₹ Crore
2011-12,Current,2016-17,Gross Value Added,Quarterly,,Total Gross Value Added,,,Q4,3600430.7231392926,2901950.7856840543,₹ Crore
2011-12,Current,2016-17,Gross Value Added,Quarterly,,Total Gross Value Added,,,Q1,3400202.4787222384,2798726.3693762906,₹ Crore
2011-12,Current,2016-17,Gross Value Added,Quarterly,,Total Gross Value Added,,,Q2,3426441.8627868257,2791993.7159026605,₹ Crore
2011-12,Current,2015-16,Gross Value Added,Quarterly,,"Agriculture, Livestock, Forestry and Fishing",,,Q4,582855.3166153372,425513.558674451,₹ Crore
2011-12,Current,2015-16,Gross Value Added,Quarterly,,"Agriculture, Livestock, Forestry and Fishing",,,Q1,499370.08744128863,371273.06868388975,₹ Crore
2011-12,Current,2015-16,Gross Value Added,Quarterly,,"Agriculture, Livestock, Forestry and Fishing",,,Q2,424241.2362345485,307806.1948558423,₹ Crore
2011-12,Current,2015-16,Gross Value Added,Quarterly,,"Agriculture, Livestock, Forestry and Fishing",,,Q3,721066.2166765515,511553.1100328717,₹ Crore
2011-12,Current,2015-16,Gross Value Added,Quarterly,,Mining and Quarrying,,,Q1,90269.15760806527,87184.25816122256,₹ Crore
2011-12,Current,2015-16,Gross Value Added,Quarterly,,Mining and Quarrying,,,Q4,73626.6898076328,91445.36459303412,₹ Crore
2011-12,Current,2015-16,Gross Value Added,Quarterly,,Mining and Quarrying,,,Q3,68977.18641665643,75874.85282963741,₹ Crore
2011-12,Current,2015-16,Gross Value Added,Quarterly,,Mining and Quarrying,,,Q2,61138.119276002166,63469.33457554075,₹ Crore
2011-12,Current,2015-16,Gross Value Added,Quarterly,,Manufacturing,,,Q2,534068.6317445067,472854.56876128016,₹ Crore
2011-12,Current,2015-16,Gross Value Added,Quarterly,,Manufacturing,,,Q4,575341.9163845412,514411.28615742025,₹ Crore
2011-12,Current,2015-16,Gross Value Added,Quarterly,,Manufacturing,,,Q3,506026.7443206668,450360.00236093195,₹ Crore
2011-12,Current,2015-16,Gross Value Added,Quarterly,,Manufacturing,,,Q1,530751.506647218,466223.7299098891,₹ Crore
2011-12,Current,2015-16,Gross Value Added,Quarterly,,"Electricity, Gas, Water Supply & Other Utility Services",,,Q1,83639.8902174429,55231.76083369653,₹ Crore
2011-12,Current,2015-16,Gross Value Added,Quarterly,,"Electricity, Gas, Water Supply & Other Utility Services",,,Q3,81633.53579615348,55199.98093207148,₹ Crore
2011-12,Current,2015-16,Gross Value Added,Quarterly,,"Electricity, Gas, Water Supply & Other Utility Services",,,Q2,87112.00422936893,57848.30606749269,₹ Crore
2011-12,Current,2015-16,Gross Value Added,Quarterly,,"Electricity, Gas, Water Supply & Other Utility Services",,,Q4,82579.18168906757,55877.95216673931,₹ Crore
2011-12,Current,2015-16,Gross Value Added,Quarterly,,Construction,,,Q4,252607.77998640467,224843.07833150556,₹ Crore
2011-12,Current,2015-16,Gross Value Added,Quarterly,,Construction,,,Q1,253252.43573913272,218252.82731611878,₹ Crore
2011-12,Current,2015-16,Gross Value Added,Quarterly,,Construction,,,Q3,248149.30964398832,216448.5781114248,₹ Crore
2011-12,Current,2015-16,Gross Value Added,Quarterly,,Construction,,,Q2,237074.17399345367,205790.44719470252,₹ Crore
2011-12,Current,2015-16,Gross Value Added,Quarterly,,"Trade, Hotels, Transport, Communication & Services Related to Broadcasting",,,Q2,541865.616776123,467654.9785715907,₹ Crore
2011-12,Current,2015-16,Gross Value Added,Quarterly,,"Trade, Hotels, Transport, Communication & Services Related to Broadcasting",,,Q3,558605.3983050967,484331.20388318575,₹ Crore
2011-12,Current,2015-16,Gross Value Added,Quarterly,,"Trade, Hotels, Transport, Communication & Services Related to Broadcasting",,,Q4,640294.0627797379,565595.4653672886,₹ Crore
2011-12,Current,2015-16,Gross Value Added,Quarterly,,"Trade, Hotels, Transport, Communication & Services Related to Broadcasting",,,Q1,553747.770849903,475242.2531825344,₹ Crore
2011-12,Current,2015-16,Gross Value Added,Quarterly,,"Financial, Real Estate & Professional Services",,,Q3,577563.7113886683,506287.93530981266,₹ Crore
2011-12,Current,2015-16,Gross Value Added,Quarterly,,"Financial, Real Estate & Professional Services",,,Q2,773346.7881624592,669972.5855265814,₹ Crore
2011-12,Current,2015-16,Gross Value Added,Quarterly,,"Financial, Real Estate & Professional Services",,,Q4,584570.0548082278,523545.89104308316,₹ Crore
2011-12,Current,2015-16,Gross Value Added,Quarterly,,"Financial, Real Estate & Professional Services",,,Q1,690657.2788339208,594978.0469852366,₹ Crore
2011-12,Current,2015-16,Gross Value Added,Quarterly,,"Public Administration, Defence & Other Services",,,Q3,442647.7603643087,336948.4178751827,₹ Crore
2011-12,Current,2015-16,Gross Value Added,Quarterly,,"Public Administration, Defence & Other Services",,,Q2,433095.7534126642,332828.2116655368,₹ Crore
2011-12,Current,2015-16,Gross Value Added,Quarterly,,"Public Administration, Defence & Other Services",,,Q4,413144.1359701696,315215.6879746085,₹ Crore
2011-12,Current,2015-16,Gross Value Added,Quarterly,,"Public Administration, Defence & Other Services",,,Q1,371179.1940849971,291805.26168342103,₹ Crore
2011-12,Current,2015-16,Gross Value Added,Quarterly,,Total Gross Value Added,,,Q1,3072867.3214219683,2560191.206756009,₹ Crore
2011-12,Current,2015-16,Gross Value Added,Quarterly,,Total Gross Value Added,,,Q4,3205019.1380411186,2716448.2843081304,₹ Crore
2011-12,Current,2015-16,Gross Value Added,Quarterly,,Total Gross Value Added,,,Q2,3091942.3238291265,2578224.6272185673,₹ Crore
2011-12,Current,2015-16,Gross Value Added,Quarterly,,Total Gross Value Added,,,Q3,3204669.86291209,2637004.081335118,₹ Crore
2011-12,Current,2014-15,Gross Value Added,Quarterly,,"Agriculture, Livestock, Forestry and Fishing",,,Q1,460964.42723435006,362652.81240294164,₹ Crore
2011-12,Current,2014-15,Gross Value Added,Quarterly,,"Agriculture, Livestock, Forestry and Fishing",,,Q4,539374.2206152153,420673.4098445122,₹ Crore
2011-12,Current,2014-15,Gross Value Added,Quarterly,,"Agriculture, Livestock, Forestry and Fishing",,,Q2,404349.99775120144,299493.879488874,₹ Crore
2011-12,Current,2014-15,Gross Value Added,Quarterly,,"Agriculture, Livestock, Forestry and Fishing",,,Q3,688922.9141095856,522894.1505211667,₹ Crore
2011-12,Current,2014-15,Gross Value Added,Quarterly,,Mining and Quarrying,,,Q3,72719.58844519223,68662.60691880336,₹ Crore
2011-12,Current,2014-15,Gross Value Added,Quarterly,,Mining and Quarrying,,,Q1,95040.28028131893,79535.74179541458,₹ Crore
2011-12,Current,2014-15,Gross Value Added,Quarterly,,Mining and Quarrying,,,Q4,71822.03117052568,82547.44438844475,₹ Crore
2011-12,Current,2014-15,Gross Value Added,Quarterly,,Mining and Quarrying,,,Q2,68894.14728256792,57939.66313666587,₹ Crore
2011-12,Current,2014-15,Gross Value Added,Quarterly,,Manufacturing,,,Q3,435194.65912548127,389832.8585902719,₹ Crore
2011-12,Current,2014-15,Gross Value Added,Quarterly,,Manufacturing,,,Q4,495541.5169347756,448178.3838647629,₹ Crore
2011-12,Current,2014-15,Gross Value Added,Quarterly,,Manufacturing,,,Q2,476473.8146803699,423756.9200357915,₹ Crore
2011-12,Current,2014-15,Gross Value Added,Quarterly,,Manufacturing,,,Q1,471159.1579008844,422168.54402185127,₹ Crore
2011-12,Current,2014-15,Gross Value Added,Quarterly,,"Electricity, Gas, Water Supply & Other Utility Services",,,Q2,71640.8917122829,54880.05047380889,₹ Crore
2011-12,Current,2014-15,Gross Value Added,Quarterly,,"Electricity, Gas, Water Supply & Other Utility Services",,,Q3,70690.69641007268,53220.85147407212,₹ Crore
2011-12,Current,2014-15,Gross Value Added,Quarterly,,"Electricity, Gas, Water Supply & Other Utility Services",,,Q4,70264.30550966345,52046.48335088181,₹ Crore
2011-12,Current,2014-15,Gross Value Added,Quarterly,,"Electricity, Gas, Water Supply & Other Utility Services",,,Q1,69661.88154932822,53899.614701237166,₹ Crore
2011-12,Current,2014-15,Gross Value Added,Quarterly,,Construction,,,Q3,242325.3851386563,206558.36820115306,₹ Crore
2011-12,Current,2014-15,Gross Value Added,Quarterly,,Construction,,,Q2,246390.44100181927,204911.79212414048,₹ Crore
2011-12,Current,2014-15,Gross Value Added,Quarterly,,Construction,,,Q1,247541.15842413146,209578.9504929742,₹ Crore
2011-12,Current,2014-15,Gross Value Added,Quarterly,,Construction,,,Q4,242828.88820472854,214179.5138850573,₹ Crore
2011-12,Current,2014-15,Gross Value Added,Quarterly,,"Trade, Hotels, Transport, Communication & Services Related to Broadcasting",,,Q2,517595.34469120466,432834.33487391926,₹ Crore
2011-12,Current,2014-15,Gross Value Added,Quarterly,,"Trade, Hotels, Transport, Communication & Services Related to Broadcasting",,,Q1,508205.44242952694,432297.6247544062,₹ Crore
2011-12,Current,2014-15,Gross Value Added,Quarterly,,"Trade, Hotels, Transport, Communication & Services Related to Broadcasting",,,Q3,514665.7864631029,440657.7048897493,₹ Crore
2011-12,Current,2014-15,Gross Value Added,Quarterly,,"Trade, Hotels, Transport, Communication & Services Related to Broadcasting",,,Q4,567129.9340337634,501900.3935962386,₹ Crore
2011-12,Current,2014-15,Gross Value Added,Quarterly,,"Financial, Real Estate & Professional Services",,,Q2,695118.2536101926,592769.1796959271,₹ Crore
2011-12,Current,2014-15,Gross Value Added,Quarterly,,"Financial, Real Estate & Professional Services",,,Q4,526607.7654809819,481400.8920520182,₹ Crore
2011-12,Current,2014-15,Gross Value Added,Quarterly,,"Financial, Real Estate & Professional Services",,,Q1,620774.0981619763,540066.6635354812,₹ Crore
2011-12,Current,2014-15,Gross Value Added,Quarterly,,"Financial, Real Estate & Professional Services",,,Q3,520846.5727500431,459477.703059978,₹ Crore
2011-12,Current,2014-15,Gross Value Added,Quarterly,,"Public Administration, Defence & Other Services",,,Q3,394998.0143082662,315706.0040209976,₹ Crore
2011-12,Current,2014-15,Gross Value Added,Quarterly,,"Public Administration, Defence & Other Services",,,Q2,390144.4860746735,312769.9953471987,₹ Crore
2011-12,Current,2014-15,Gross Value Added,Quarterly,,"Public Administration, Defence & Other Services",,,Q1,334552.2076789275,276953.8973367269,₹ Crore
2011-12,Current,2014-15,Gross Value Added,Quarterly,,"Public Administration, Defence & Other Services",,,Q4,371841.17411567795,297685.26189758605,₹ Crore
2011-12,Current,2014-15,Gross Value Added,Quarterly,,Total Gross Value Added,,,Q2,2870607.376804312,2379355.815176326,₹ Crore
2011-12,Current,2014-15,Gross Value Added,Quarterly,,Total Gross Value Added,,,Q3,2940363.6167504005,2457010.2476761923,₹ Crore
2011-12,Current,2014-15,Gross Value Added,Quarterly,,Total Gross Value Added,,,Q4,2885409.8360653315,2498611.782879502,₹ Crore
2011-12,Current,2014-15,Gross Value Added,Quarterly,,Total Gross Value Added,,,Q1,2807898.653660444,2377153.849041033,₹ Crore
2011-12,Current,2013-14,Gross Value Added,Quarterly,,"Agriculture, Livestock, Forestry and Fishing",,,Q3,670113.1839143734,539360.3341829963,₹ Crore
2011-12,Current,2013-14,Gross Value Added,Quarterly,,"Agriculture, Livestock, Forestry and Fishing",,,Q1,407712.5460032985,354449.5199508297,₹ Crore
2011-12,Current,2013-14,Gross Value Added,Quarterly,,"Agriculture, Livestock, Forestry and Fishing",,,Q4,497710.93564404105,426023.06844726845,₹ Crore
2011-12,Current,2013-14,Gross Value Added,Quarterly,,"Agriculture, Livestock, Forestry and Fishing",,,Q2,350835.199248983,289365.47127006785,₹ Crore
2011-12,Current,2013-14,Gross Value Added,Quarterly,,Mining and Quarrying,,,Q1,70645.48111660848,68133.94000204914,₹ Crore
2011-12,Current,2013-14,Gross Value Added,Quarterly,,Mining and Quarrying,,,Q4,87414.56366836277,74892.01693242363,₹ Crore
2011-12,Current,2013-14,Gross Value Added,Quarterly,,Mining and Quarrying,,,Q3,74589.19503349284,64419.190335757194,₹ Crore
2011-12,Current,2013-14,Gross Value Added,Quarterly,,Mining and Quarrying,,,Q2,63145.103589005004,55660.8119797462,₹ Crore
2011-12,Current,2013-14,Gross Value Added,Quarterly,,Manufacturing,,,Q1,413130.91400527005,383075.91688594565,₹ Crore
2011-12,Current,2013-14,Gross Value Added,Quarterly,,Manufacturing,,,Q4,459731.888361367,412859.9953005102,₹ Crore
2011-12,Current,2013-14,Gross Value Added,Quarterly,,Manufacturing,,,Q3,416194.27916785236,377185.5845350692,₹ Crore
2011-12,Current,2013-14,Gross Value Added,Quarterly,,Manufacturing,,,Q2,424394.51908538264,387587.2747714026,₹ Crore
2011-12,Current,2013-14,Gross Value Added,Quarterly,,"Electricity, Gas, Water Supply & Other Utility Services",,,Q1,62946.29258830516,49464.09864742331,₹ Crore
2011-12,Current,2013-14,Gross Value Added,Quarterly,,"Electricity, Gas, Water Supply & Other Utility Services",,,Q4,67231.45439932689,50423.25627172435,₹ Crore
2011-12,Current,2013-14,Gross Value Added,Quarterly,,"Electricity, Gas, Water Supply & Other Utility Services",,,Q3,64910.781170261704,49637.359188453986,₹ Crore
2011-12,Current,2013-14,Gross Value Added,Quarterly,,"Electricity, Gas, Water Supply & Other Utility Services",,,Q2,65066.07917947134,50076.285892398366,₹ Crore
2011-12,Current,2013-14,Gross Value Added,Quarterly,,Construction,,,Q3,231689.9226514811,198469.6843532642,₹ Crore
2011-12,Current,2013-14,Gross Value Added,Quarterly,,Construction,,,Q2,224408.15301419326,194457.775528658,₹ Crore
2011-12,Current,2013-14,Gross Value Added,Quarterly,,Construction,,,Q4,243561.90804804605,209126.98289019646,₹ Crore
2011-12,Current,2013-14,Gross Value Added,Quarterly,,Construction,,,Q1,221809.99577517883,198716.43732369426,₹ Crore
2011-12,Current,2013-14,Gross Value Added,Quarterly,,"Trade, Hotels, Transport, Communication & Services Related to Broadcasting",,,Q3,480885.7041800325,417976.09967599995,₹ Crore
2011-12,Current,2013-14,Gross Value Added,Quarterly,,"Trade, Hotels, Transport, Communication & Services Related to Broadcasting",,,Q2,456945.8980540263,401894.75530556537,₹ Crore
2011-12,Current,2013-14,Gross Value Added,Quarterly,,"Trade, Hotels, Transport, Communication & Services Related to Broadcasting",,,Q1,427469.74037591857,388784.29313631594,₹ Crore
2011-12,Current,2013-14,Gross Value Added,Quarterly,,"Trade, Hotels, Transport, Communication & Services Related to Broadcasting",,,Q4,509165.26601590647,443406.52329092857,₹ Crore
2011-12,Current,2013-14,Gross Value Added,Quarterly,,"Financial, Real Estate & Professional Services",,,Q1,533978.4429759022,494882.78399862954,₹ Crore
2011-12,Current,2013-14,Gross Value Added,Quarterly,,"Financial, Real Estate & Professional Services",,,Q2,585665.6094467699,524246.0245018441,₹ Crore
2011-12,Current,2013-14,Gross Value Added,Quarterly,,"Financial, Real Estate & Professional Services",,,Q4,490537.10991112515,438454.73606531334,₹ Crore
2011-12,Current,2013-14,Gross Value Added,Quarterly,,"Financial, Real Estate & Professional Services",,,Q3,459327.05896060367,409823.15327562066,₹ Crore
2011-12,Current,2013-14,Gross Value Added,Quarterly,,"Public Administration, Defence & Other Services",,,Q3,308435.3500496269,258069.54121572478,₹ Crore
2011-12,Current,2013-14,Gross Value Added,Quarterly,,"Public Administration, Defence & Other Services",,,Q1,303684.086521205,268722.60423129034,₹ Crore
2011-12,Current,2013-14,Gross Value Added,Quarterly,,"Public Administration, Defence & Other Services",,,Q2,341392.0232645937,290608.8061426381,₹ Crore
2011-12,Current,2013-14,Gross Value Added,Quarterly,,"Public Administration, Defence & Other Services",,,Q4,348423.926219299,293392.61400556285,₹ Crore
2011-12,Current,2013-14,Gross Value Added,Quarterly,,Total Gross Value Added,,,Q2,2511852.3357120715,2193897.2053923206,₹ Crore
2011-12,Current,2013-14,Gross Value Added,Quarterly,,Total Gross Value Added,,,Q1,2441377.22059487,2206229.594176178,₹ Crore
2011-12,Current,2013-14,Gross Value Added,Quarterly,,Total Gross Value Added,,,Q3,2706145.1807990265,2314940.9467628864,₹ Crore
2011-12,Current,2013-14,Gross Value Added,Quarterly,,Total Gross Value Added,,,Q4,2703777.874533343,2348579.1932039275,₹ Crore
2011-12,Current,2012-13,Gross Value Added,Quarterly,,"Agriculture, Livestock, Forestry and Fishing",,,Q1,360094.45972956816,341199.1850551609,₹ Crore
2011-12,Current,2012-13,Gross Value Added,Quarterly,,"Agriculture, Livestock, Forestry and Fishing",,,Q2,302960.79211076425,274362.46467253106,₹ Crore
2011-12,Current,2012-13,Gross Value Added,Quarterly,,"Agriculture, Livestock, Forestry and Fishing",,,Q3,557596.7683567479,506048.7581687348,₹ Crore
2011-12,Current,2012-13,Gross Value Added,Quarterly,,"Agriculture, Livestock, Forestry and Fishing",,,Q4,454454.4826869703,402678.0967888693,₹ Crore
2011-12,Current,2012-13,Gross Value Added,Quarterly,,Mining and Quarrying,,,Q4,79707.16463061543,71351.52643934103,₹ Crore
2011-12,Current,2012-13,Gross Value Added,Quarterly,,Mining and Quarrying,,,Q3,70446.72106300772,64858.7011456037,₹ Crore
2011-12,Current,2012-13,Gross Value Added,Quarterly,,Mining and Quarrying,,,Q2,59898.65524612376,55618.24084680683,₹ Crore
2011-12,Current,2012-13,Gross Value Added,Quarterly,,Mining and Quarrying,,,Q1,75789.46712712609,70780.17453086888,₹ Crore
2011-12,Current,2012-13,Gross Value Added,Quarterly,,Manufacturing,,,Q4,424523.1694200113,398803.2082354935,₹ Crore
2011-12,Current,2012-13,Gross Value Added,Quarterly,,Manufacturing,,,Q1,374606.4308548737,358339.68065882736,₹ Crore
2011-12,Current,2012-13,Gross Value Added,Quarterly,,Manufacturing,,,Q3,377768.4154583149,355777.88546927925,₹ Crore
2011-12,Current,2012-13,Gross Value Added,Quarterly,,Manufacturing,,,Q2,395938.88077366713,373953.33218909265,₹ Crore
2011-12,Current,2012-13,Gross Value Added,Quarterly,,"Electricity, Gas, Water Supply & Other Utility Services",,,Q1,54330.44009581913,48479.91923076922,₹ Crore
2011-12,Current,2012-13,Gross Value Added,Quarterly,,"Electricity, Gas, Water Supply & Other Utility Services",,,Q4,54095.186580496265,47861.152564102566,₹ Crore
2011-12,Current,2012-13,Gross Value Added,Quarterly,,"Electricity, Gas, Water Supply & Other Utility Services",,,Q3,54453.29717988749,48003.94487179487,₹ Crore
2011-12,Current,2012-13,Gross Value Added,Quarterly,,"Electricity, Gas, Water Supply & Other Utility Services",,,Q2,52470.7211755988,47289.98333333333,₹ Crore
2011-12,Current,2012-13,Gross Value Added,Quarterly,,Construction,,,Q3,211962.6918410831,194069.24820320826,₹ Crore
2011-12,Current,2012-13,Gross Value Added,Quarterly,,Construction,,,Q2,202601.55753365936,186137.1545351005,₹ Crore
2011-12,Current,2012-13,Gross Value Added,Quarterly,,Construction,,,Q1,203182.40573356065,189865.80084018208,₹ Crore
2011-12,Current,2012-13,Gross Value Added,Quarterly,,Construction,,,Q4,231618.24186187112,209977.9033827101,₹ Crore
2011-12,Current,2012-13,Gross Value Added,Quarterly,,"Trade, Hotels, Transport, Communication & Services Related to Broadcasting",,,Q4,453240.38383162825,416943.0261376481,₹ Crore
2011-12,Current,2012-13,Gross Value Added,Quarterly,,"Trade, Hotels, Transport, Communication & Services Related to Broadcasting",,,Q2,403845.6368641047,376920.5938868889,₹ Crore
2011-12,Current,2012-13,Gross Value Added,Quarterly,,"Trade, Hotels, Transport, Communication & Services Related to Broadcasting",,,Q3,412552.3761051648,383184.3196459459,₹ Crore
2011-12,Current,2012-13,Gross Value Added,Quarterly,,"Trade, Hotels, Transport, Communication & Services Related to Broadcasting",,,Q1,394347.31453718105,374094.99191500666,₹ Crore
2011-12,Current,2012-13,Gross Value Added,Quarterly,,"Financial, Real Estate & Professional Services",,,Q2,479903.8208588711,452821.4265661327,₹ Crore
2011-12,Current,2012-13,Gross Value Added,Quarterly,,"Financial, Real Estate & Professional Services",,,Q4,435169.4355887353,406740.0905442056,₹ Crore
2011-12,Current,2012-13,Gross Value Added,Quarterly,,"Financial, Real Estate & Professional Services",,,Q1,461069.59043430997,442486.8329055361,₹ Crore
2011-12,Current,2012-13,Gross Value Added,Quarterly,,"Financial, Real Estate & Professional Services",,,Q3,400489.2100462172,377983.1246702941,₹ Crore
2011-12,Current,2012-13,Gross Value Added,Quarterly,,"Public Administration, Defence & Other Services",,,Q4,323411.7915075079,291895.9862723409,₹ Crore
2011-12,Current,2012-13,Gross Value Added,Quarterly,,"Public Administration, Defence & Other Services",,,Q3,271594.0837916915,247602.21785698234,₹ Crore
2011-12,Current,2012-13,Gross Value Added,Quarterly,,"Public Administration, Defence & Other Services",,,Q2,304586.74417270825,280805.5368942376,₹ Crore
2011-12,Current,2012-13,Gross Value Added,Quarterly,,"Public Administration, Defence & Other Services",,,Q1,263981.7669550376,249342.58598622878,₹ Crore
2011-12,Current,2012-13,Gross Value Added,Quarterly,,Total Gross Value Added,,,Q3,2356863.5638421145,2177528.2000318435,₹ Crore
2011-12,Current,2012-13,Gross Value Added,Quarterly,,Total Gross Value Added,,,Q4,2456219.8561078357,2246250.9903647113,₹ Crore
2011-12,Current,2012-13,Gross Value Added,Quarterly,,Total Gross Value Added,,,Q2,2202206.8087354973,2047908.7329241233,₹ Crore
2011-12,Current,2012-13,Gross Value Added,Quarterly,,Total Gross Value Added,,,Q1,2187401.8754674764,2074589.1711225798,₹ Crore
2011-12,Current,2011-12,Gross Value Added,Quarterly,,"Agriculture, Livestock, Forestry and Fishing",,,Q1,323221.71636749426,336108.8378719273,₹ Crore
2011-12,Current,2011-12,Gross Value Added,Quarterly,,"Agriculture, Livestock, Forestry and Fishing",,,Q4,402948.88451037894,395797.545600116,₹ Crore
2011-12,Current,2011-12,Gross Value Added,Quarterly,,"Agriculture, Livestock, Forestry and Fishing",,,Q3,505545.338931301,500965.57544181455,₹ Crore
2011-12,Current,2011-12,Gross Value Added,Quarterly,,"Agriculture, Livestock, Forestry and Fishing",,,Q2,270231.3821454234,269074.1207880359,₹ Crore
2011-12,Current,2011-12,Gross Value Added,Quarterly,,Mining and Quarrying,,,Q3,65815.1767121434,64848.794938751416,₹ Crore
2011-12,Current,2011-12,Gross Value Added,Quarterly,,Mining and Quarrying,,,Q1,64670.249370518315,67872.92465811588,₹ Crore
2011-12,Current,2011-12,Gross Value Added,Quarterly,,Mining and Quarrying,,,Q4,75087.31079131876,71346.27384455278,₹ Crore
2011-12,Current,2011-12,Gross Value Added,Quarterly,,Mining and Quarrying,,,Q2,55462.632148234625,56967.374724095906,₹ Crore
2011-12,Current,2011-12,Gross Value Added,Quarterly,,Manufacturing,,,Q3,334726.673687843,333674.45331338124,₹ Crore
2011-12,Current,2011-12,Gross Value Added,Quarterly,,Manufacturing,,,Q2,329936.5302969014,333104.49276491906,₹ Crore
2011-12,Current,2011-12,Gross Value Added,Quarterly,,Manufacturing,,,Q1,350857.0542992997,356022.3076361211,₹ Crore
2011-12,Current,2011-12,Gross Value Added,Quarterly,,Manufacturing,,,Q4,394465.3127214231,387183.99680217396,₹ Crore
2011-12,Current,2011-12,Gross Value Added,Quarterly,,"Electricity, Gas, Water Supply & Other Utility Services",,,Q4,47417.65528973107,47276.55750001565,₹ Crore
2011-12,Current,2011-12,Gross Value Added,Quarterly,,"Electricity, Gas, Water Supply & Other Utility Services",,,Q3,47957.24231494913,46622.948842777725,₹ Crore
2011-12,Current,2011-12,Gross Value Added,Quarterly,,"Electricity, Gas, Water Supply & Other Utility Services",,,Q2,46631.133177422336,46466.05263185533,₹ Crore
2011-12,Current,2011-12,Gross Value Added,Quarterly,,"Electricity, Gas, Water Supply & Other Utility Services",,,Q1,44661.969217897466,46302.44102535129,₹ Crore
2011-12,Current,2011-12,Gross Value Added,Quarterly,,Construction,,,Q3,197079.14805561598,195723.78053757502,₹ Crore
2011-12,Current,2011-12,Gross Value Added,Quarterly,,Construction,,,Q2,189095.78083034512,190701.4741328376,₹ Crore
2011-12,Current,2011-12,Gross Value Added,Quarterly,,Construction,,,Q4,208940.87113994255,204132.57196417433,₹ Crore
2011-12,Current,2011-12,Gross Value Added,Quarterly,,Construction,,,Q1,182218.7489197805,186776.6357495846,₹ Crore
2011-12,Current,2011-12,Gross Value Added,Quarterly,,"Trade, Hotels, Transport, Communication & Services Related to Broadcasting",,,Q2,337631.44742206606,340496.56340415915,₹ Crore
2011-12,Current,2011-12,Gross Value Added,Quarterly,,"Trade, Hotels, Transport, Communication & Services Related to Broadcasting",,,Q3,351579.17037172534,348957.0714756407,₹ Crore
2011-12,Current,2011-12,Gross Value Added,Quarterly,,"Trade, Hotels, Transport, Communication & Services Related to Broadcasting",,,Q1,330069.7205194434,338657.9179537302,₹ Crore
2011-12,Current,2011-12,Gross Value Added,Quarterly,,"Trade, Hotels, Transport, Communication & Services Related to Broadcasting",,,Q4,393835.7241204553,385005.5144247194,₹ Crore
2011-12,Current,2011-12,Gross Value Added,Quarterly,,"Financial, Real Estate & Professional Services",,,Q3,343064.8699063569,340343.2385571228,₹ Crore
2011-12,Current,2011-12,Gross Value Added,Quarterly,,"Financial, Real Estate & Professional Services",,,Q2,407657.03840900655,410625.8988906726,₹ Crore
2011-12,Current,2011-12,Gross Value Added,Quarterly,,"Financial, Real Estate & Professional Services",,,Q1,395101.9975649685,404493.01370413933,₹ Crore
2011-12,Current,2011-12,Gross Value Added,Quarterly,,"Financial, Real Estate & Professional Services",,,Q4,385053.46647224354,375416.48757050186,₹ Crore
2011-12,Current,2011-12,Gross Value Added,Quarterly,,"Public Administration, Defence & Other Services",,,Q1,225668.84021777514,232898.349271205,₹ Crore
2011-12,Current,2011-12,Gross Value Added,Quarterly,,"Public Administration, Defence & Other Services",,,Q3,245398.6611976353,242759.66751958785,₹ Crore
2011-12,Current,2011-12,Gross Value Added,Quarterly,,"Public Administration, Defence & Other Services",,,Q4,291257.2776077157,284552.6076574293,₹ Crore
2011-12,Current,2011-12,Gross Value Added,Quarterly,,"Public Administration, Defence & Other Services",,,Q2,263656.9687954527,265771.1593913352,₹ Crore
2011-12,Current,2011-12,Gross Value Added,Quarterly,,Total Gross Value Added,,,Q1,1916470.2964771774,1969132.4278701746,₹ Crore
2011-12,Current,2011-12,Gross Value Added,Quarterly,,Total Gross Value Added,,,Q3,2091166.2811775703,2073895.5306266514,₹ Crore
2011-12,Current,2011-12,Gross Value Added,Quarterly,,Total Gross Value Added,,,Q2,1900302.9132248522,1913207.136727911,₹ Crore
2011-12,Current,2011-12,Gross Value Added,Quarterly,,Total Gross Value Added,,,Q4,2199006.502653209,2150711.5553636835,₹ Crore
2011-12,Current,2025-26,Private Final Consumption Expenditure,Quarterly,,,,,Q1,5186656.666,2716722.631,₹ Crore
2011-12,Current,2025-26,Private Final Consumption Expenditure,Quarterly,,,,,Q2,5329150,2718453,₹ Crore
2011-12,Current,2024-25,Private Final Consumption Expenditure,Quarterly,,,,,Q1,4751287.968636321,2537917.2562652244,₹ Crore
2011-12,Current,2024-25,Private Final Consumption Expenditure,Quarterly,,,,,Q2,4873650.537527935,2518253.5827345205,₹ Crore
2011-12,Current,2024-25,Private Final Consumption Expenditure,Quarterly,,,,,Q3,5534614.16272304,2843368.3594268286,₹ Crore
2011-12,Current,2024-25,Private Final Consumption Expenditure,Quarterly,,,,,Q4,5138860.406185504,2720039.369408645,₹ Crore
2011-12,Current,2023-24,Private Final Consumption Expenditure,Quarterly,,,,,Q1,4199215.894947078,2343902.7814108147,₹ Crore
2011-12,Current,2023-24,Private Final Consumption Expenditure,Quarterly,,,,,Q2,4427733.311443206,2366538.744469961,₹ Crore
2011-12,Current,2023-24,Private Final Consumption Expenditure,Quarterly,,,,,Q3,4873005.904759303,2629134.9677002216,₹ Crore
2011-12,Current,2023-24,Private Final Consumption Expenditure,Quarterly,,,,,Q4,4630476.33400808,2567197.9945420637,₹ Crore
2011-12,Current,2022-23,Private Final Consumption Expenditure,Quarterly,,,,,Q1,3871638.5146259596,2182105.263835782,₹ Crore
2011-12,Current,2022-23,Private Final Consumption Expenditure,Quarterly,,,,,Q2,4078088.9966807575,2298644.026772276,₹ Crore
2011-12,Current,2022-23,Private Final Consumption Expenditure,Quarterly,,,,,Q3,4419805.377222283,2487580.8264557626,₹ Crore
2011-12,Current,2022-23,Private Final Consumption Expenditure,Quarterly,,,,,Q4,4158328.8483646614,2416612.7448624964,₹ Crore
2011-12,Current,2021-22,Private Final Consumption Expenditure,Quarterly,,,,,Q1,2956252.7843681048,1828295.7985473014,₹ Crore
2011-12,Current,2021-22,Private Final Consumption Expenditure,Quarterly,,,,,Q2,3447855.063200505,2109195.766391141,₹ Crore
2011-12,Current,2021-22,Private Final Consumption Expenditure,Quarterly,,,,,Q3,4046863.389249819,2429098.43025063,₹ Crore
2011-12,Current,2021-22,Private Final Consumption Expenditure,Quarterly,,,,,Q4,3931733.1186919715,2365983.405473236,₹ Crore
2011-12,Current,2020-21,Private Final Consumption Expenditure,Quarterly,,,,,Q1,2343104.804810044,1548748.8549139346,₹ Crore
2011-12,Current,2020-21,Private Final Consumption Expenditure,Quarterly,,,,,Q2,2869937.4985899264,1855896.7168880715,₹ Crore
2011-12,Current,2020-21,Private Final Consumption Expenditure,Quarterly,,,,,Q3,3470422.2182348864,2187534.922218645,₹ Crore
2011-12,Current,2020-21,Private Final Consumption Expenditure,Quarterly,,,,,Q4,3447014.726964523,2227328.027454398,₹ Crore
2011-12,Current,2019-20,Private Final Consumption Expenditure,Quarterly,,,,,Q1,2933338.1371976617,2008912.725530835,₹ Crore
2011-12,Current,2019-20,Private Final Consumption Expenditure,Quarterly,,,,,Q2,2959217.492760071,2004358.176609033,₹ Crore
2011-12,Current,2019-20,Private Final Consumption Expenditure,Quarterly,,,,,Q3,3242428.337754814,2155033.0129773454,₹ Crore
2011-12,Current,2019-20,Private Final Consumption Expenditure,Quarterly,,,,,Q4,3110371.0891916608,2087913.7984041905,₹ Crore
2011-12,Current,2018-19,Private Final Consumption Expenditure,Quarterly,,,,,Q1,2640304.4129536897,1874397.6927834526,₹ Crore
2011-12,Current,2018-19,Private Final Consumption Expenditure,Quarterly,,,,,Q2,2705685.2909718687,1888258.4873028484,₹ Crore
2011-12,Current,2018-19,Private Final Consumption Expenditure,Quarterly,,,,,Q3,2925858.4173094667,2033402.7170318067,₹ Crore
2011-12,Current,2018-19,Private Final Consumption Expenditure,Quarterly,,,,,Q4,2933446.287503202,2054385.002359924,₹ Crore
2011-12,Current,2017-18,Private Final Consumption Expenditure,Quarterly,,,,,Q1,2358855.3157910425,1763224.962019021,₹ Crore
2011-12,Current,2017-18,Private Final Consumption Expenditure,Quarterly,,,,,Q2,2376307.1375498413,1738953.3228178818,₹ Crore
2011-12,Current,2017-18,Private Final Consumption Expenditure,Quarterly,,,,,Q3,2620783.800329951,1892042.0883111248,₹ Crore
2011-12,Current,2017-18,Private Final Consumption Expenditure,Quarterly,,,,,Q4,2680204.678358221,1936508.1124603476,₹ Crore
2011-12,Current,2016-17,Private Final Consumption Expenditure,Quarterly,,,,,Q1,2120871.245529127,1623632.8085153007,₹ Crore
2011-12,Current,2016-17,Private Final Consumption Expenditure,Quarterly,,,,,Q2,2199049.167256289,1658457.33762422,₹ Crore
2011-12,Current,2016-17,Private Final Consumption Expenditure,Quarterly,,,,,Q3,2409747.8778698323,1816561.265398881,₹ Crore
2011-12,Current,2016-17,Private Final Consumption Expenditure,Quarterly,,,,,Q4,2396862.937451986,1801584.5937280632,₹ Crore
2011-12,Current,2015-16,Private Final Consumption Expenditure,Quarterly,,,,,Q1,1914897.623900509,1517932.642857328,₹ Crore
2011-12,Current,2015-16,Private Final Consumption Expenditure,Quarterly,,,,,Q2,1930421.5427857495,1513130.3044957425,₹ Crore
2011-12,Current,2015-16,Private Final Consumption Expenditure,Quarterly,,,,,Q3,2096440.7466815882,1633448.364355927,₹ Crore
2011-12,Current,2015-16,Private Final Consumption Expenditure,Quarterly,,,,,Q4,2184647.233021471,1716907.4042260402,₹ Crore
2011-12,Current,2014-15,Private Final Consumption Expenditure,Quarterly,,,,,Q1,1715731.0863391454,1417165.1441509046,₹ Crore
2011-12,Current,2014-15,Private Final Consumption Expenditure,Quarterly,,,,,Q2,1758329.0981085747,1412804.0170126571,₹ Crore
2011-12,Current,2014-15,Private Final Consumption Expenditure,Quarterly,,,,,Q3,1854293.233900877,1504575.6093839898,₹ Crore
2011-12,Current,2014-15,Private Final Consumption Expenditure,Quarterly,,,,,Q4,1918984.1986904815,1578111.950342279,₹ Crore
2011-12,Current,2013-14,Private Final Consumption Expenditure,Quarterly,,,,,Q1,1480173.306170964,1321378.636428513,₹ Crore
2011-12,Current,2013-14,Private Final Consumption Expenditure,Quarterly,,,,,Q2,1515620.7558205184,1299202.942254232,₹ Crore
2011-12,Current,2013-14,Private Final Consumption Expenditure,Quarterly,,,,,Q3,1752700.8506468039,1473208.3458473037,₹ Crore
2011-12,Current,2013-14,Private Final Consumption Expenditure,Quarterly,,,,,Q4,1727154.2089582467,1463539.4214583512,₹ Crore
2011-12,Current,2012-13,Private Final Consumption Expenditure,Quarterly,,,,,Q1,1288286.60012195,1225156.8145791534,₹ Crore
2011-12,Current,2012-13,Private Final Consumption Expenditure,Quarterly,,,,,Q2,1323175.23438246,1224958.834796965,₹ Crore
2011-12,Current,2012-13,Private Final Consumption Expenditure,Quarterly,,,,,Q3,1508200.85166517,1377374.4045737328,₹ Crore
2011-12,Current,2012-13,Private Final Consumption Expenditure,Quarterly,,,,,Q4,1494822.16803002,1351601.696178629,₹ Crore
2011-12,Current,2011-12,Private Final Consumption Expenditure,Quarterly,,,,,Q1,1196397.9523324862,1236604.3565237487,₹ Crore
2011-12,Current,2011-12,Private Final Consumption Expenditure,Quarterly,,,,,Q2,1119458.9301742825,1127292.9332339175,₹ Crore
2011-12,Current,2011-12,Private Final Consumption Expenditure,Quarterly,,,,,Q3,1281386.0023480854,1264939.5002329268,₹ Crore
2011-12,Current,2011-12,Private Final Consumption Expenditure,Quarterly,,,,,Q4,1313205.3484462588,1281610.4978207028,₹ Crore
2011-12,Current,2025-26,Government Final Consumption Expenditure,Quarterly,,,,,Q1,869747.7759,449511.1187,₹ Crore
2011-12,Current,2025-26,Government Final Consumption Expenditure,Quarterly,,,,,Q2,772711,392730,₹ Crore
2011-12,Current,2024-25,Government Final Consumption Expenditure,Quarterly,,,,,Q1,792687.6160993284,418344.47352302435,₹ Crore
2011-12,Current,2024-25,Government Final Consumption Expenditure,Quarterly,,,,,Q2,783876.3689586062,403592.45669897005,₹ Crore
2011-12,Current,2024-25,Government Final Consumption Expenditure,Quarterly,,,,,Q3,743435.5943870721,377374.2354732781,₹ Crore
2011-12,Current,2024-25,Government Final Consumption Expenditure,Quarterly,,,,,Q4,983119.3249821801,508418.53459961625,₹ Crore
2011-12,Current,2023-24,Government Final Consumption Expenditure,Quarterly,,,,,Q1,762118.6299073962,419571.4171421141,₹ Crore
2011-12,Current,2023-24,Government Final Consumption Expenditure,Quarterly,,,,,Q2,725301.4658887046,387039.72118402,₹ Crore
2011-12,Current,2023-24,Government Final Consumption Expenditure,Quarterly,,,,,Q3,648579.2553114695,345292.4475612172,₹ Crore
2011-12,Current,2023-24,Government Final Consumption Expenditure,Quarterly,,,,,Q4,968298.4463303575,517771.66862636193,₹ Crore
2011-12,Current,2022-23,Government Final Consumption Expenditure,Quarterly,,,,,Q1,702433.346181953,398510.42969683715,₹ Crore
2011-12,Current,2022-23,Government Final Consumption Expenditure,Quarterly,,,,,Q2,575130.6381473568,322157.2011749144,₹ Crore
2011-12,Current,2022-23,Government Final Consumption Expenditure,Quarterly,,,,,Q3,607379.4934528791,337544.3115313751,₹ Crore
2011-12,Current,2022-23,Government Final Consumption Expenditure,Quarterly,,,,,Q4,872684.6787868122,485779.5116620934,₹ Crore
2011-12,Current,2021-22,Government Final Consumption Expenditure,Quarterly,,,,,Q1,613197.3494826552,379484.7736041208,₹ Crore
2011-12,Current,2021-22,Government Final Consumption Expenditure,Quarterly,,,,,Q2,538200.9741333192,325629.7161756397,₹ Crore
2011-12,Current,2021-22,Government Final Consumption Expenditure,Quarterly,,,,,Q3,559595.7192748114,329449.017355479,₹ Crore
2011-12,Current,2021-22,Government Final Consumption Expenditure,Quarterly,,,,,Q4,761158.6817503915,445830.34499907715,₹ Crore
2011-12,Current,2020-21,Government Final Consumption Expenditure,Quarterly,,,,,Q1,624721.0220553207,413194.64270328777,₹ Crore
2011-12,Current,2020-21,Government Final Consumption Expenditure,Quarterly,,,,,Q2,482237.55482959043,310473.14766124805,₹ Crore
2011-12,Current,2020-21,Government Final Consumption Expenditure,Quarterly,,,,,Q3,526600.6606289836,331726.45590995817,₹ Crore
2011-12,Current,2020-21,Government Final Consumption Expenditure,Quarterly,,,,,Q4,671988.2127973565,424730.11095286236,₹ Crore
2011-12,Current,2019-20,Government Final Consumption Expenditure,Quarterly,,,,,Q1,549731.1480286065,379818.8555995405,₹ Crore
2011-12,Current,2019-20,Government Final Consumption Expenditure,Quarterly,,,,,Q2,619769.613571417,420438.90797546227,₹ Crore
2011-12,Current,2019-20,Government Final Consumption Expenditure,Quarterly,,,,,Q3,523917.0001551517,347494.57303810783,₹ Crore
2011-12,Current,2019-20,Government Final Consumption Expenditure,Quarterly,,,,,Q4,518515.3267821703,343853.71684728377,₹ Crore
2011-12,Current,2018-19,Government Final Consumption Expenditure,Quarterly,,,,,Q1,544125.1190127513,387340.68707232934,₹ Crore
2011-12,Current,2018-19,Government Final Consumption Expenditure,Quarterly,,,,,Q2,570239.8338699825,398077.8198165227,₹ Crore
2011-12,Current,2018-19,Government Final Consumption Expenditure,Quarterly,,,,,Q3,476809.82544498605,331282.775850267,₹ Crore
2011-12,Current,2018-19,Government Final Consumption Expenditure,Quarterly,,,,,Q4,454377.6380927753,318243.91437113186,₹ Crore
2011-12,Current,2017-18,Government Final Consumption Expenditure,Quarterly,,,,,Q1,484811.31908783613,363307.4318805121,₹ Crore
2011-12,Current,2017-18,Government Final Consumption Expenditure,Quarterly,,,,,Q2,504289.77679270995,368364.4310763828,₹ Crore
2011-12,Current,2017-18,Government Final Consumption Expenditure,Quarterly,,,,,Q3,444759.2681991152,319987.0576361785,₹ Crore
2011-12,Current,2017-18,Government Final Consumption Expenditure,Quarterly,,,,,Q4,406258.4984019156,293183.7124896729,₹ Crore
2011-12,Current,2016-17,Government Final Consumption Expenditure,Quarterly,,,,,Q1,389045.79850593425,298932.95608064724,₹ Crore
2011-12,Current,2016-17,Government Final Consumption Expenditure,Quarterly,,,,,Q2,455122.40997072466,343179.35067603074,₹ Crore
2011-12,Current,2016-17,Government Final Consumption Expenditure,Quarterly,,,,,Q3,384784.46263913007,289775.4032693332,₹ Crore
2011-12,Current,2016-17,Government Final Consumption Expenditure,Quarterly,,,,,Q4,357704.92878265266,269710.3629807191,₹ Crore
2011-12,Current,2015-16,Government Final Consumption Expenditure,Quarterly,,,,,Q1,363606.11365903,291843.21089343674,₹ Crore
2011-12,Current,2015-16,Government Final Consumption Expenditure,Quarterly,,,,,Q2,425666.70046845515,335329.0485898129,₹ Crore
2011-12,Current,2015-16,Government Final Consumption Expenditure,Quarterly,,,,,Q3,349864.7099232604,272799.1732177755,₹ Crore
2011-12,Current,2015-16,Government Final Consumption Expenditure,Quarterly,,,,,Q4,297033.520138462,232831.06527964724,₹ Crore
2011-12,Current,2014-15,Government Final Consumption Expenditure,Quarterly,,,,,Q1,337037.39974153205,278563.6130263772,₹ Crore
2011-12,Current,2014-15,Government Final Consumption Expenditure,Quarterly,,,,,Q2,384486.81726675254,307608.7388773169,₹ Crore
2011-12,Current,2014-15,Government Final Consumption Expenditure,Quarterly,,,,,Q3,313546.6434512317,251973.18591831814,₹ Crore
2011-12,Current,2014-15,Government Final Consumption Expenditure,Quarterly,,,,,Q4,266690.91616597906,216005.34165408812,₹ Crore
2011-12,Current,2013-14,Government Final Consumption Expenditure,Quarterly,,,,,Q1,308484.91172006546,272180.5898325367,₹ Crore
2011-12,Current,2013-14,Government Final Consumption Expenditure,Quarterly,,,,,Q2,331309.4673305265,279484.7085333101,₹ Crore
2011-12,Current,2013-14,Government Final Consumption Expenditure,Quarterly,,,,,Q3,237025.2117986141,195395.19570821707,₹ Crore
2011-12,Current,2013-14,Government Final Consumption Expenditure,Quarterly,,,,,Q4,279689.44865398924,232764.62427400332,₹ Crore
2011-12,Current,2012-13,Government Final Consumption Expenditure,Quarterly,,,,,Q1,240744.7554731401,228822.6025094001,₹ Crore
2011-12,Current,2012-13,Government Final Consumption Expenditure,Quarterly,,,,,Q2,310869.5655808108,286153.23797594814,₹ Crore
2011-12,Current,2012-13,Government Final Consumption Expenditure,Quarterly,,,,,Q3,209686.9209882109,189644.93813293581,₹ Crore
2011-12,Current,2012-13,Government Final Consumption Expenditure,Quarterly,,,,,Q4,301102.82167512557,269642.1910609441,₹ Crore
2011-12,Current,2011-12,Government Final Consumption Expenditure,Quarterly,,,,,Q1,195528.21056813208,204165.14586691145,₹ Crore
2011-12,Current,2011-12,Government Final Consumption Expenditure,Quarterly,,,,,Q2,255853.44820141396,257146.7025830316,₹ Crore
2011-12,Current,2011-12,Government Final Consumption Expenditure,Quarterly,,,,,Q3,223407.76762890635,220375.09845720782,₹ Crore
2011-12,Current,2011-12,Government Final Consumption Expenditure,Quarterly,,,,,Q4,293585.57360154757,286688.05309284927,₹ Crore
2011-12,Current,2025-26,Change in Stock,Quarterly,,,,,Q1,124662.6423,80896.58155,₹ Crore
2011-12,Current,2025-26,Change in Stock,Quarterly,,,,,Q2,128548,83646,₹ Crore
2011-12,Current,2024-25,Change in Stock,Quarterly,,,,,Q1,118229.30439459987,76390.05469156761,₹ Crore
2011-12,Current,2024-25,Change in Stock,Quarterly,,,,,Q2,120494.3418861092,77908.34878465618,₹ Crore
2011-12,Current,2024-25,Change in Stock,Quarterly,,,,,Q3,117472.20608726265,75228.31015767314,₹ Crore
2011-12,Current,2024-25,Change in Stock,Quarterly,,,,,Q4,140985.26370946452,89700.78777699276,₹ Crore
2011-12,Current,2023-24,Change in Stock,Quarterly,,,,,Q1,107207.50688203429,71042.62863380989,₹ Crore
2011-12,Current,2023-24,Change in Stock,Quarterly,,,,,Q2,114577.90913420364,76306.08818377947,₹ Crore
2011-12,Current,2023-24,Change in Stock,Quarterly,,,,,Q3,109303.00570488315,72654.4734432833,₹ Crore
2011-12,Current,2023-24,Change in Stock,Quarterly,,,,,Q4,128482.57827887892,85606.80973912726,₹ Crore
2011-12,Current,2022-23,Change in Stock,Quarterly,,,,,Q1,74004.19656056812,48476.77128193831,₹ Crore
2011-12,Current,2022-23,Change in Stock,Quarterly,,,,,Q2,72052.34116766622,47748.822587964496,₹ Crore
2011-12,Current,2022-23,Change in Stock,Quarterly,,,,,Q3,69676.10855557995,46641.92624169218,₹ Crore
2011-12,Current,2022-23,Change in Stock,Quarterly,,,,,Q4,84118.09048876283,56309.40154092147,₹ Crore
2011-12,Current,2021-22,Change in Stock,Quarterly,,,,,Q1,48279.35805627957,37314.401134196305,₹ Crore
2011-12,Current,2021-22,Change in Stock,Quarterly,,,,,Q2,53299.33773723306,40523.85727593147,₹ Crore
2011-12,Current,2021-22,Change in Stock,Quarterly,,,,,Q3,51859.44039347138,38512.83393637499,₹ Crore
2011-12,Current,2021-22,Change in Stock,Quarterly,,,,,Q4,60399.07071470173,43851.90094522362,₹ Crore
2011-12,Current,2020-21,Change in Stock,Quarterly,,,,,Q1,6374.242986515873,4370.3170542039525,₹ Crore
2011-12,Current,2020-21,Change in Stock,Quarterly,,,,,Q2,9923.976131396665,6752.868899001876,₹ Crore
2011-12,Current,2020-21,Change in Stock,Quarterly,,,,,Q3,10131.05635681336,6760.03550234655,₹ Crore
2011-12,Current,2020-21,Change in Stock,Quarterly,,,,,Q4,12030.715478353715,7733.26146604443,₹ Crore
2011-12,Current,2019-20,Change in Stock,Quarterly,,,,,Q1,33911.4807056536,27156.492846291392,₹ Crore
2011-12,Current,2019-20,Change in Stock,Quarterly,,,,,Q2,33547.509560820516,27009.340272330865,₹ Crore
2011-12,Current,2019-20,Change in Stock,Quarterly,,,,,Q3,32454.037076628065,26136.369249513344,₹ Crore
2011-12,Current,2019-20,Change in Stock,Quarterly,,,,,Q4,35317.76442135749,28235.018318097427,₹ Crore
2011-12,Current,2018-19,Change in Stock,Quarterly,,,,,Q1,76507.04046916481,63762.31344509349,₹ Crore
2011-12,Current,2018-19,Change in Stock,Quarterly,,,,,Q2,79711.93830552202,65794.90951080302,₹ Crore
2011-12,Current,2018-19,Change in Stock,Quarterly,,,,,Q3,77518.21302928706,63606.69284294326,₹ Crore
2011-12,Current,2018-19,Change in Stock,Quarterly,,,,,Q4,84497.1778437392,69606.87802588491,₹ Crore
2011-12,Current,2017-18,Change in Stock,Quarterly,,,,,Q1,54473.79620211099,47837.28042984462,₹ Crore
2011-12,Current,2017-18,Change in Stock,Quarterly,,,,,Q2,59108.41123702201,51708.81015567103,₹ Crore
2011-12,Current,2017-18,Change in Stock,Quarterly,,,,,Q3,57884.701640931446,50223.21898198151,₹ Crore
2011-12,Current,2017-18,Change in Stock,Quarterly,,,,,Q4,66113.8930099788,56666.956806460665,₹ Crore
2011-12,Current,2016-17,Change in Stock,Quarterly,,,,,Q1,34080.99814244543,30561.573897052156,₹ Crore
2011-12,Current,2016-17,Change in Stock,Quarterly,,,,,Q2,34072.39784722077,30378.28623928957,₹ Crore
2011-12,Current,2016-17,Change in Stock,Quarterly,,,,,Q3,32835.654984515735,29099.758376320475,₹ Crore
2011-12,Current,2016-17,Change in Stock,Quarterly,,,,,Q4,37094.23579695806,32599.715408467742,₹ Crore
2011-12,Current,2015-16,Change in Stock,Quarterly,,,,,Q1,64910.49919072848,58663.81744683024,₹ Crore
2011-12,Current,2015-16,Change in Stock,Quarterly,,,,,Q2,65316.18102723096,59498.16004876631,₹ Crore
2011-12,Current,2015-16,Change in Stock,Quarterly,,,,,Q3,61886.67986117676,56667.722530901905,₹ Crore
2011-12,Current,2015-16,Change in Stock,Quarterly,,,,,Q4,70363.87184990892,64727.14245918087,₹ Crore
2011-12,Current,2014-15,Change in Stock,Quarterly,,,,,Q1,78435.25851154339,68881.0095849077,₹ Crore
2011-12,Current,2014-15,Change in Stock,Quarterly,,,,,Q2,79320.00514420199,69140.1689775009,₹ Crore
2011-12,Current,2014-15,Change in Stock,Quarterly,,,,,Q3,72448.14203214717,63605.11992025307,₹ Crore
2011-12,Current,2014-15,Change in Stock,Quarterly,,,,,Q4,82494.26193294527,73124.77443402156,₹ Crore
2011-12,Current,2013-14,Change in Stock,Quarterly,,,,,Q1,34869.694041173614,31849.08981382638,₹ Crore
2011-12,Current,2013-14,Change in Stock,Quarterly,,,,,Q2,35820.381703678395,32224.165970125214,₹ Crore
2011-12,Current,2013-14,Change in Stock,Quarterly,,,,,Q3,35128.25277482063,31359.36515141121,₹ Crore
2011-12,Current,2013-14,Change in Stock,Quarterly,,,,,Q4,38802.97926077582,34325.35038420816,₹ Crore
2011-12,Current,2012-13,Change in Stock,Quarterly,,,,,Q1,51093.80007155555,48568.68514932766,₹ Crore
2011-12,Current,2012-13,Change in Stock,Quarterly,,,,,Q2,54003.40290111713,50684.93005921465,₹ Crore
2011-12,Current,2012-13,Change in Stock,Quarterly,,,,,Q3,51525.07352510753,48221.46425615316,₹ Crore
2011-12,Current,2012-13,Change in Stock,Quarterly,,,,,Q4,57902.107805758096,54053.035437548584,₹ Crore
2011-12,Current,2011-12,Change in Stock,Quarterly,,,,,Q1,51753.98253801765,52515.895196528,₹ Crore
2011-12,Current,2011-12,Change in Stock,Quarterly,,,,,Q2,48668.05218364979,49135.349825928395,₹ Crore
2011-12,Current,2011-12,Change in Stock,Quarterly,,,,,Q3,49374.633380668885,49219.42317691568,₹ Crore
2011-12,Current,2011-12,Change in Stock,Quarterly,,,,,Q4,58186.519713019625,57112.47234153042,₹ Crore
2011-12,Current,2025-26,Valuables,Quarterly,,,,,Q1,35911.33029,16159.77061,₹ Crore
2011-12,Current,2025-26,Valuables,Quarterly,,,,,Q2,240142,102463,₹ Crore
2011-12,Current,2024-25,Valuables,Quarterly,,,,,Q1,37571.1114372257,20848.86643950148,₹ Crore
2011-12,Current,2024-25,Valuables,Quarterly,,,,,Q2,238202.4801991931,132481.65372754348,₹ Crore
2011-12,Current,2024-25,Valuables,Quarterly,,,,,Q3,136221.4212623709,72973.90670316092,₹ Crore
2011-12,Current,2024-25,Valuables,Quarterly,,,,,Q4,88789.51686371281,44453.32987342301,₹ Crore
2011-12,Current,2023-24,Valuables,Quarterly,,,,,Q1,43057.68803455832,27109.18789937313,₹ Crore
2011-12,Current,2023-24,Valuables,Quarterly,,,,,Q2,161867.18818249623,105307.89870371272,₹ Crore
2011-12,Current,2023-24,Valuables,Quarterly,,,,,Q3,116762.4229416781,73370.92204237984,₹ Crore
2011-12,Current,2023-24,Valuables,Quarterly,,,,,Q4,103231.44930960971,63318.228509912646,₹ Crore
2011-12,Current,2022-23,Valuables,Quarterly,,,,,Q1,51833.8299401047,36360.82691821896,₹ Crore
2011-12,Current,2022-23,Valuables,Quarterly,,,,,Q2,163284.36370655964,112539.97811446681,₹ Crore
2011-12,Current,2022-23,Valuables,Quarterly,,,,,Q3,70032.2097509253,47419.92617798954,₹ Crore
2011-12,Current,2022-23,Valuables,Quarterly,,,,,Q4,59338.7106485424,38825.42172183798,₹ Crore
2011-12,Current,2021-22,Valuables,Quarterly,,,,,Q1,30536.51850354504,22377.576444939634,₹ Crore
2011-12,Current,2021-22,Valuables,Quarterly,,,,,Q2,182899.9924735504,136470.64499471697,₹ Crore
2011-12,Current,2021-22,Valuables,Quarterly,,,,,Q3,101740.4378447585,74740.56879605871,₹ Crore
2011-12,Current,2021-22,Valuables,Quarterly,,,,,Q4,69837.71213274676,49510.22517207932,₹ Crore
2011-12,Current,2020-21,Valuables,Quarterly,,,,,Q1,4581.120387721137,3893.353614792744,₹ Crore
2011-12,Current,2020-21,Valuables,Quarterly,,,,,Q2,70899.9455151985,53784.92939165674,₹ Crore
2011-12,Current,2020-21,Valuables,Quarterly,,,,,Q3,68211.765250903,52306.467453980586,₹ Crore
2011-12,Current,2020-21,Valuables,Quarterly,,,,,Q4,135128.06753695992,103671.11060530368,₹ Crore
2011-12,Current,2019-20,Valuables,Quarterly,,,,,Q1,48201.61447463001,43887.305886682574,₹ Crore
2011-12,Current,2019-20,Valuables,Quarterly,,,,,Q2,53710.738986494165,44241.7802803827,₹ Crore
2011-12,Current,2019-20,Valuables,Quarterly,,,,,Q3,49821.44032272308,37118.532940313446,₹ Crore
2011-12,Current,2019-20,Valuables,Quarterly,,,,,Q4,43066.696686043804,39279.138768580895,₹ Crore
2011-12,Current,2018-19,Valuables,Quarterly,,,,,Q1,53629.71557193282,46449.273086232344,₹ Crore
2011-12,Current,2018-19,Valuables,Quarterly,,,,,Q2,59785.407292424454,50462.132051412955,₹ Crore
2011-12,Current,2018-19,Valuables,Quarterly,,,,,Q3,59676.85532434253,44382.56460631098,₹ Crore
2011-12,Current,2018-19,Valuables,Quarterly,,,,,Q4,53012.35185246165,50410.464339414924,₹ Crore
2011-12,Current,2017-18,Valuables,Quarterly,,,,,Q1,81416.39719177256,69319.13541240519,₹ Crore
2011-12,Current,2017-18,Valuables,Quarterly,,,,,Q2,58760.824965608255,51039.54609812431,₹ Crore
2011-12,Current,2017-18,Valuables,Quarterly,,,,,Q3,54465.485444464495,43541.08193091701,₹ Crore
2011-12,Current,2017-18,Valuables,Quarterly,,,,,Q4,47042.66877715585,48406.75201274929,₹ Crore
2011-12,Current,2016-17,Valuables,Quarterly,,,,,Q1,38439.00534315614,35095.08523284474,₹ Crore
2011-12,Current,2016-17,Valuables,Quarterly,,,,,Q2,44547.281342871,37226.325012095134,₹ Crore
2011-12,Current,2016-17,Valuables,Quarterly,,,,,Q3,43233.47430129795,35698.26630244391,₹ Crore
2011-12,Current,2016-17,Valuables,Quarterly,,,,,Q4,41106.559534653934,43459.19606461983,₹ Crore
2011-12,Current,2015-16,Valuables,Quarterly,,,,,Q1,46212.18348111307,41485.49505331603,₹ Crore
2011-12,Current,2015-16,Valuables,Quarterly,,,,,Q2,52176.60403273304,48494.57807042865,₹ Crore
2011-12,Current,2015-16,Valuables,Quarterly,,,,,Q3,51419.26881120923,45507.31206129024,₹ Crore
2011-12,Current,2015-16,Valuables,Quarterly,,,,,Q4,53697.909224876545,50499.02063067303,₹ Crore
2011-12,Current,2014-15,Valuables,Quarterly,,,,,Q1,53194.50126174635,49133.3179553938,₹ Crore
2011-12,Current,2014-15,Valuables,Quarterly,,,,,Q2,48591.682221961724,45222.79762370133,₹ Crore
2011-12,Current,2014-15,Valuables,Quarterly,,,,,Q3,45802.181072999454,40230.95916998781,₹ Crore
2011-12,Current,2014-15,Valuables,Quarterly,,,,,Q4,61818.31223120713,53369.71498139399,₹ Crore
2011-12,Current,2013-14,Valuables,Quarterly,,,,,Q1,38189.87334585298,37116.57356364078,₹ Crore
2011-12,Current,2013-14,Valuables,Quarterly,,,,,Q2,40720.41537131453,37741.66997256133,₹ Crore
2011-12,Current,2013-14,Valuables,Quarterly,,,,,Q3,35542.021768298364,32398.864817070607,₹ Crore
2011-12,Current,2013-14,Valuables,Quarterly,,,,,Q4,47309.119007425084,41621.98541661529,₹ Crore
2011-12,Current,2012-13,Valuables,Quarterly,,,,,Q1,68569.51832073148,69769.10758151913,₹ Crore
2011-12,Current,2012-13,Valuables,Quarterly,,,,,Q2,67458.29481029688,64580.46099683427,₹ Crore
2011-12,Current,2012-13,Valuables,Quarterly,,,,,Q3,69905.85574122352,60195.958901288745,₹ Crore
2011-12,Current,2012-13,Valuables,Quarterly,,,,,Q4,67840.85548657128,65403.75178333408,₹ Crore
2011-12,Current,2011-12,Valuables,Quarterly,,,,,Q1,55260.046838162234,59926.72776687082,₹ Crore
2011-12,Current,2011-12,Valuables,Quarterly,,,,,Q2,65317.84606132199,65430.20276586915,₹ Crore
2011-12,Current,2011-12,Valuables,Quarterly,,,,,Q3,62021.0910041671,60517.138877874466,₹ Crore
2011-12,Current,2011-12,Valuables,Quarterly,,,,,Q4,70434.34938362867,67159.26387666557,₹ Crore
2011-12,Current,2025-26,Export of Goods and Services,Quarterly,,,,,Q1,1795658.841,974178.5283,₹ Crore
2011-12,Current,2025-26,Export of Goods and Services,Quarterly,,,,,Q2,1837597,1046884,₹ Crore
2011-12,Current,2024-25,Export of Goods and Services,Quarterly,,,,,Q1,1660610.4516339265,916189.1414092332,₹ Crore
2011-12,Current,2024-25,Export of Goods and Services,Quarterly,,,,,Q2,1655030.1834981188,991507.5182755792,₹ Crore
2011-12,Current,2024-25,Export of Goods and Services,Quarterly,,,,,Q3,1796473.840397983,1046234.3157593647,₹ Crore
2011-12,Current,2024-25,Export of Goods and Services,Quarterly,,,,,Q4,1885715.5397410917,1114167.2025350442,₹ Crore
2011-12,Current,2023-24,Export of Goods and Services,Quarterly,,,,,Q1,1520529.156408285,846035.1702357645,₹ Crore
2011-12,Current,2023-24,Export of Goods and Services,Quarterly,,,,,Q2,1579369.3704642956,962377.5451813218,₹ Crore
2011-12,Current,2023-24,Export of Goods and Services,Quarterly,,,,,Q3,1614302.9243465986,944237.855080908,₹ Crore
2011-12,Current,2023-24,Export of Goods and Services,Quarterly,,,,,Q4,1746780.322678087,1072843.7650247365,₹ Crore
2011-12,Current,2022-23,Export of Goods and Services,Quarterly,,,,,Q1,1528755.5364967235,909583.7864979821,₹ Crore
2011-12,Current,2022-23,Export of Goods and Services,Quarterly,,,,,Q2,1524344.6392277959,920147.246432597,₹ Crore
2011-12,Current,2022-23,Export of Goods and Services,Quarterly,,,,,Q3,1547369.7239066393,917180.0278229321,₹ Crore
2011-12,Current,2022-23,Export of Goods and Services,Quarterly,,,,,Q4,1651979.4103553744,996398.990631013,₹ Crore
2011-12,Current,2021-22,Export of Goods and Services,Quarterly,,,,,Q1,1123062.336936077,785790.7444348007,₹ Crore
2011-12,Current,2021-22,Export of Goods and Services,Quarterly,,,,,Q2,1219943.0610548933,848921.8834226195,₹ Crore
2011-12,Current,2021-22,Export of Goods and Services,Quarterly,,,,,Q3,1306147.256711903,847631.5211347225,₹ Crore
2011-12,Current,2021-22,Export of Goods and Services,Quarterly,,,,,Q4,1400492.0182547583,910763.0288516639,₹ Crore
2011-12,Current,2020-21,Export of Goods and Services,Quarterly,,,,,Q1,749914.0763063371,536467.3081750605,₹ Crore
2011-12,Current,2020-21,Export of Goods and Services,Quarterly,,,,,Q2,929566.0690507961,677013.2890149808,₹ Crore
2011-12,Current,2020-21,Export of Goods and Services,Quarterly,,,,,Q3,959784.6324136605,661490.1830597247,₹ Crore
2011-12,Current,2020-21,Export of Goods and Services,Quarterly,,,,,Q4,1069972.1282352428,743181.7265509686,₹ Crore
2011-12,Current,2019-20,Export of Goods and Services,Quarterly,,,,,Q1,930664.8104313399,703218.9884539652,₹ Crore
2011-12,Current,2019-20,Export of Goods and Services,Quarterly,,,,,Q2,927287.4158148757,705137.9036935972,₹ Crore
2011-12,Current,2019-20,Export of Goods and Services,Quarterly,,,,,Q3,963769.8381459911,706925.6609392402,₹ Crore
2011-12,Current,2019-20,Export of Goods and Services,Quarterly,,,,,Q4,930465.7602315916,698611.1012149594,₹ Crore
2011-12,Current,2018-19,Export of Goods and Services,Quarterly,,,,,Q1,870373.8433406518,684204.3797157146,₹ Crore
2011-12,Current,2018-19,Export of Goods and Services,Quarterly,,,,,Q2,924644.9529739422,717628.2544918905,₹ Crore
2011-12,Current,2018-19,Export of Goods and Services,Quarterly,,,,,Q3,983151.7492378604,744836.5693475538,₹ Crore
2011-12,Current,2018-19,Export of Goods and Services,Quarterly,,,,,Q4,988122.9878332363,765811.2790664897,₹ Crore
2011-12,Current,2017-18,Export of Goods and Services,Quarterly,,,,,Q1,758515.4772156918,626932.7017885768,₹ Crore
2011-12,Current,2017-18,Export of Goods and Services,Quarterly,,,,,Q2,784764.9490383805,639985.6481756808,₹ Crore
2011-12,Current,2017-18,Export of Goods and Services,Quarterly,,,,,Q3,817204.811680271,646679.4391073223,₹ Crore
2011-12,Current,2017-18,Export of Goods and Services,Quarterly,,,,,Q4,851035.3335068339,688414.0089932327,₹ Crore
2011-12,Current,2016-17,Export of Goods and Services,Quarterly,,,,,Q1,704794.9034417019,603117.8098636516,₹ Crore
2011-12,Current,2016-17,Export of Goods and Services,Quarterly,,,,,Q2,720886.1668212321,611524.2701659113,₹ Crore
2011-12,Current,2016-17,Export of Goods and Services,Quarterly,,,,,Q3,743329.3202809931,618791.5466735589,₹ Crore
2011-12,Current,2016-17,Export of Goods and Services,Quarterly,,,,,Q4,779761.7159855181,654988.9526962473,₹ Crore
2011-12,Current,2015-16,Export of Goods and Services,Quarterly,,,,,Q1,671293.8470525045,582461.4722922089,₹ Crore
2011-12,Current,2015-16,Export of Goods and Services,Quarterly,,,,,Q2,687100.6106157851,596858.6141042283,₹ Crore
2011-12,Current,2015-16,Export of Goods and Services,Quarterly,,,,,Q3,677377.3583711464,578983.4565203242,₹ Crore
2011-12,Current,2015-16,Export of Goods and Services,Quarterly,,,,,Q4,692875.6059593986,611978.0933868522,₹ Crore
2011-12,Current,2014-15,Export of Goods and Services,Quarterly,,,,,Q1,706895.726583947,622484.5822418556,₹ Crore
2011-12,Current,2014-15,Export of Goods and Services,Quarterly,,,,,Q2,727107.8590567581,626568.0929796827,₹ Crore
2011-12,Current,2014-15,Export of Goods and Services,Quarterly,,,,,Q3,732620.0391711837,635337.9614034024,₹ Crore
2011-12,Current,2014-15,Export of Goods and Services,Quarterly,,,,,Q4,697012.6533644771,627753.9997590809,₹ Crore
2011-12,Current,2013-14,Export of Goods and Services,Quarterly,,,,,Q1,616226.4836772573,550329.8336540902,₹ Crore
2011-12,Current,2013-14,Export of Goods and Services,Quarterly,,,,,Q2,747412.7919232657,645078.061871604,₹ Crore
2011-12,Current,2013-14,Export of Goods and Services,Quarterly,,,,,Q3,726997.8810457791,613839.6071617547,₹ Crore
2011-12,Current,2013-14,Export of Goods and Services,Quarterly,,,,,Q4,766144.1435693529,659021.4141501238,₹ Crore
2011-12,Current,2012-13,Export of Goods and Services,Quarterly,,,,,Q1,555655.0267185079,532776.1228845492,₹ Crore
2011-12,Current,2012-13,Export of Goods and Services,Quarterly,,,,,Q2,694342.2041248424,652251.175379239,₹ Crore
2011-12,Current,2012-13,Export of Goods and Services,Quarterly,,,,,Q3,566043.3929024993,528616.5367658035,₹ Crore
2011-12,Current,2012-13,Export of Goods and Services,Quarterly,,,,,Q4,623666.3762541503,576192.149014703,₹ Crore
2011-12,Current,2011-12,Export of Goods and Services,Quarterly,,,,,Q1,493074.8776915286,506866.90870255965,₹ Crore
2011-12,Current,2011-12,Export of Goods and Services,Quarterly,,,,,Q2,503937.31466481386,507189.1922947212,₹ Crore
2011-12,Current,2011-12,Export of Goods and Services,Quarterly,,,,,Q3,557993.2676540371,553499.2080751999,₹ Crore
2011-12,Current,2011-12,Export of Goods and Services,Quarterly,,,,,Q4,588925.5399896203,576375.6909275193,₹ Crore
2011-12,Current,2025-26,Import of Goods and Services,Quarterly,,,,,Q1,1957809.411,1216001.549,₹ Crore
2011-12,Current,2025-26,Import of Goods and Services,Quarterly,,,,,Q2,2138230,1315253,₹ Crore
2011-12,Current,2024-25,Import of Goods and Services,Quarterly,,,,,Q1,1848993.3784427335,1096706.4136169748,₹ Crore
2011-12,Current,2024-25,Import of Goods and Services,Quarterly,,,,,Q2,1973218.951126863,1166500.4868775806,₹ Crore
2011-12,Current,2024-25,Import of Goods and Services,Quarterly,,,,,Q3,2018480.7907633125,1043395.0314033257,₹ Crore
2011-12,Current,2024-25,Import of Goods and Services,Quarterly,,,,,Q4,1926170.1475190623,922787.5703531571,₹ Crore
2011-12,Current,2023-24,Import of Goods and Services,Quarterly,,,,,Q1,1686275.9986017607,1114042.031016757,₹ Crore
2011-12,Current,2023-24,Import of Goods and Services,Quarterly,,,,,Q2,1770480.8603435282,1154462.8108853544,₹ Crore
2011-12,Current,2023-24,Import of Goods and Services,Quarterly,,,,,Q3,1823417.3997456152,1065420.3627810988,₹ Crore
2011-12,Current,2023-24,Import of Goods and Services,Quarterly,,,,,Q4,1812018.0068518892,1056689.2131020247,₹ Crore
2011-12,Current,2022-23,Import of Goods and Services,Quarterly,,,,,Q1,1771718.0833238647,943759.2991530993,₹ Crore
2011-12,Current,2022-23,Import of Goods and Services,Quarterly,,,,,Q2,1870032.4326489554,1010069.7290574529,₹ Crore
2011-12,Current,2022-23,Import of Goods and Services,Quarterly,,,,,Q3,1811478.5675278062,957144.0135951124,₹ Crore
2011-12,Current,2022-23,Import of Goods and Services,Quarterly,,,,,Q4,1759798.3911330036,948895.6562189958,₹ Crore
2011-12,Current,2021-22,Import of Goods and Services,Quarterly,,,,,Q1,1161467.1415166217,760671.0171753669,₹ Crore
2011-12,Current,2021-22,Import of Goods and Services,Quarterly,,,,,Q2,1361899.1516102254,885952.787426059,₹ Crore
2011-12,Current,2021-22,Import of Goods and Services,Quarterly,,,,,Q3,1546647.8338754352,930346.2191174342,₹ Crore
2011-12,Current,2021-22,Import of Goods and Services,Quarterly,,,,,Q4,1599008.4842678707,966775.3961896095,₹ Crore
2011-12,Current,2020-21,Import of Goods and Services,Quarterly,,,,,Q1,672879.6827338387,524126.7191946983,₹ Crore
2011-12,Current,2020-21,Import of Goods and Services,Quarterly,,,,,Q2,878955.4358593805,698471.3094488694,₹ Crore
2011-12,Current,2020-21,Import of Goods and Services,Quarterly,,,,,Q3,1038457.2402324445,775343.9116793929,₹ Crore
2011-12,Current,2020-21,Import of Goods and Services,Quarterly,,,,,Q4,1197001.2174790688,904521.0456657021,₹ Crore
2011-12,Current,2019-20,Import of Goods and Services,Quarterly,,,,,Q1,1117374.8404136111,877901.4445505954,₹ Crore
2011-12,Current,2019-20,Import of Goods and Services,Quarterly,,,,,Q2,1060389.1387289674,837949.4005803623,₹ Crore
2011-12,Current,2019-20,Import of Goods and Services,Quarterly,,,,,Q3,1066233.9628945396,807596.5468512037,₹ Crore
2011-12,Current,2019-20,Import of Goods and Services,Quarterly,,,,,Q4,1026234.0869208479,798309.3134042925,₹ Crore
2011-12,Current,2018-19,Import of Goods and Services,Quarterly,,,,,Q1,1057121.5998593697,804000.2748855269,₹ Crore
2011-12,Current,2018-19,Import of Goods and Services,Quarterly,,,,,Q2,1139191.2449463513,856914.6771980156,₹ Crore
2011-12,Current,2018-19,Import of Goods and Services,Quarterly,,,,,Q3,1188199.6857554587,869202.810349956,₹ Crore
2011-12,Current,2018-19,Import of Goods and Services,Quarterly,,,,,Q4,1092656.525447445,819742.8086270476,₹ Crore
2011-12,Current,2017-18,Import of Goods and Services,Quarterly,,,,,Q1,912523.4821755346,763828.3948743485,₹ Crore
2011-12,Current,2017-18,Import of Goods and Services,Quarterly,,,,,Q2,877554.8379736011,725604.2118153461,₹ Crore
2011-12,Current,2017-18,Import of Goods and Services,Quarterly,,,,,Q3,970030.1494362351,775329.7863703714,₹ Crore
2011-12,Current,2017-18,Import of Goods and Services,Quarterly,,,,,Q4,991280.9474863956,813511.4147391374,₹ Crore
2011-12,Current,2016-17,Import of Goods and Services,Quarterly,,,,,Q1,760291.9532634126,627452.8538864519,₹ Crore
2011-12,Current,2016-17,Import of Goods and Services,Quarterly,,,,,Q2,800974.2268930044,656241.3993634342,₹ Crore
2011-12,Current,2016-17,Import of Goods and Services,Quarterly,,,,,Q3,847859.571244035,679557.0112766647,₹ Crore
2011-12,Current,2016-17,Import of Goods and Services,Quarterly,,,,,Q4,811465.6759888625,658341.5166239112,₹ Crore
2011-12,Current,2015-16,Import of Goods and Services,Quarterly,,,,,Q1,757977.5481586813,624902.04032258,₹ Crore
2011-12,Current,2015-16,Import of Goods and Services,Quarterly,,,,,Q2,795276.8256461454,656932.9697597421,₹ Crore
2011-12,Current,2015-16,Import of Goods and Services,Quarterly,,,,,Q3,758572.01029057,614329.5465080816,₹ Crore
2011-12,Current,2015-16,Import of Goods and Services,Quarterly,,,,,Q4,733097.0178509707,615375.2163605884,₹ Crore
2011-12,Current,2014-15,Import of Goods and Services,Quarterly,,,,,Q1,800616.5669475776,663204.8895195345,₹ Crore
2011-12,Current,2014-15,Import of Goods and Services,Quarterly,,,,,Q2,840838.8115761493,681671.425704883,₹ Crore
2011-12,Current,2014-15,Import of Goods and Services,Quarterly,,,,,Q3,836454.2608483268,680646.1548576845,₹ Crore
2011-12,Current,2014-15,Import of Goods and Services,Quarterly,,,,,Q4,758052.2864138915,642072.7908775142,₹ Crore
2011-12,Current,2013-14,Import of Goods and Services,Quarterly,,,,,Q1,768364.7276051685,657363.3764294109,₹ Crore
2011-12,Current,2013-14,Import of Goods and Services,Quarterly,,,,,Q2,827689.8096024891,684552.4919152021,₹ Crore
2011-12,Current,2013-14,Import of Goods and Services,Quarterly,,,,,Q3,783768.9899607098,632540.6644366619,₹ Crore
2011-12,Current,2013-14,Import of Goods and Services,Quarterly,,,,,Q4,811987.3714380427,670098.5507193089,₹ Crore
2011-12,Current,2012-13,Import of Goods and Services,Quarterly,,,,,Q1,715867.4364437764,677719.5852658448,₹ Crore
2011-12,Current,2012-13,Import of Goods and Services,Quarterly,,,,,Q2,803996.6940108794,745413.7411886333,₹ Crore
2011-12,Current,2012-13,Import of Goods and Services,Quarterly,,,,,Q3,798750.1360376133,736031.6048150746,₹ Crore
2011-12,Current,2012-13,Import of Goods and Services,Quarterly,,,,,Q4,789813.733507731,719914.208183411,₹ Crore
2011-12,Current,2011-12,Import of Goods and Services,Quarterly,,,,,Q1,626234.5577558859,643806.2865597456,₹ Crore
2011-12,Current,2011-12,Import of Goods and Services,Quarterly,,,,,Q2,636896.3868381849,640633.5731652926,₹ Crore
2011-12,Current,2011-12,Import of Goods and Services,Quarterly,,,,,Q3,719821.613295542,713920.5627336632,₹ Crore
2011-12,Current,2011-12,Import of Goods and Services,Quarterly,,,,,Q4,732601.4421103871,717193.5775412981,₹ Crore
2011-12,Current,2025-26,Net Taxes on Products,Quarterly,,,,,Q1,780687.4964,324788.9874,₹ Crore
2011-12,Current,2025-26,Net Taxes on Products,Quarterly,,,,,Q2,755695,386426,₹ Crore
2011-12,Current,2024-25,Net Taxes on Products,Quarterly,,,,,Q1,713227.6632881248,294333.1580405687,₹ Crore
2011-12,Current,2024-25,Net Taxes on Products,Quarterly,,,,,Q2,695662.313692932,352980.7680345061,₹ Crore
2011-12,Current,2024-25,Net Taxes on Products,Quarterly,,,,,Q3,766105.540324321,403056.01560150273,₹ Crore
2011-12,Current,2024-25,Net Taxes on Products,Quarterly,,,,,Q4,871117.0643118639,559139.2913197232,₹ Crore
2011-12,Current,2023-24,Net Taxes on Products,Quarterly,,,,,Q1,640075.9179928424,277662.6114318012,₹ Crore
2011-12,Current,2023-24,Net Taxes on Products,Quarterly,,,,,Q2,640567.9780536452,341614.92690571304,₹ Crore
2011-12,Current,2023-24,Net Taxes on Products,Quarterly,,,,,Q3,719374.9398646895,383761.6097653974,₹ Crore
2011-12,Current,2023-24,Net Taxes on Products,Quarterly,,,,,Q4,710049.01063543,496075.2951271888,₹ Crore
2011-12,Current,2022-23,Net Taxes on Products,Quarterly,,,,,Q1,585833.6501649516,262174.2674251725,₹ Crore
2011-12,Current,2022-23,Net Taxes on Products,Quarterly,,,,,Q2,562796.4499699567,308512.3362112255,₹ Crore
2011-12,Current,2022-23,Net Taxes on Products,Quarterly,,,,,Q3,560182.2085708892,298397.5201468435,₹ Crore
2011-12,Current,2022-23,Net Taxes on Products,Quarterly,,,,,Q4,534962.5614247192,417800.99269306054,₹ Crore
2011-12,Current,2021-22,Net Taxes on Products,Quarterly,,,,,Q1,418089.54050529003,188181.5517640193,₹ Crore
2011-12,Current,2021-22,Net Taxes on Products,Quarterly,,,,,Q2,494468.4256170001,275390.5229183249,₹ Crore
2011-12,Current,2021-22,Net Taxes on Products,Quarterly,,,,,Q3,544943.9350490067,300976.996714639,₹ Crore
2011-12,Current,2021-22,Net Taxes on Products,Quarterly,,,,,Q4,504312.99265871383,380457.15264035435,₹ Crore
2011-12,Current,2020-21,Net Taxes on Products,Quarterly,,,,,Q1,201367.4918365148,124553.89002106106,₹ Crore
2011-12,Current,2020-21,Net Taxes on Products,Quarterly,,,,,Q2,419319.67529671267,254284.3459617775,₹ Crore
2011-12,Current,2020-21,Net Taxes on Products,Quarterly,,,,,Q3,502662.2338560801,268463.10422688304,₹ Crore
2011-12,Current,2020-21,Net Taxes on Products,Quarterly,,,,,Q4,519749.46113318764,360223.3295226325,₹ Crore
2011-12,Current,2019-20,Net Taxes on Products,Quarterly,,,,,Q1,395910.0205923822,261611.54490008112,₹ Crore
2011-12,Current,2019-20,Net Taxes on Products,Quarterly,,,,,Q2,392109.91293773614,290169.7182479305,₹ Crore
2011-12,Current,2019-20,Net Taxes on Products,Quarterly,,,,,Q3,472527.95709108654,302587.2475067256,₹ Crore
2011-12,Current,2019-20,Net Taxes on Products,Quarterly,,,,,Q4,461927.6507865451,444171.85367747303,₹ Crore
2011-12,Current,2018-19,Net Taxes on Products,Quarterly,,,,,Q1,395139.4576223288,235157.81916663377,₹ Crore
2011-12,Current,2018-19,Net Taxes on Products,Quarterly,,,,,Q2,445078.41641887,276091.19803207275,₹ Crore
2011-12,Current,2018-19,Net Taxes on Products,Quarterly,,,,,Q3,483460.177357452,296663.66196427867,₹ Crore
2011-12,Current,2018-19,Net Taxes on Products,Quarterly,,,,,Q4,400862.0923625389,451203.487769702,₹ Crore
2011-12,Current,2017-18,Net Taxes on Products,Quarterly,,,,,Q1,301395.63190282043,208228.8291617334,₹ Crore
2011-12,Current,2017-18,Net Taxes on Products,Quarterly,,,,,Q2,383446.15049267234,250525.43685334083,₹ Crore
2011-12,Current,2017-18,Net Taxes on Products,Quarterly,,,,,Q3,347624.8397128689,252196.6345726233,₹ Crore
2011-12,Current,2017-18,Net Taxes on Products,Quarterly,,,,,Q4,551909.9978916375,399460.360972947,₹ Crore
2011-12,Current,2016-17,Net Taxes on Products,Quarterly,,,,,Q1,239572.12731785607,166361.4079889562,₹ Crore
2011-12,Current,2016-17,Net Taxes on Products,Quarterly,,,,,Q2,327675.1648609163,243762.1094443486,₹ Crore
2011-12,Current,2016-17,Net Taxes on Products,Quarterly,,,,,Q3,336881.57712657657,244007.5552588976,₹ Crore
2011-12,Current,2016-17,Net Taxes on Products,Quarterly,,,,,Q4,522339.9559328612,325777.5262037148,₹ Crore
2011-12,Current,2015-16,Net Taxes on Products,Quarterly,,,,,Q1,170676.03989093658,168087.37759088725,₹ Crore
2011-12,Current,2015-16,Net Taxes on Products,Quarterly,,,,,Q2,263942.10012708325,189862.4724523779,₹ Crore
2011-12,Current,2015-16,Net Taxes on Products,Quarterly,,,,,Q3,271962.6055419529,199383.31213041255,₹ Crore
2011-12,Current,2015-16,Net Taxes on Products,Quarterly,,,,,Q4,490794.4870921415,320289.6272099917,₹ Crore
2011-12,Current,2014-15,Net Taxes on Products,Quarterly,,,,,Q1,106494.57008527871,158596.73838607734,₹ Crore
2011-12,Current,2014-15,Net Taxes on Products,Quarterly,,,,,Q2,183374.6544059622,182885.76864881534,₹ Crore
2011-12,Current,2014-15,Net Taxes on Products,Quarterly,,,,,Q3,244553.446715964,188936.88749655942,₹ Crore
2011-12,Current,2014-15,Net Taxes on Products,Quarterly,,,,,Q4,429256.9687927952,285121.4497384066,₹ Crore
2011-12,Current,2013-14,Net Taxes on Products,Quarterly,,,,,Q1,123997.22447768692,141166.77656053007,₹ Crore
2011-12,Current,2013-14,Net Taxes on Products,Quarterly,,,,,Q2,174350.89019072568,163181.66070508212,₹ Crore
2011-12,Current,2013-14,Net Taxes on Products,Quarterly,,,,,Q3,214924.86337692803,183056.39593059942,₹ Crore
2011-12,Current,2013-14,Net Taxes on Products,Quarterly,,,,,Q4,357096.2638625973,250318.36818781262,₹ Crore
2011-12,Current,2012-13,Net Taxes on Products,Quarterly,,,,,Q1,125801.21737066517,130634.2694364991,₹ Crore
2011-12,Current,2012-13,Net Taxes on Products,Quarterly,,,,,Q2,154746.46623327862,148037.14219681127,₹ Crore
2011-12,Current,2012-13,Net Taxes on Products,Quarterly,,,,,Q3,191514.26262341253,167239.01296986872,₹ Crore
2011-12,Current,2012-13,Net Taxes on Products,Quarterly,,,,,Q4,269259.0557858804,220830.8768733372,₹ Crore
2011-12,Current,2011-12,Net Taxes on Products,Quarterly,,,,,Q1,127025.99467531266,133730.3896751788,₹ Crore
2011-12,Current,2011-12,Net Taxes on Products,Quarterly,,,,,Q2,129166.25194703904,129663.02768155374,₹ Crore
2011-12,Current,2011-12,Net Taxes on Products,Quarterly,,,,,Q3,153685.94787977752,151239.6973468992,₹ Crore
2011-12,Current,2011-12,Net Taxes on Products,Quarterly,,,,,Q4,219504.62285608053,214749.84401457803,₹ Crore
2011-12,Current,2025-26,GDP Growth Rate,Quarterly,,,,,Q1,8.819924796,7.811473796,%
2011-12,Current,2025-26,GDP Growth Rate,Quarterly,,,,,Q2,8.733345698,8.22847410397631,%
2011-12,Current,2024-25,GDP Growth Rate,Quarterly,,,,,Q1,9.654775533751021,6.511799767050448,%
2011-12,Current,2024-25,GDP Growth Rate,Quarterly,,,,,Q2,8.281632948557586,5.61202503491063,%
2011-12,Current,2024-25,GDP Growth Rate,Quarterly,,,,,Q3,10.281984001951997,6.3664855624527235,%
2011-12,Current,2024-25,GDP Growth Rate,Quarterly,,,,,Q4,10.759604865320327,7.38453036192746,%
2011-12,Current,2023-24,GDP Growth Rate,Quarterly,,,,,Q1,10.950464660540774,9.65994425145584,%
2011-12,Current,2023-24,GDP Growth Rate,Quarterly,,,,,Q2,12.119378655835746,9.342884696001661,%
2011-12,Current,2023-24,GDP Growth Rate,Quarterly,,,,,Q3,12.920677260399955,9.514554744333964,%
2011-12,Current,2023-24,GDP Growth Rate,Quarterly,,,,,Q4,12.046110757808421,8.354640581146967,%
2011-12,Current,2022-23,GDP Growth Rate,Quarterly,,,,,Q1,25.524316556158027,13.490759580111671,%
2011-12,Current,2022-23,GDP Growth Rate,Quarterly,,,,,Q2,14.762105846778638,5.95823752624851,%
2011-12,Current,2022-23,GDP Growth Rate,Quarterly,,,,,Q3,8.920763094837199,4.844051197918063,%
2011-12,Current,2022-23,GDP Growth Rate,Quarterly,,,,,Q4,8.913636070784321,6.896953970105386,%
2011-12,Current,2021-22,GDP Growth Rate,Quarterly,,,,,Q1,32.98013402679953,22.633772591239662,%
2011-12,Current,2021-22,GDP Growth Rate,Quarterly,,,,,Q2,19.01395444924742,9.86585768493184,%
2011-12,Current,2021-22,GDP Growth Rate,Quarterly,,,,,Q3,14.50725140217645,5.529074977782116,%
2011-12,Current,2021-22,GDP Growth Rate,Quarterly,,,,,Q4,13.30201094923136,4.452845565875066,%
2011-12,Current,2020-21,GDP Growth Rate,Quarterly,,,,,Q1,-21.35639196489406,-23.134128850794568,%
2011-12,Current,2020-21,GDP Growth Rate,Quarterly,,,,,Q2,-2.872880542093114,-5.839217619423081,%
2011-12,Current,2020-21,GDP Growth Rate,Quarterly,,,,,Q3,6.59793546753329,1.7750822263725468,%
2011-12,Current,2020-21,GDP Growth Rate,Quarterly,,,,,Q4,11.827530693923862,3.289792797293643,%
2011-12,Current,2019-20,GDP Growth Rate,Quarterly,,,,,Q1,8.36021850635153,5.0953682733672565,%
2011-12,Current,2019-20,GDP Growth Rate,Quarterly,,,,,Q2,4.555825955945352,4.298371248639853,%
2011-12,Current,2019-20,GDP Growth Rate,Quarterly,,,,,Q3,5.38367324358336,3.2556430683747095,%
2011-12,Current,2019-20,GDP Growth Rate,Quarterly,,,,,Q4,7.236581544997463,2.944913061454855,%
2011-12,Current,2018-19,GDP Growth Rate,Quarterly,,,,,Q1,13.980167123688062,7.499660631472068,%
2011-12,Current,2018-19,GDP Growth Rate,Quarterly,,,,,Q2,11.997621059299405,6.457181175857357,%
2011-12,Current,2018-19,GDP Growth Rate,Quarterly,,,,,Q3,12.301936083814383,6.23347804450583,%
2011-12,Current,2018-19,GDP Growth Rate,Quarterly,,,,,Q4,4.724379927438079,5.72094278403145,%
2011-12,Current,2017-18,GDP Growth Rate,Quarterly,,,,,Q1,10.141876867240754,6.112753448378186,%
2011-12,Current,2017-18,GDP Growth Rate,Quarterly,,,,,Q2,10.738387280741506,5.317939559001331,%
2011-12,Current,2017-18,GDP Growth Rate,Quarterly,,,,,Q3,11.978941443001418,6.668677787385576,%
2011-12,Current,2017-18,GDP Growth Rate,Quarterly,,,,,Q4,11.20400483726307,8.932909214811957,%
2011-12,Current,2016-17,GDP Growth Rate,Quarterly,,,,,Q1,12.21573668113794,8.67954261345561,%
2011-12,Current,2016-17,GDP Growth Rate,Quarterly,,,,,Q2,11.86575196350283,9.668830845294124,%
2011-12,Current,2016-17,GDP Growth Rate,Quarterly,,,,,Q3,11.459444424434878,8.576357396895133,%
2011-12,Current,2016-17,GDP Growth Rate,Quarterly,,,,,Q4,11.55276247012253,6.289654045381042,%
2011-12,Current,2015-16,GDP Growth Rate,Quarterly,,,,,Q1,11.293950826036507,7.592544703504672,%
2011-12,Current,2015-16,GDP Growth Rate,Quarterly,,,,,Q2,9.885532713049173,8.033805912184903,%
2011-12,Current,2015-16,GDP Growth Rate,Quarterly,,,,,Q3,9.1592779081721,7.197432471769517,%
2011-12,Current,2015-16,GDP Growth Rate,Quarterly,,,,,Q4,11.498797396966324,9.088682634372972,%
2011-12,Current,2014-15,GDP Growth Rate,Quarterly,,,,,Q1,13.604983839436912,8.023963018707803,%
2011-12,Current,2014-15,GDP Growth Rate,Quarterly,,,,,Q2,13.691399137675873,8.70410916998398,%
2011-12,Current,2014-15,GDP Growth Rate,Quarterly,,,,,Q3,9.032546816755385,5.922736183527633,%
2011-12,Current,2014-15,GDP Growth Rate,Quarterly,,,,,Q4,8.291509385458994,7.112162334341107,%
2011-12,Current,2013-14,GDP Growth Rate,Quarterly,,,,,Q1,10.901392662631196,6.447098627864435,%
2011-12,Current,2013-14,GDP Growth Rate,Quarterly,,,,,Q2,13.969303270909478,7.337748748820786,%
2011-12,Current,2013-14,GDP Growth Rate,Quarterly,,,,,Q3,14.624684528327307,6.5349826132894435,%
2011-12,Current,2013-14,GDP Growth Rate,Quarterly,,,,,Q4,12.305918972206811,5.342899070522634,%
2011-12,Current,2012-13,GDP Growth Rate,Quarterly,,,,,Q1,13.198301501860925,4.8676795347596595,%
2011-12,Current,2012-13,GDP Growth Rate,Quarterly,,,,,Q2,16.136441756145018,7.493168845398429,%
2011-12,Current,2012-13,GDP Growth Rate,Quarterly,,,,,Q3,13.520961134071399,5.376391669332904,%
2011-12,Current,2012-13,GDP Growth Rate,Quarterly,,,,,Q4,12.692428128474504,4.296010405686474,%
2011-12,Current,2011-12,GDP Growth Rate,Quarterly,,,,,Q1,,,%
2011-12,Current,2011-12,GDP Growth Rate,Quarterly,,,,,Q2,,,%
2011-12,Current,2011-12,GDP Growth Rate,Quarterly,,,,,Q3,,,%
2011-12,Current,2011-12,GDP Growth Rate,Quarterly,,,,,Q4,,,%
2011-12,Current,2025-26,Gross Domestic Product,Quarterly,,,,,Q1,8605364.534,4788623.361,₹ Crore
2011-12,Current,2025-26,Gross Domestic Product,Quarterly,,,,,Q2,8525069.516,4863340.166,₹ Crore
2011-12,Current,2024-25,Gross Domestic Product,Quarterly,,,,,Q1,7907894.211498685,4441663.946155024,₹ Crore
2011-12,Current,2024-25,Gross Domestic Product,Quarterly,,,,,Q2,7840345.0766465785,4493586.559883779,₹ Crore
2011-12,Current,2024-25,Gross Domestic Product,Quarterly,,,,,Q3,8502371.933570046,4726541.829827959,₹ Crore
2011-12,Current,2024-25,Gross Domestic Product,Quarterly,,,,,Q4,8817534.147293523,5135163.108031793,₹ Crore
2011-12,Current,2023-24,Gross Domestic Product,Quarterly,,,,,Q1,7211627.7407951895,4170114.443535164,₹ Crore
2011-12,Current,2023-24,Gross Domestic Product,Quarterly,,,,,Q2,7240697.118385134,4254805.793562238,₹ Crore
2011-12,Current,2023-24,Gross Domestic Product,Quarterly,,,,,Q3,7709665.373284863,4443638.242661299,₹ Crore
2011-12,Current,2023-24,Gross Domestic Product,Quarterly,,,,,Q4,7960965.6950431755,4782032.468479682,₹ Crore
2011-12,Current,2022-23,Gross Domestic Product,Quarterly,,,,,Q1,6499862.585397522,3802769.071241618,₹ Crore
2011-12,Current,2022-23,Gross Domestic Product,Quarterly,,,,,Q2,6458024.656568376,3891250.725085199,₹ Crore
2011-12,Current,2022-23,Gross Domestic Product,Quarterly,,,,,Q3,6827505.431539382,4057577.7831861232,₹ Crore
2011-12,Current,2022-23,Gross Domestic Product,Quarterly,,,,,Q4,7105079.900766106,4413315.796011902,₹ Crore
2011-12,Current,2021-22,Gross Domestic Product,Quarterly,,,,,Q1,5178170.065948587,3350730.125792569,₹ Crore
2011-12,Current,2021-22,Gross Domestic Product,Quarterly,,,,,Q2,5627314.52940627,3672438.13782882,₹ Crore
2011-12,Current,2021-22,Gross Domestic Product,Quarterly,,,,,Q3,6268323.171400001,3870107.780866347,₹ Crore
2011-12,Current,2021-22,Gross Domestic Product,Quarterly,,,,,Q4,6523590.761535522,4128570.209068934,₹ Crore
2011-12,Current,2020-21,Gross Domestic Product,Quarterly,,,,,Q1,3893942.583111721,2732306.1624803413,₹ Crore
2011-12,Current,2020-21,Gross Domestic Product,Quarterly,,,,,Q2,4728281.280499754,3342656.4132056986,₹ Crore
2011-12,Current,2020-21,Gross Domestic Product,Quarterly,,,,,Q3,5474171.368749541,3667337.917707657,₹ Crore
2011-12,Current,2020-21,Gross Domestic Product,Quarterly,,,,,Q4,5757700.774135975,3952568.4405267606,₹ Crore
2011-12,Current,2019-20,Gross Domestic Product,Quarterly,,,,,Q1,4951378.351529209,3554641.509463443,₹ Crore
2011-12,Current,2019-20,Gross Domestic Product,Quarterly,,,,,Q2,4868137.042351909,3549945.4536129762,₹ Crore
2011-12,Current,2019-20,Gross Domestic Product,Quarterly,,,,,Q3,5135344.643158515,3603375.0476866285,₹ Crore
2011-12,Current,2019-20,Gross Domestic Product,Quarterly,,,,,Q4,5148732.819554979,3826678.6421807245,₹ Crore
2011-12,Current,2018-19,Gross Domestic Product,Quarterly,,,,,Q1,4569369.10960454,3382300.826252723,₹ Crore
2011-12,Current,2018-19,Gross Domestic Product,Quarterly,,,,,Q2,4656017.01085801,3403644.190329838,₹ Crore
2011-12,Current,2018-19,Gross Domestic Product,Quarterly,,,,,Q3,4872998.335604323,3489760.8891947092,₹ Crore
2011-12,Current,2018-19,Gross Domestic Product,Quarterly,,,,,Q4,4801283.988518902,3717210.038242801,₹ Crore
2011-12,Current,2017-18,Gross Domestic Product,Quarterly,,,,,Q1,4008915.9587263893,3146336.282723581,₹ Crore
2011-12,Current,2017-18,Gross Domestic Product,Quarterly,,,,,Q2,4157246.3475744613,3197195.485297825,₹ Crore
2011-12,Current,2017-18,Gross Domestic Product,Quarterly,,,,,Q3,4339193.521977622,3284991.655580265,₹ Crore
2011-12,Current,2017-18,Gross Domestic Product,Quarterly,,,,,Q4,4584686.003245508,3516058.3516894863,₹ Crore
2011-12,Current,2016-17,Gross Domestic Product,Quarterly,,,,,Q1,3639774.6060400945,2965087.777365247,₹ Crore
2011-12,Current,2016-17,Gross Domestic Product,Quarterly,,,,,Q2,3754117.027647742,3035755.825347009,₹ Crore
2011-12,Current,2016-17,Gross Domestic Product,Quarterly,,,,,Q3,3875006.7021133816,3079621.613129943,₹ Crore
2011-12,Current,2016-17,Gross Domestic Product,Quarterly,,,,,Q4,4122770.6790721538,3227728.311887769,₹ Crore
2011-12,Current,2015-16,Gross Domestic Product,Quarterly,,,,,Q1,3243543.361312905,2728278.584346896,₹ Crore
2011-12,Current,2015-16,Gross Domestic Product,Quarterly,,,,,Q2,3355884.42395621,2768087.099670945,₹ Crore
2011-12,Current,2015-16,Gross Domestic Product,Quarterly,,,,,Q3,3476632.468454043,2836387.3934655306,₹ Crore
2011-12,Current,2015-16,Gross Domestic Product,Quarterly,,,,,Q4,3695813.62513326,3036737.911518122,₹ Crore
2011-12,Current,2014-15,Gross Domestic Product,Quarterly,,,,,Q1,2914393.223745723,2535750.5874271104,₹ Crore
2011-12,Current,2014-15,Gross Domestic Product,Quarterly,,,,,Q2,3053982.0312102744,2562241.583825141,₹ Crore
2011-12,Current,2014-15,Gross Domestic Product,Quarterly,,,,,Q3,3184917.0634663645,2645947.1351727517,₹ Crore
2011-12,Current,2014-15,Gross Domestic Product,Quarterly,,,,,Q4,3314666.8048581267,2783733.2326179086,₹ Crore
2011-12,Current,2013-14,Gross Domestic Product,Quarterly,,,,,Q1,2565374.445072557,2347396.370736708,₹ Crore
2011-12,Current,2013-14,Gross Domestic Product,Quarterly,,,,,Q2,2686203.225902797,2357078.8660974028,₹ Crore
2011-12,Current,2013-14,Gross Domestic Product,Quarterly,,,,,Q3,2921070.0441759545,2497997.342693486,₹ Crore
2011-12,Current,2013-14,Gross Domestic Product,Quarterly,,,,,Q4,3060874.1383959404,2598897.56139174,₹ Crore
2011-12,Current,2012-13,Gross Domestic Product,Quarterly,,,,,Q1,2313203.0928381416,2205223.440559079,₹ Crore
2011-12,Current,2012-13,Gross Domestic Product,Quarterly,,,,,Q2,2356953.274968776,2195945.8751209346,₹ Crore
2011-12,Current,2012-13,Gross Domestic Product,Quarterly,,,,,Q3,2548377.826465527,2344767.213001712,₹ Crore
2011-12,Current,2012-13,Gross Domestic Product,Quarterly,,,,,Q4,2725478.911893716,2467081.8672380485,₹ Crore
2011-12,Current,2011-12,Gross Domestic Product,Quarterly,,,,,Q1,2043496.29115249,2102862.8175453534,₹ Crore
2011-12,Current,2011-12,Gross Domestic Product,Quarterly,,,,,Q2,2029469.1651718912,2042870.1644094647,₹ Crore
2011-12,Current,2011-12,Gross Domestic Product,Quarterly,,,,,Q3,2244852.229057348,2225135.2279735506,₹ Crore
2011-12,Current,2011-12,Gross Domestic Product,Quarterly,,,,,Q4,2418511.1255092896,2365461.3993782615,₹ Crore
2011-12,Current,2025-26,Gross Fixed Capital Formation,Quarterly,,,,,Q1,2619478.966,1655345.613,₹ Crore
2011-12,Current,2025-26,Gross Fixed Capital Formation,Quarterly,,,,,Q2,2600966,1671729,₹ Crore
2011-12,Current,2024-25,Gross Fixed Capital Formation,Quarterly,,,,,Q1,2419509.8760069553,1535296.5488081991,₹ Crore
2011-12,Current,2024-25,Gross Fixed Capital Formation,Quarterly,,,,,Q2,2403611.5489063254,1557503.2266534609,₹ Crore
2011-12,Current,2024-25,Gross Fixed Capital Formation,Quarterly,,,,,Q3,2333282.3410768453,1499134.326057039,₹ Crore
2011-12,Current,2024-25,Gross Fixed Capital Formation,Quarterly,,,,,Q4,2729725.342576717,1741150.1233182822,₹ Crore
2011-12,Current,2023-24,Gross Fixed Capital Formation,Quarterly,,,,,Q1,2234256.0727595254,1439563.714936817,₹ Crore
2011-12,Current,2023-24,Gross Fixed Capital Formation,Quarterly,,,,,Q2,2239910.4214506173,1459663.4190556062,₹ Crore
2011-12,Current,2023-24,Gross Fixed Capital Formation,Quarterly,,,,,Q3,2211333.8967205454,1424622.1059214305,₹ Crore
2011-12,Current,2023-24,Gross Fixed Capital Formation,Quarterly,,,,,Q4,2479723.897949945,1591438.9293143167,₹ Crore
2011-12,Current,2022-23,Gross Fixed Capital Formation,Quarterly,,,,,Q1,2068612.3199245133,1327515.3214477445,₹ Crore
2011-12,Current,2022-23,Gross Fixed Capital Formation,Quarterly,,,,,Q2,1996752.510242509,1306635.515726036,₹ Crore
2011-12,Current,2022-23,Gross Fixed Capital Formation,Quarterly,,,,,Q3,2000687.299824601,1302885.266538296,₹ Crore
2011-12,Current,2022-23,Gross Fixed Capital Formation,Quarterly,,,,,Q4,2329985.515241336,1500688.6688195507,₹ Crore
2011-12,Current,2021-22,Gross Fixed Capital Formation,Quarterly,,,,,Q1,1536714.3929254222,1144394.7757280683,₹ Crore
2011-12,Current,2021-22,Gross Fixed Capital Formation,Quarterly,,,,,Q2,1665536.0383611806,1227683.54582922,₹ Crore
2011-12,Current,2021-22,Gross Fixed Capital Formation,Quarterly,,,,,Q3,1721373.3985532194,1220748.5847948254,₹ Crore
2011-12,Current,2021-22,Gross Fixed Capital Formation,Quarterly,,,,,Q4,2056022.817102511,1421436.2140763965,₹ Crore
2011-12,Current,2020-21,Gross Fixed Capital Formation,Quarterly,,,,,Q1,839842.5365072198,687227.4081240213,₹ Crore
2011-12,Current,2020-21,Gross Fixed Capital Formation,Quarterly,,,,,Q2,1310425.2855079146,1064780.647594421,₹ Crore
2011-12,Current,2020-21,Gross Fixed Capital Formation,Quarterly,,,,,Q3,1494965.1360108047,1178365.8102681478,₹ Crore
2011-12,Current,2020-21,Gross Fixed Capital Formation,Quarterly,,,,,Q4,1779764.0406653662,1336310.4115988533,₹ Crore
2011-12,Current,2019-20,Gross Fixed Capital Formation,Quarterly,,,,,Q1,1496471.635988691,1192377.5011338422,₹ Crore
2011-12,Current,2019-20,Gross Fixed Capital Formation,Quarterly,,,,,Q2,1355340.5487188566,1089055.634057531,₹ Crore
2011-12,Current,2019-20,Gross Fixed Capital Formation,Quarterly,,,,,Q3,1395222.603352109,1130774.9450008904,₹ Crore
2011-12,Current,2019-20,Gross Fixed Capital Formation,Quarterly,,,,,Q4,1473350.954210459,1180370.884963015,₹ Crore
2011-12,Current,2018-19,Gross Fixed Capital Formation,Quarterly,,,,,Q1,1336612.384823635,1102111.838563357,₹ Crore
2011-12,Current,2018-19,Gross Fixed Capital Formation,Quarterly,,,,,Q2,1344943.3459262569,1097684.619821763,₹ Crore
2011-12,Current,2018-19,Gross Fixed Capital Formation,Quarterly,,,,,Q3,1422243.1182357993,1150660.2960944392,₹ Crore
2011-12,Current,2018-19,Gross Fixed Capital Formation,Quarterly,,,,,Q4,1464623.5516922632,1190052.4871492907,₹ Crore
2011-12,Current,2017-18,Gross Fixed Capital Formation,Quarterly,,,,,Q1,1125164.6149913818,963708.6984343008,₹ Crore
2011-12,Current,2017-18,Gross Fixed Capital Formation,Quarterly,,,,,Q2,1141094.8336555227,972543.4458524741,₹ Crore
2011-12,Current,2017-18,Gross Fixed Capital Formation,Quarterly,,,,,Q3,1209889.2095049387,1019643.7743293718,₹ Crore
2011-12,Current,2017-18,Gross Fixed Capital Formation,Quarterly,,,,,Q4,1339453.1256720508,1127183.1722988193,₹ Crore
2011-12,Current,2016-17,Gross Fixed Capital Formation,Quarterly,,,,,Q1,1085914.6017177682,953527.4040822448,₹ Crore
2011-12,Current,2016-17,Gross Fixed Capital Formation,Quarterly,,,,,Q2,1045064.366610508,913934.7874018458,₹ Crore
2011-12,Current,2016-17,Gross Fixed Capital Formation,Quarterly,,,,,Q3,1070569.8460671338,933180.017978569,₹ Crore
2011-12,Current,2016-17,Gross Fixed Capital Formation,Quarterly,,,,,Q4,1137122.4131209645,986925.0909869144,₹ Crore
2011-12,Current,2015-16,Gross Fixed Capital Formation,Quarterly,,,,,Q1,961034.5017388948,838302.1975924425,₹ Crore
2011-12,Current,2015-16,Gross Fixed Capital Formation,Quarterly,,,,,Q2,960324.2887496962,844359.451346318,₹ Crore
2011-12,Current,2015-16,Gross Fixed Capital Formation,Quarterly,,,,,Q3,991937.8862238929,874854.6829719632,₹ Crore
2011-12,Current,2015-16,Gross Fixed Capital Formation,Quarterly,,,,,Q4,1043795.6941311145,934666.7257346085,₹ Crore
2011-12,Current,2014-15,Gross Fixed Capital Formation,Quarterly,,,,,Q1,928905.5126941629,808569.27134256,₹ Crore
2011-12,Current,2014-15,Gross Fixed Capital Formation,Quarterly,,,,,Q2,944023.9142007125,815553.1775705741,₹ Crore
2011-12,Current,2014-15,Gross Fixed Capital Formation,Quarterly,,,,,Q3,909481.1596050034,793636.7231127317,₹ Crore
2011-12,Current,2014-15,Gross Fixed Capital Formation,Quarterly,,,,,Q4,967981.123703646,860336.9233420865,₹ Crore
2011-12,Current,2013-14,Gross Fixed Capital Formation,Quarterly,,,,,Q1,847937.6421178516,785524.8767485518,₹ Crore
2011-12,Current,2013-14,Gross Fixed Capital Formation,Quarterly,,,,,Q2,855856.4938389808,779670.093744138,₹ Crore
2011-12,Current,2013-14,Gross Fixed Capital Formation,Quarterly,,,,,Q3,875621.3069545205,787578.6243009886,₹ Crore
2011-12,Current,2013-14,Gross Fixed Capital Formation,Quarterly,,,,,Q4,936205.5788618457,842150.7152331959,₹ Crore
2011-12,Current,2012-13,Gross Fixed Capital Formation,Quarterly,,,,,Q1,795727.4688498676,763691.7854355896,₹ Crore
2011-12,Current,2012-13,Gross Fixed Capital Formation,Quarterly,,,,,Q2,809693.2505880436,767235.0180571768,₹ Crore
2011-12,Current,2012-13,Gross Fixed Capital Formation,Quarterly,,,,,Q3,815439.4446664182,769338.9285106964,₹ Crore
2011-12,Current,2012-13,Gross Fixed Capital Formation,Quarterly,,,,,Q4,904112.9668612946,845527.4628052798,₹ Crore
2011-12,Current,2011-12,Gross Fixed Capital Formation,Quarterly,,,,,Q1,682095.0842824988,696954.7909597296,₹ Crore
2011-12,Current,2011-12,Gross Fixed Capital Formation,Quarterly,,,,,Q2,722663.5428498138,727748.9168403633,₹ Crore
2011-12,Current,2011-12,Gross Fixed Capital Formation,Quarterly,,,,,Q3,756940.1336207243,752161.7415899502,₹ Crore
2011-12,Current,2011-12,Gross Fixed Capital Formation,Quarterly,,,,,Q4,836034.0735466855,820867.2241265661,₹ Crore
2022-23,Current,2025-26,Gross Value Added,Annual,Second Advance Estimates,"Agriculture, Livestock, Forestry and Fishing",,,,5608471.246371563,5208799.640118739,₹ Crore
2022-23,Current,2025-26,Gross Value Added,Annual,Second Advance Estimates,Mining and Quarrying,,,,587961.976704064,602174.8885449483,₹ Crore
2022-23,Current,2025-26,Gross Value Added,Annual,Second Advance Estimates,Manufacturing,,,,4653866.516643327,4783866.499231957,₹ Crore
2022-23,Current,2025-26,Gross Value Added,Annual,Second Advance Estimates,"Electricity, Gas, Water Supply & Other Utility Services",,,,820732.8415461486,681742.8917281816,₹ Crore
2022-23,Current,2025-26,Gross Value Added,Annual,Second Advance Estimates,Construction,,,,2645035.7200886672,2663549.9387081405,₹ Crore
2022-23,Current,2025-26,Gross Value Added,Annual,Second Advance Estimates,"Trade, Hotels, Transport, Communication & Services Related to Broadcasting",,,,4457694.538655196,4220101.809352336,₹ Crore
2022-23,Current,2025-26,Gross Value Added,Annual,Second Advance Estimates,"Financial, Real Estate & Professional Services",,,,8475798.871450443,7673724.517243205,₹ Crore
2022-23,Current,2025-26,Gross Value Added,Annual,Second Advance Estimates,"Public Administration, Defence & Other Services",,,,4111284.377623719,3605947.5740357917,₹ Crore
2022-23,Current,2025-26,Gross Value Added,Annual,Second Advance Estimates,Total Gross Value Added,,,,31360846.089083128,29439907.7589633,₹ Crore
2022-23,Current,2024-25,Gross Value Added,Annual,First Revised Estimates,,,Public Non-Financial Corporations,,1551904.3111790416,,₹ Crore
2022-23,Current,2024-25,Gross Value Added,Annual,First Revised Estimates,,,Private Non-Financial Corporations,,9555601.402799515,,₹ Crore
2022-23,Current,2024-25,Gross Value Added,Annual,First Revised Estimates,,,Public Financial Corporations,,780342.4093269374,,₹ Crore
2022-23,Current,2024-25,Gross Value Added,Annual,First Revised Estimates,,,Private Financial Corporations,,1059339.3228545364,,₹ Crore
2022-23,Current,2024-25,Gross Value Added,Annual,First Revised Estimates,,,General Government,,2656799.960246522,,₹ Crore
2022-23,Current,2024-25,Gross Value Added,Annual,First Revised Estimates,,,Households Including NPISH,,13250480.021178257,,₹ Crore
2022-23,Current,2024-25,Gross Value Added,Annual,First Revised Estimates,,,Total Gross Value Added,,28854467.42758481,,₹ Crore
2022-23,Current,2024-25,Gross Value Added,Annual,First Revised Estimates,"Agriculture, Livestock, Forestry and Fishing",Crops,,,3487514.5392785612,3113280.9316670736,₹ Crore
2022-23,Current,2024-25,Gross Value Added,Annual,First Revised Estimates,"Agriculture, Livestock, Forestry and Fishing",Livestock,,,1387062.690777359,1278634.3400525874,₹ Crore
2022-23,Current,2024-25,Gross Value Added,Annual,First Revised Estimates,"Agriculture, Livestock, Forestry and Fishing",Forestry and Logging,,,408682.0267620707,414487.83170621865,₹ Crore
2022-23,Current,2024-25,Gross Value Added,Annual,First Revised Estimates,"Agriculture, Livestock, Forestry and Fishing",Fishing and Aquaculture,,,306423.54794453067,279129.31529932213,₹ Crore
2022-23,Current,2024-25,Gross Value Added,Annual,First Revised Estimates,"Agriculture, Livestock, Forestry and Fishing",,,,5589682.804762523,5085532.418725201,₹ Crore
2022-23,Current,2024-25,Gross Value Added,Annual,First Revised Estimates,Mining and Quarrying,,,,572560.0078879,578567.8608792376,₹ Crore
2022-23,Current,2024-25,Gross Value Added,Annual,First Revised Estimates,Manufacturing,"Food Products, Beverages and Tobacco",,,496100.8008628066,491352.2293369679,₹ Crore
2022-23,Current,2024-25,Gross Value Added,Annual,First Revised Estimates,Manufacturing,"Textiles, Apparel and Leather Products",,,433858.89386542526,411703.0036169362,₹ Crore
2022-23,Current,2024-25,Gross Value Added,Annual,First Revised Estimates,Manufacturing,Metal Products,,,580213.6557369467,765514.6672583633,₹ Crore
2022-23,Current,2024-25,Gross Value Added,Annual,First Revised Estimates,Manufacturing,Machinery and Equipment,,,1098354.3753465882,974222.3734168789,₹ Crore
2022-23,Current,2024-25,Gross Value Added,Annual,First Revised Estimates,Manufacturing,Other Manufactured Goods,,,1570704.508963675,1646444.900958479,₹ Crore
2022-23,Current,2024-25,Gross Value Added,Annual,First Revised Estimates,Manufacturing,,,,4179232.2347754417,4289237.174587625,₹ Crore
2022-23,Current,2024-25,Gross Value Added,Annual,First Revised Estimates,"Electricity, Gas, Water Supply & Other Utility Services",,,,805618.7535083015,671525.2616113708,₹ Crore
2022-23,Current,2024-25,Gross Value Added,Annual,First Revised Estimates,Construction,,,,2449208.24364373,2487429.5569348666,₹ Crore
2022-23,Current,2024-25,Gross Value Added,Annual,First Revised Estimates,"Trade, Hotels, Transport, Communication & Services Related to Broadcasting",,,,3997995.2386977016,3831990.765249009,₹ Crore
2022-23,Current,2024-25,Gross Value Added,Annual,First Revised Estimates,"Trade, Repair, Hotels and Restaurants",Trade & Repair Services,,,2075945.8179296886,1984250.9944069115,₹ Crore
2022-23,Current,2024-25,Gross Value Added,Annual,First Revised Estimates,"Trade, Repair, Hotels and Restaurants",Hotels & Restaurants,,,375488.40554008534,333622.5041237201,₹ Crore
2022-23,Current,2024-25,Gross Value Added,Annual,First Revised Estimates,"Trade, Repair, Hotels and Restaurants",,,,2451434.223469774,2317873.498530632,₹ Crore
2022-23,Current,2024-25,Gross Value Added,Annual,First Revised Estimates,"Transport, Storage, Communication & Services Related to Broadcasting",Railways,,,166899.54966295903,156355.39882439806,₹ Crore
2022-23,Current,2024-25,Gross Value Added,Annual,First Revised Estimates,"Transport, Storage, Communication & Services Related to Broadcasting",Road Transport,,,675305.4957656828,659337.8662460522,₹ Crore
2022-23,Current,2024-25,Gross Value Added,Annual,First Revised Estimates,"Transport, Storage, Communication & Services Related to Broadcasting",Water Transport,,,24067.404060877165,21288.309325590835,₹ Crore
2022-23,Current,2024-25,Gross Value Added,Annual,First Revised Estimates,"Transport, Storage, Communication & Services Related to Broadcasting",Air Transport,,,42219.20591286359,27548.55267837015,₹ Crore
2022-23,Current,2024-25,Gross Value Added,Annual,First Revised Estimates,"Transport, Storage, Communication & Services Related to Broadcasting",Services Incidental to Transport,,,165550.60579633818,148821.3410373381,₹ Crore
2022-23,Current,2024-25,Gross Value Added,Annual,First Revised Estimates,"Transport, Storage, Communication & Services Related to Broadcasting",Storage,,,43732.324755730515,33187.40009925514,₹ Crore
2022-23,Current,2024-25,Gross Value Added,Annual,First Revised Estimates,"Transport, Storage, Communication & Services Related to Broadcasting",Communication & Services Related to Broadcasting,,,428786.42927347624,467578.8275471494,₹ Crore
2022-23,Current,2024-25,Gross Value Added,Annual,First Revised Estimates,"Transport, Storage, Communication & Services Related to Broadcasting",,,,1546561.0152279278,1514117.695758154,₹ Crore
2022-23,Current,2024-25,Gross Value Added,Annual,First Revised Estimates,"Financial, Real Estate & Professional Services",,,,7549123.743219139,6983732.922648299,₹ Crore
2022-23,Current,2024-25,Gross Value Added,Annual,First Revised Estimates,Financial Services,,,,1839681.7321814734,1738669.7323151778,₹ Crore
2022-23,Current,2024-25,Gross Value Added,Annual,First Revised Estimates,"Real Estate, Ownership of Dwelling & Professional Services",,,,5709442.011037665,5245063.1903331205,₹ Crore
2022-23,Current,2024-25,Gross Value Added,Annual,First Revised Estimates,"Public Administration, Defence & Other Services",,,,3711046.4010900734,3408478.769258855,₹ Crore
2022-23,Current,2024-25,Gross Value Added,Annual,First Revised Estimates,Public Administration and Defence,,,,1629400.2303711888,1514461.3141293896,₹ Crore
2022-23,Current,2024-25,Gross Value Added,Annual,First Revised Estimates,Other Services,,,,2081646.1707188848,1894017.4551294653,₹ Crore
2022-23,Current,2024-25,Gross Value Added,Annual,First Revised Estimates,Total Gross Value Added,,,,28854467.427584812,27336495.158934243,₹ Crore
2022-23,Current,2023-24,Gross Value Added,Annual,Final Estimates,,,Public Non-Financial Corporations,,1530261.8749182285,,₹ Crore
2022-23,Current,2023-24,Gross Value Added,Annual,Final Estimates,,,Private Non-Financial Corporations,,8593551.209284352,,₹ Crore
2022-23,Current,2023-24,Gross Value Added,Annual,Final Estimates,,,Public Financial Corporations,,714051.7164815491,,₹ Crore
2022-23,Current,2023-24,Gross Value Added,Annual,Final Estimates,,,Private Financial Corporations,,944003.2667856183,,₹ Crore
2022-23,Current,2023-24,Gross Value Added,Annual,Final Estimates,,,General Government,,2455781.3901158883,,₹ Crore
2022-23,Current,2023-24,Gross Value Added,Annual,Final Estimates,,,Households Including NPISH,,12078453.089038352,,₹ Crore
2022-23,Current,2023-24,Gross Value Added,Annual,Final Estimates,,,Total Gross Value Added,,26316102.54662399,,₹ Crore
2022-23,Current,2023-24,Gross Value Added,Annual,Final Estimates,"Agriculture, Livestock, Forestry and Fishing",Crops,,,3197007.2632709662,3014741.4478099667,₹ Crore
2022-23,Current,2023-24,Gross Value Added,Annual,Final Estimates,"Agriculture, Livestock, Forestry and Fishing",Livestock,,,1270858.0897596572,1216107.404224425,₹ Crore
2022-23,Current,2023-24,Gross Value Added,Annual,Final Estimates,"Agriculture, Livestock, Forestry and Fishing",Forestry and Logging,,,380497.02817922866,393690.22262936615,₹ Crore
2022-23,Current,2023-24,Gross Value Added,Annual,Final Estimates,"Agriculture, Livestock, Forestry and Fishing",Fishing and Aquaculture,,,269192.84929536947,257086.9798817345,₹ Crore
2022-23,Current,2023-24,Gross Value Added,Annual,Final Estimates,"Agriculture, Livestock, Forestry and Fishing",,,,5117555.2305052215,4881626.054545493,₹ Crore
2022-23,Current,2023-24,Gross Value Added,Annual,Final Estimates,Mining and Quarrying,,,,538029.6025838158,518001.6244305747,₹ Crore
2022-23,Current,2023-24,Gross Value Added,Annual,Final Estimates,Manufacturing,"Food Products, Beverages and Tobacco",,,448295.70130806183,454430.19661853096,₹ Crore
2022-23,Current,2023-24,Gross Value Added,Annual,Final Estimates,Manufacturing,"Textiles, Apparel and Leather Products",,,392972.5194076727,378759.7759574671,₹ Crore
2022-23,Current,2023-24,Gross Value Added,Annual,Final Estimates,Manufacturing,Metal Products,,,520020.514929699,621515.4764911168,₹ Crore
2022-23,Current,2023-24,Gross Value Added,Annual,Final Estimates,Manufacturing,Machinery and Equipment,,,949527.3538055908,885511.6257823354,₹ Crore
2022-23,Current,2023-24,Gross Value Added,Annual,Final Estimates,Manufacturing,Other Manufactured Goods,,,1547766.5050832625,1584455.8599402413,₹ Crore
2022-23,Current,2023-24,Gross Value Added,Annual,Final Estimates,Manufacturing,,,,3858582.5945342868,3924672.934789691,₹ Crore
2022-23,Current,2023-24,Gross Value Added,Annual,Final Estimates,"Electricity, Gas, Water Supply & Other Utility Services",,,,732200.3522581551,652764.526321796,₹ Crore
2022-23,Current,2023-24,Gross Value Added,Annual,Final Estimates,Construction,,,,2277316.9675599933,2318265.807350848,₹ Crore
2022-23,Current,2023-24,Gross Value Added,Annual,Final Estimates,"Trade, Hotels, Transport, Communication & Services Related to Broadcasting",,,,3714570.703510945,3594280.7714739917,₹ Crore
2022-23,Current,2023-24,Gross Value Added,Annual,Final Estimates,"Trade, Repair, Hotels and Restaurants",Trade & Repair Services,,,1915461.064656689,1854261.0220639345,₹ Crore
2022-23,Current,2023-24,Gross Value Added,Annual,Final Estimates,"Trade, Repair, Hotels and Restaurants",Hotels & Restaurants,,,339577.01280098263,321172.60320306144,₹ Crore
2022-23,Current,2023-24,Gross Value Added,Annual,Final Estimates,"Trade, Repair, Hotels and Restaurants",,,,2255038.0774576715,2175433.6252669957,₹ Crore
2022-23,Current,2023-24,Gross Value Added,Annual,Final Estimates,"Transport, Storage, Communication & Services Related to Broadcasting",Railways,,,155008.96118199127,152525.68878049724,₹ Crore
2022-23,Current,2023-24,Gross Value Added,Annual,Final Estimates,"Transport, Storage, Communication & Services Related to Broadcasting",Road Transport,,,677949.3967888101,635051.7015652019,₹ Crore
2022-23,Current,2023-24,Gross Value Added,Annual,Final Estimates,"Transport, Storage, Communication & Services Related to Broadcasting",Water Transport,,,20686.71409732436,20493.259082574812,₹ Crore
2022-23,Current,2023-24,Gross Value Added,Annual,Final Estimates,"Transport, Storage, Communication & Services Related to Broadcasting",Air Transport,,,36773.78233005798,24613.60132479834,₹ Crore
2022-23,Current,2023-24,Gross Value Added,Annual,Final Estimates,"Transport, Storage, Communication & Services Related to Broadcasting",Services Incidental to Transport,,,148269.75007924807,140043.320718265,₹ Crore
2022-23,Current,2023-24,Gross Value Added,Annual,Final Estimates,"Transport, Storage, Communication & Services Related to Broadcasting",Storage,,,30798.66575478961,25869.00581812876,₹ Crore
2022-23,Current,2023-24,Gross Value Added,Annual,Final Estimates,"Transport, Storage, Communication & Services Related to Broadcasting",Communication & Services Related to Broadcasting,,,390045.35582105216,420250.97856888175,₹ Crore
2022-23,Current,2023-24,Gross Value Added,Annual,Final Estimates,"Transport, Storage, Communication & Services Related to Broadcasting",,,,1459532.6260532737,1418847.5558583478,₹ Crore
2022-23,Current,2023-24,Gross Value Added,Annual,Final Estimates,"Financial, Real Estate & Professional Services",,,,6673409.324690474,6346958.762534325,₹ Crore
2022-23,Current,2023-24,Gross Value Added,Annual,Final Estimates,Financial Services,,,,1658054.9832671671,1589213.9044520818,₹ Crore
2022-23,Current,2023-24,Gross Value Added,Annual,Final Estimates,"Real Estate, Ownership of Dwelling & Professional Services",,,,5015354.341423308,4757744.858082243,₹ Crore
2022-23,Current,2023-24,Gross Value Added,Annual,Final Estimates,"Public Administration, Defence & Other Services",,,,3404437.7709810985,3244649.3058103262,₹ Crore
2022-23,Current,2023-24,Gross Value Added,Annual,Final Estimates,Public Administration and Defence,,,,1496518.1183514826,1433660.309315011,₹ Crore
2022-23,Current,2023-24,Gross Value Added,Annual,Final Estimates,Other Services,,,,1907919.6526296162,1810988.9964953156,₹ Crore
2022-23,Current,2023-24,Gross Value Added,Annual,Final Estimates,Total Gross Value Added,,,,26316102.54662399,25481220.196908392,₹ Crore
2022-23,Current,2022-23,Gross Value Added,Annual,Final Estimates,,,Public Non-Financial Corporations,,1258783.6286271464,,₹ Crore
2022-23,Current,2022-23,Gross Value Added,Annual,Final Estimates,,,Private Non-Financial Corporations,,8046653.227121808,,₹ Crore
2022-23,Current,2022-23,Gross Value Added,Annual,Final Estimates,,,Public Financial Corporations,,645812.3790463179,,₹ Crore
2022-23,Current,2022-23,Gross Value Added,Annual,Final Estimates,,,Private Financial Corporations,,831881.5571408443,,₹ Crore
2022-23,Current,2022-23,Gross Value Added,Annual,Final Estimates,,,General Government,,2285646.023764013,,₹ Crore
2022-23,Current,2022-23,Gross Value Added,Annual,Final Estimates,,,Households Including NPISH,,10694984.606272845,,₹ Crore
2022-23,Current,2022-23,Gross Value Added,Annual,Final Estimates,,,Total Gross Value Added,,23763761.42197297,,₹ Crore
2022-23,Current,2022-23,Gross Value Added,Annual,Final Estimates,"Agriculture, Livestock, Forestry and Fishing",Crops,,,2940911.932345361,2940911.932345361,₹ Crore
2022-23,Current,2022-23,Gross Value Added,Annual,Final Estimates,"Agriculture, Livestock, Forestry and Fishing",Livestock,,,1181859.8722758675,1181859.8722758675,₹ Crore
2022-23,Current,2022-23,Gross Value Added,Annual,Final Estimates,"Agriculture, Livestock, Forestry and Fishing",Forestry and Logging,,,389062.14649296773,389062.14649296773,₹ Crore
2022-23,Current,2022-23,Gross Value Added,Annual,Final Estimates,"Agriculture, Livestock, Forestry and Fishing",Fishing and Aquaculture,,,244359.85815683496,244359.85815683496,₹ Crore
2022-23,Current,2022-23,Gross Value Added,Annual,Final Estimates,"Agriculture, Livestock, Forestry and Fishing",,,,4756193.809271031,4756193.809271031,₹ Crore
2022-23,Current,2022-23,Gross Value Added,Annual,Final Estimates,Mining and Quarrying,,,,506016.96322382364,506016.96322382364,₹ Crore
2022-23,Current,2022-23,Gross Value Added,Annual,Final Estimates,Manufacturing,"Food Products, Beverages and Tobacco",,,381881.28179872886,381881.28179872886,₹ Crore
2022-23,Current,2022-23,Gross Value Added,Annual,Final Estimates,Manufacturing,"Textiles, Apparel and Leather Products",,,396917.6750049213,396917.6750049213,₹ Crore
2022-23,Current,2022-23,Gross Value Added,Annual,Final Estimates,Manufacturing,Metal Products,,,493186.8847974055,493186.8847974055,₹ Crore
2022-23,Current,2022-23,Gross Value Added,Annual,Final Estimates,Manufacturing,Machinery and Equipment,,,781054.4144954816,781054.4144954816,₹ Crore
2022-23,Current,2022-23,Gross Value Added,Annual,Final Estimates,Manufacturing,Other Manufactured Goods,,,1429149.8844060416,1429149.8844060416,₹ Crore
2022-23,Current,2022-23,Gross Value Added,Annual,Final Estimates,Manufacturing,,,,3482190.1405025786,3482190.1405025786,₹ Crore
2022-23,Current,2022-23,Gross Value Added,Annual,Final Estimates,"Electricity, Gas, Water Supply & Other Utility Services",,,,589856.5296139641,589856.5296139641,₹ Crore
2022-23,Current,2022-23,Gross Value Added,Annual,Final Estimates,Construction,,,,2109100.356376621,2109100.356376621,₹ Crore
2022-23,Current,2022-23,Gross Value Added,Annual,Final Estimates,"Trade, Hotels, Transport, Communication & Services Related to Broadcasting",,,,3264387.440995626,3264387.440995631,₹ Crore
2022-23,Current,2022-23,Gross Value Added,Annual,Final Estimates,"Trade, Repair, Hotels and Restaurants",Trade & Repair Services,,,1667100.249721925,1667100.249721925,₹ Crore
2022-23,Current,2022-23,Gross Value Added,Annual,Final Estimates,"Trade, Repair, Hotels and Restaurants",Hotels & Restaurants,,,279599.4449196415,279599.4449196415,₹ Crore
2022-23,Current,2022-23,Gross Value Added,Annual,Final Estimates,"Trade, Repair, Hotels and Restaurants",,,,1946699.6946415664,1946699.6946415664,₹ Crore
2022-23,Current,2022-23,Gross Value Added,Annual,Final Estimates,"Transport, Storage, Communication & Services Related to Broadcasting",Railways,,,144349.84041095647,144349.84041095647,₹ Crore
2022-23,Current,2022-23,Gross Value Added,Annual,Final Estimates,"Transport, Storage, Communication & Services Related to Broadcasting",Road Transport,,,604715.3613101243,604715.3613101243,₹ Crore
2022-23,Current,2022-23,Gross Value Added,Annual,Final Estimates,"Transport, Storage, Communication & Services Related to Broadcasting",Water Transport,,,19092.433711766833,19092.433711766833,₹ Crore
2022-23,Current,2022-23,Gross Value Added,Annual,Final Estimates,"Transport, Storage, Communication & Services Related to Broadcasting",Air Transport,,,20685.690770821842,20685.690770821842,₹ Crore
2022-23,Current,2022-23,Gross Value Added,Annual,Final Estimates,"Transport, Storage, Communication & Services Related to Broadcasting",Services Incidental to Transport,,,128314.98112179484,128314.98112179484,₹ Crore
2022-23,Current,2022-23,Gross Value Added,Annual,Final Estimates,"Transport, Storage, Communication & Services Related to Broadcasting",Storage,,,28143.71510150705,28143.71510150705,₹ Crore
2022-23,Current,2022-23,Gross Value Added,Annual,Final Estimates,"Transport, Storage, Communication & Services Related to Broadcasting",Communication & Services Related to Broadcasting,,,372385.9735621979,372385.9735621979,₹ Crore
2022-23,Current,2022-23,Gross Value Added,Annual,Final Estimates,"Transport, Storage, Communication & Services Related to Broadcasting",,,,1317687.9959891695,1317687.9959891695,₹ Crore
2022-23,Current,2022-23,Gross Value Added,Annual,Final Estimates,"Financial, Real Estate & Professional Services",,,,6018586.940788097,6018586.940788097,₹ Crore
2022-23,Current,2022-23,Gross Value Added,Annual,Final Estimates,Financial Services,,,,1477693.9361871618,1477693.9361871618,₹ Crore
2022-23,Current,2022-23,Gross Value Added,Annual,Final Estimates,"Real Estate, Ownership of Dwelling & Professional Services",,,,4540893.004600935,4540893.004600934,₹ Crore
2022-23,Current,2022-23,Gross Value Added,Annual,Final Estimates,"Public Administration, Defence & Other Services",,,,3037428.9915661244,3037428.9915661244,₹ Crore
2022-23,Current,2022-23,Gross Value Added,Annual,Final Estimates,Public Administration and Defence,,,,1392447.2632524315,1392447.263252431,₹ Crore
2022-23,Current,2022-23,Gross Value Added,Annual,Final Estimates,Other Services,,,,1644981.7283136928,1644981.7283136928,₹ Crore
2022-23,Current,2022-23,Gross Value Added,Annual,Final Estimates,Total Gross Value Added,,,,23763761.421972975,23763761.42197297,₹ Crore
2022-23,Current,2025-26,Private Final Consumption Expenditure,Annual,Second Advance Estimates,,,,,19578218.491992462,17981520.29480648,₹ Crore
2022-23,Current,2024-25,Private Final Consumption Expenditure,Annual,First Revised Estimates,,,,,17970608.60847888,16699850.88390964,₹ Crore
2022-23,Current,2023-24,Private Final Consumption Expenditure,Annual,Final Estimates,,,,,16376824.694239704,15785256.538091592,₹ Crore
2022-23,Current,2022-23,Private Final Consumption Expenditure,Annual,Final Estimates,,,,,14922828.344878914,14922828.344878914,₹ Crore
2022-23,Current,2025-26,Government Final Consumption Expenditure,Annual,Second Advance Estimates,,,,,3720559.287393026,3298919.3673835285,₹ Crore
2022-23,Current,2024-25,Government Final Consumption Expenditure,Annual,First Revised Estimates,,,,,3395336.2781674797,3095570.2889790665,₹ Crore
2022-23,Current,2023-24,Government Final Consumption Expenditure,Annual,Final Estimates,,,,,3073887.952190119,2907651.758472901,₹ Crore
2022-23,Current,2022-23,Government Final Consumption Expenditure,Annual,Final Estimates,,,,,2890908.8439233783,2890908.8439233783,₹ Crore
2022-23,Current,2025-26,Change in Stock,Annual,Second Advance Estimates,,,,,411719.6529183944,422186.7687536828,₹ Crore
2022-23,Current,2024-25,Change in Stock,Annual,First Revised Estimates,,,,,382300.47433665494,382572.7026081119,₹ Crore
2022-23,Current,2023-24,Change in Stock,Annual,Final Estimates,,,,,378822.64459219057,376012.06724189996,₹ Crore
2022-23,Current,2022-23,Change in Stock,Annual,Final Estimates,,,,,173370.39200421557,173370.39200421557,₹ Crore
2022-23,Current,2025-26,Valuables,Annual,Second Advance Estimates,,,,,598407.1350577272,280848.9127035305,₹ Crore
2022-23,Current,2024-25,Valuables,Annual,First Revised Estimates,,,,,477280.7502592582,333382.26739451673,₹ Crore
2022-23,Current,2023-24,Valuables,Annual,Final Estimates,,,,,376231.7217619447,327046.793769807,₹ Crore
2022-23,Current,2022-23,Valuables,Annual,Final Estimates,,,,,360668.26379132393,360668.26379132393,₹ Crore
2022-23,Current,2025-26,Export of Goods and Services,Annual,Second Advance Estimates,,,,,7691247.705072129,7173103.925522,₹ Crore
2022-23,Current,2024-25,Export of Goods and Services,Annual,First Revised Estimates,,,,,7017958.724747551,6737996.146017812,₹ Crore
2022-23,Current,2023-24,Export of Goods and Services,Annual,Final Estimates,,,,,6479295.527119674,6323241.095516499,₹ Crore
2022-23,Current,2022-23,Export of Goods and Services,Annual,Final Estimates,,,,,6278722.346327696,6278722.346327696,₹ Crore
2022-23,Current,2025-26,Import of Goods and Services,Annual,Second Advance Estimates,,,,,8293100.13282268,7720311.285667186,₹ Crore
2022-23,Current,2024-25,Import of Goods and Services,Annual,First Revised Estimates,,,,,7586905,7256194.593610533,₹ Crore
2022-23,Current,2023-24,Import of Goods and Services,Annual,Final Estimates,,,,,6946906,6890491.62952237,₹ Crore
2022-23,Current,2022-23,Import of Goods and Services,Annual,Final Estimates,,,,,6962377,6962377,₹ Crore
2022-23,Current,2024-25,Primary Income Receivable Net From Row,Annual,First Revised Estimates,,,,,-409302.92802480963,-419196.7735286433,₹ Crore
2022-23,Current,2023-24,Primary Income Receivable Net From Row,Annual,Final Estimates,,,,,-411995.8748569817,-399665.4293768515,₹ Crore
2022-23,Current,2022-23,Primary Income Receivable Net From Row,Annual,Final Estimates,,,,,-370306.73733161605,-370306.73733161605,₹ Crore
2022-23,Current,2025-26,Gross National Income,Annual,Second Advance Estimates,,,,,34116151.87624042,31811699.334406067,₹ Crore
2022-23,Current,2024-25,Gross National Income,Annual,First Revised Estimates,,,,,31398005.664022535,29569422.706276745,₹ Crore
2022-23,Current,2023-24,Gross National Income,Annual,Final Estimates,,,,,28571913.429114033,27601101.550044376,₹ Crore
2022-23,Current,2022-23,Gross National Income,Annual,Final Estimates,,,,,25747320.462906532,25747320.462906525,₹ Crore
2022-23,Current,2024-25,Other Current Transfers Net From Row,Annual,First Revised Estimates,,,,,1053957.5649845544,,₹ Crore
2022-23,Current,2023-24,Other Current Transfers Net From Row,Annual,Final Estimates,,,,,883214.906266595,,₹ Crore
2022-23,Current,2022-23,Other Current Transfers Net From Row,Annual,Final Estimates,,,,,819211.7405480611,,₹ Crore
2022-23,Current,2025-26,Gross National Disposable Income,Annual,Second Advance Estimates,,,,,35313156.376551874,,₹ Crore
2022-23,Current,2024-25,Gross National Disposable Income,Annual,First Revised Estimates,,,,,32451963.229007088,,₹ Crore
2022-23,Current,2023-24,Gross National Disposable Income,Annual,Final Estimates,,,,,29455128.33538063,,₹ Crore
2022-23,Current,2022-23,Gross National Disposable Income,Annual,Final Estimates,,,,,26566532.20345459,,₹ Crore
2022-23,Current,2025-26,Net Taxes on Products,Annual,Second Advance Estimates,,,,,3186310.707381669,2817848.6601252425,₹ Crore
2022-23,Current,2024-25,Net Taxes on Products,Annual,First Revised Estimates,,,,,2952841.1644625296,2652124.3208711464,₹ Crore
2022-23,Current,2023-24,Net Taxes on Products,Annual,Final Estimates,,,,,2667806.7573470245,2519546.782512837,₹ Crore
2022-23,Current,2022-23,Net Taxes on Products,Annual,Final Estimates,,,,,2353865.7782651717,2353865.778265168,₹ Crore
2022-23,Current,2024-25,Gross Saving,Annual,First Revised Estimates,,,Public Non-Financial Corporations,,472146.63648717175,,₹ Crore
2022-23,Current,2024-25,Gross Saving,Annual,First Revised Estimates,,,Private Non-Financial Corporations,,2734981.070004239,,₹ Crore
2022-23,Current,2024-25,Gross Saving,Annual,First Revised Estimates,,,Public Financial Corporations,,590172.4239,,₹ Crore
2022-23,Current,2024-25,Gross Saving,Annual,First Revised Estimates,,,Private Financial Corporations,,519727.6029075702,,₹ Crore
2022-23,Current,2024-25,Gross Saving,Annual,First Revised Estimates,,,General Government,,-104305.11117692344,,₹ Crore
2022-23,Current,2024-25,Gross Saving,Annual,First Revised Estimates,,,Households Including NPISH,,6900601.57489001,,₹ Crore
2022-23,Current,2024-25,Gross Saving,Annual,First Revised Estimates,,,Total Gross Saving,,11113324.197012067,,₹ Crore
2022-23,Current,2024-25,Gross Saving,Annual,First Revised Estimates,,,,,11113324.197012067,,₹ Crore
2022-23,Current,2023-24,Gross Saving,Annual,Final Estimates,,,Public Non-Financial Corporations,,465393.58698649326,,₹ Crore
2022-23,Current,2023-24,Gross Saving,Annual,Final Estimates,,,Private Non-Financial Corporations,,2415035.838887001,,₹ Crore
2022-23,Current,2023-24,Gross Saving,Annual,Final Estimates,,,Public Financial Corporations,,535509.8991999999,,₹ Crore
2022-23,Current,2023-24,Gross Saving,Annual,Final Estimates,,,Private Financial Corporations,,458131.51952616335,,₹ Crore
2022-23,Current,2023-24,Gross Saving,Annual,Final Estimates,,,General Government,,-320170.6443256699,,₹ Crore
2022-23,Current,2023-24,Gross Saving,Annual,Final Estimates,,,Households Including NPISH,,5963550.208975102,,₹ Crore
2022-23,Current,2023-24,Gross Saving,Annual,Final Estimates,,,Total Gross Saving,,9517450.40924909,,₹ Crore
2022-23,Current,2023-24,Gross Saving,Annual,Final Estimates,,,,,9517450.40924909,,₹ Crore
2022-23,Current,2022-23,Gross Saving,Annual,Final Estimates,,,Public Non-Financial Corporations,,346284.76892640843,,₹ Crore
2022-23,Current,2022-23,Gross Saving,Annual,Final Estimates,,,Private Non-Financial Corporations,,1913676.8914173476,,₹ Crore
2022-23,Current,2022-23,Gross Saving,Annual,Final Estimates,,,Public Financial Corporations,,459701.4761869001,,₹ Crore
2022-23,Current,2022-23,Gross Saving,Annual,Final Estimates,,,Private Financial Corporations,,419401.9214237955,,₹ Crore
2022-23,Current,2022-23,Gross Saving,Annual,Final Estimates,,,General Government,,-591584.8992654355,,₹ Crore
2022-23,Current,2022-23,Gross Saving,Annual,Final Estimates,,,Households Including NPISH,,5225437.341015518,,₹ Crore
2022-23,Current,2022-23,Gross Saving,Annual,Final Estimates,,,Total Gross Saving,,7772917.499704534,,₹ Crore
2022-23,Current,2022-23,Gross Saving,Annual,Final Estimates,,,,,7772917.499704534,,₹ Crore
2022-23,Current,2025-26,GVA Growth Rate,Annual,Second Advance Estimates,"Agriculture, Livestock, Forestry and Fishing",,,,0.33612715184897013,2.4238803579279278,%
2022-23,Current,2025-26,GVA Growth Rate,Annual,Second Advance Estimates,Mining and Quarrying,,,,2.690018269522511,4.080252164341644,%
2022-23,Current,2025-26,GVA Growth Rate,Annual,Second Advance Estimates,Manufacturing,,,,11.356973128184805,11.531872924649306,%
2022-23,Current,2025-26,GVA Growth Rate,Annual,Second Advance Estimates,"Electricity, Gas, Water Supply & Other Utility Services",,,,1.87608443473151,1.5215555841179764,%
2022-23,Current,2025-26,GVA Growth Rate,Annual,Second Advance Estimates,Construction,,,,7.995542108481686,7.080416861746116,%
2022-23,Current,2025-26,GVA Growth Rate,Annual,Second Advance Estimates,"Trade, Hotels, Transport, Communication & Services Related to Broadcasting",,,,11.49824530824695,10.128183178909822,%
2022-23,Current,2025-26,GVA Growth Rate,Annual,Second Advance Estimates,"Financial, Real Estate & Professional Services",,,,12.275267431715804,9.879982557140153,%
2022-23,Current,2025-26,GVA Growth Rate,Annual,Second Advance Estimates,"Public Administration, Defence & Other Services",,,,10.785043712093739,5.793458552768826,%
2022-23,Current,2025-26,GVA Growth Rate,Annual,Second Advance Estimates,Total Gross Value Added,,,,8.686275939032669,7.69452376282851,%
2022-23,Current,2024-25,GVA Growth Rate,Annual,First Revised Estimates,"Agriculture, Livestock, Forestry and Fishing",Crops,,,9.086850672662123,3.2685882210127915,%
2022-23,Current,2024-25,GVA Growth Rate,Annual,First Revised Estimates,"Agriculture, Livestock, Forestry and Fishing",Livestock,,,9.143790479366444,5.141563616088575,%
2022-23,Current,2024-25,GVA Growth Rate,Annual,First Revised Estimates,"Agriculture, Livestock, Forestry and Fishing",Forestry and Logging,,,7.407416220230203,5.282734465171643,%
2022-23,Current,2024-25,GVA Growth Rate,Annual,First Revised Estimates,"Agriculture, Livestock, Forestry and Fishing",Fishing and Aquaculture,,,13.830493174917208,8.573882437658867,%
2022-23,Current,2024-25,GVA Growth Rate,Annual,First Revised Estimates,"Agriculture, Livestock, Forestry and Fishing",,,,9.225646876129389,4.177017286890347,%
2022-23,Current,2024-25,GVA Growth Rate,Annual,First Revised Estimates,Mining and Quarrying,,,,6.41793781201936,11.69228697211939,%
2022-23,Current,2024-25,GVA Growth Rate,Annual,First Revised Estimates,Manufacturing,"Food Products, Beverages and Tobacco",,,10.663742573318544,8.124907410022104,%
2022-23,Current,2024-25,GVA Growth Rate,Annual,First Revised Estimates,Manufacturing,"Textiles, Apparel and Leather Products",,,10.404385151251944,8.697657394107367,%
2022-23,Current,2024-25,GVA Growth Rate,Annual,First Revised Estimates,Manufacturing,Metal Products,,,11.575147341136187,23.16904344526081,%
2022-23,Current,2024-25,GVA Growth Rate,Annual,First Revised Estimates,Manufacturing,Machinery and Equipment,,,15.67380033281998,10.018021791206749,%
2022-23,Current,2024-25,GVA Growth Rate,Annual,First Revised Estimates,Manufacturing,Other Manufactured Goods,,,1.4820067371323944,3.912323630181504,%
2022-23,Current,2024-25,GVA Growth Rate,Annual,First Revised Estimates,Manufacturing,,,,8.310036973041804,9.289034929925165,%
2022-23,Current,2024-25,GVA Growth Rate,Annual,First Revised Estimates,"Electricity, Gas, Water Supply & Other Utility Services",,,,10.027091768491928,2.8740433239054823,%
2022-23,Current,2024-25,GVA Growth Rate,Annual,First Revised Estimates,Construction,,,,7.547973274353097,7.296995411295271,%
2022-23,Current,2024-25,GVA Growth Rate,Annual,First Revised Estimates,"Trade, Hotels, Transport, Communication & Services Related to Broadcasting",,,,7.6,6.6135621808291205,%
2022-23,Current,2024-25,GVA Growth Rate,Annual,First Revised Estimates,"Trade, Repair, Hotels and Restaurants",Trade & Repair Services,,,8.37838764954293,7.010338393366439,%
2022-23,Current,2024-25,GVA Growth Rate,Annual,First Revised Estimates,"Trade, Repair, Hotels and Restaurants",Hotels & Restaurants,,,10.57533089265658,3.8763894542982626,%
2022-23,Current,2024-25,GVA Growth Rate,Annual,First Revised Estimates,"Trade, Repair, Hotels and Restaurants",,,,8.709216397512847,6.54765429794044,%
2022-23,Current,2024-25,GVA Growth Rate,Annual,First Revised Estimates,"Transport, Storage, Communication & Services Related to Broadcasting",Railways,,,7.670903920843259,2.5108623173715046,%
2022-23,Current,2024-25,GVA Growth Rate,Annual,First Revised Estimates,"Transport, Storage, Communication & Services Related to Broadcasting",Road Transport,,,-0.38998501003916886,3.8242814909388727,%
2022-23,Current,2024-25,GVA Growth Rate,Annual,First Revised Estimates,"Transport, Storage, Communication & Services Related to Broadcasting",Water Transport,,,16.34232458401921,3.879569568766385,%
2022-23,Current,2024-25,GVA Growth Rate,Annual,First Revised Estimates,"Transport, Storage, Communication & Services Related to Broadcasting",Air Transport,,,14.80789638098949,11.92410372965142,%
2022-23,Current,2024-25,GVA Growth Rate,Annual,First Revised Estimates,"Transport, Storage, Communication & Services Related to Broadcasting",Services Incidental to Transport,,,11.655011024065075,6.268074959985043,%
2022-23,Current,2024-25,GVA Growth Rate,Annual,First Revised Estimates,"Transport, Storage, Communication & Services Related to Broadcasting",Storage,,,41.99421852853982,28.290203081549095,%
2022-23,Current,2024-25,GVA Growth Rate,Annual,First Revised Estimates,"Transport, Storage, Communication & Services Related to Broadcasting",Communication & Services Related to Broadcasting,,,9.932453463232108,11.261805776023976,%
2022-23,Current,2024-25,GVA Growth Rate,Annual,First Revised Estimates,"Transport, Storage, Communication & Services Related to Broadcasting",,,,5.96275736637611,6.714614230855219,%
2022-23,Current,2024-25,GVA Growth Rate,Annual,First Revised Estimates,"Financial, Real Estate & Professional Services",,,,13.1,10.032744562211576,%
2022-23,Current,2024-25,GVA Growth Rate,Annual,First Revised Estimates,Financial Services,,,,10.954205424262469,9.404387127774626,%
2022-23,Current,2024-25,GVA Growth Rate,Annual,First Revised Estimates,"Real Estate, Ownership of Dwelling & Professional Services",,,,13.839254863443657,10.242632734351929,%
2022-23,Current,2024-25,GVA Growth Rate,Annual,First Revised Estimates,"Public Administration, Defence & Other Services",,,,9,5.04921943814243,%
2022-23,Current,2024-25,GVA Growth Rate,Annual,First Revised Estimates,Public Administration and Defence,,,,8.87941885836203,5.635993707113542,%
2022-23,Current,2024-25,GVA Growth Rate,Annual,First Revised Estimates,Other Services,,,,9.105546863560392,4.584702546223582,%
2022-23,Current,2024-25,GVA Growth Rate,Annual,First Revised Estimates,Total Gross Value Added,,,,9.645671795295769,7.280950235856238,%
2022-23,Current,2023-24,GVA Growth Rate,Annual,Final Estimates,"Agriculture, Livestock, Forestry and Fishing",Crops,,,8.708024477338583,2.5104293213475017,%
2022-23,Current,2023-24,GVA Growth Rate,Annual,Final Estimates,"Agriculture, Livestock, Forestry and Fishing",Livestock,,,7.530352757675814,2.8977658647982025,%
2022-23,Current,2023-24,GVA Growth Rate,Annual,Final Estimates,"Agriculture, Livestock, Forestry and Fishing",Forestry and Logging,,,-2.201478193380055,1.189546754449438,%
2022-23,Current,2023-24,GVA Growth Rate,Annual,Final Estimates,"Agriculture, Livestock, Forestry and Fishing",Fishing and Aquaculture,,,10.162467487845817,5.2083520676833075,%
2022-23,Current,2023-24,GVA Growth Rate,Annual,Final Estimates,"Agriculture, Livestock, Forestry and Fishing",,,,7.597701770054144,2.6372399928270767,%
2022-23,Current,2023-24,GVA Growth Rate,Annual,Final Estimates,Mining and Quarrying,,,,6.326396482054733,2.3684307202661756,%
2022-23,Current,2023-24,GVA Growth Rate,Annual,Final Estimates,Manufacturing,"Food Products, Beverages and Tobacco",,,17.39137859716749,18.997766656193193,%
2022-23,Current,2023-24,GVA Growth Rate,Annual,Final Estimates,Manufacturing,"Textiles, Apparel and Leather Products",,,-0.9939480768145899,-4.574726748368931,%
2022-23,Current,2023-24,GVA Growth Rate,Annual,Final Estimates,Manufacturing,Metal Products,,,5.440864499735511,26.020276623216972,%
2022-23,Current,2023-24,GVA Growth Rate,Annual,Final Estimates,Manufacturing,Machinery and Equipment,,,21.56993625328056,13.373871185956673,%
2022-23,Current,2023-24,GVA Growth Rate,Annual,Final Estimates,Manufacturing,Other Manufactured Goods,,,8.299802698897338,10.867018024407244,%
2022-23,Current,2023-24,GVA Growth Rate,Annual,Final Estimates,Manufacturing,,,,10.809072418354049,12.70702564861233,%
2022-23,Current,2023-24,GVA Growth Rate,Annual,Final Estimates,"Electricity, Gas, Water Supply & Other Utility Services",,,,24.131939801929263,10.664965724631799,%
2022-23,Current,2023-24,GVA Growth Rate,Annual,Final Estimates,Construction,,,,7.975751873294641,9.917282994232096,%
2022-23,Current,2023-24,GVA Growth Rate,Annual,Final Estimates,"Trade, Hotels, Transport, Communication & Services Related to Broadcasting",,,,13.790742387429816,10.10582648172867,%
2022-23,Current,2023-24,GVA Growth Rate,Annual,Final Estimates,"Trade, Repair, Hotels and Restaurants",Trade & Repair Services,,,14.897773242862328,11.226725709700318,%
2022-23,Current,2023-24,GVA Growth Rate,Annual,Final Estimates,"Trade, Repair, Hotels and Restaurants",Hotels & Restaurants,,,21.451247121960165,14.868827187896727,%
2022-23,Current,2023-24,GVA Growth Rate,Annual,Final Estimates,"Trade, Repair, Hotels and Restaurants",,,,15.839031755377022,11.749831330175681,%
2022-23,Current,2023-24,GVA Growth Rate,Annual,Final Estimates,"Transport, Storage, Communication & Services Related to Broadcasting",Railways,,,7.384227610289585,5.663912302406814,%
2022-23,Current,2023-24,GVA Growth Rate,Annual,Final Estimates,"Transport, Storage, Communication & Services Related to Broadcasting",Road Transport,,,12.110496965055304,5.016631327068239,%
2022-23,Current,2023-24,GVA Growth Rate,Annual,Final Estimates,"Transport, Storage, Communication & Services Related to Broadcasting",Water Transport,,,8.35032562964959,7.337070757745451,%
2022-23,Current,2023-24,GVA Growth Rate,Annual,Final Estimates,"Transport, Storage, Communication & Services Related to Broadcasting",Air Transport,,,77.77401169473711,18.98853945702892,%
2022-23,Current,2023-24,GVA Growth Rate,Annual,Final Estimates,"Transport, Storage, Communication & Services Related to Broadcasting",Services Incidental to Transport,,,15.551394531642742,9.140273017176199,%
2022-23,Current,2023-24,GVA Growth Rate,Annual,Final Estimates,"Transport, Storage, Communication & Services Related to Broadcasting",Storage,,,9.433547219003756,-8.082476940851649,%
2022-23,Current,2023-24,GVA Growth Rate,Annual,Final Estimates,"Transport, Storage, Communication & Services Related to Broadcasting",Communication & Services Related to Broadcasting,,,4.742225409278134,12.853600405196033,%
2022-23,Current,2023-24,GVA Growth Rate,Annual,Final Estimates,"Transport, Storage, Communication & Services Related to Broadcasting",,,,10.764659805345161,7.677049512258733,%
2022-23,Current,2023-24,GVA Growth Rate,Annual,Final Estimates,"Financial, Real Estate & Professional Services",,,,10.880002072656495,5.455962088390635,%
2022-23,Current,2023-24,GVA Growth Rate,Annual,Final Estimates,Financial Services,,,,12.205575367344608,7.546892190183229,%
2022-23,Current,2023-24,GVA Growth Rate,Annual,Final Estimates,"Real Estate, Ownership of Dwelling & Professional Services",,,,10.448635022706725,4.775533210352904,%
2022-23,Current,2023-24,GVA Growth Rate,Annual,Final Estimates,"Public Administration, Defence & Other Services",,,,12.082876025547563,6.822227443656459,%
2022-23,Current,2023-24,GVA Growth Rate,Annual,Final Estimates,Public Administration and Defence,,,,7.473953078550764,2.9597563333433357,%
2022-23,Current,2023-24,GVA Growth Rate,Annual,Final Estimates,Other Services,,,,15.984245891014666,10.091739338150617,%
2022-23,Current,2023-24,GVA Growth Rate,Annual,Final Estimates,Total Gross Value Added,,,,10.740476136454618,7.227217713721814,%
2022-23,Current,2025-26,GDP Growth Rate,Annual,Second Advance Estimates,,,,,8.613895152384416,7.566661792822444,%
2022-23,Current,2024-25,GDP Growth Rate,Annual,First Revised Estimates,,,,,9.74126457016446,7.099278751346731,%
2022-23,Current,2023-24,GDP Growth Rate,Annual,Final Estimates,,,,,10.974511894812295,7.21022535755435,%
2022-23,Current,2024-25,Taxes on Products,Annual,First Revised Estimates,,,,,3541953.6051485296,3327643.7505867337,₹ Crore
2022-23,Current,2023-24,Taxes on Products,Annual,Final Estimates,,,,,3244229.1392870247,3147056.140513986,₹ Crore
2022-23,Current,2022-23,Taxes on Products,Annual,Final Estimates,,,,,2963200.5457237717,2963200.545723768,₹ Crore
2022-23,Current,2024-25,Subsidies on Products,Annual,First Revised Estimates,,,,,589112.440686,675519.4297155875,₹ Crore
2022-23,Current,2023-24,Subsidies on Products,Annual,Final Estimates,,,,,576422.3819400001,627509.3580011488,₹ Crore
2022-23,Current,2022-23,Subsidies on Products,Annual,Final Estimates,,,,,609334.7674586,609334.7674586,₹ Crore
2022-23,Current,2025-26,Gross Domestic Product,Annual,Second Advance Estimates,,,,,34547156.79646479,32257756.419088542,₹ Crore
2022-23,Current,2024-25,Gross Domestic Product,Annual,First Revised Estimates,,,,,31807308.592047345,29988619.479805388,₹ Crore
2022-23,Current,2023-24,Gross Domestic Product,Annual,Final Estimates,,,,,28983909.303971015,28000766.97942123,₹ Crore
2022-23,Current,2022-23,Gross Domestic Product,Annual,Final Estimates,,,,,26117627.20023815,26117627.200238142,₹ Crore
2022-23,Current,2024-25,Consumption of Fixed Capital,Annual,First Revised Estimates,,,Public Non-Financial Corporations,,461894.08703607117,,₹ Crore
2022-23,Current,2024-25,Consumption of Fixed Capital,Annual,First Revised Estimates,,,Private Non-Financial Corporations,,1957878.3519342486,,₹ Crore
2022-23,Current,2024-25,Consumption of Fixed Capital,Annual,First Revised Estimates,,,Public Financial Corporations,,15971.226922234106,,₹ Crore
2022-23,Current,2024-25,Consumption of Fixed Capital,Annual,First Revised Estimates,,,Private Financial Corporations,,68380.6417614131,,₹ Crore
2022-23,Current,2024-25,Consumption of Fixed Capital,Annual,First Revised Estimates,,,General Government,,357292.10854751506,,₹ Crore
2022-23,Current,2024-25,Consumption of Fixed Capital,Annual,First Revised Estimates,,,Households Including NPISH,,1392966.2860379166,,₹ Crore
2022-23,Current,2024-25,Consumption of Fixed Capital,Annual,First Revised Estimates,,,Total Consumption of Fixed Capital,,4254382.702239399,,₹ Crore
2022-23,Current,2024-25,Consumption of Fixed Capital,Annual,First Revised Estimates,,,,,4254382.702239399,4059430.218413368,₹ Crore
2022-23,Current,2023-24,Consumption of Fixed Capital,Annual,Final Estimates,,,Public Non-Financial Corporations,,424971.5608509308,,₹ Crore
2022-23,Current,2023-24,Consumption of Fixed Capital,Annual,Final Estimates,,,Private Non-Financial Corporations,,1842977.4746121909,,₹ Crore
2022-23,Current,2023-24,Consumption of Fixed Capital,Annual,Final Estimates,,,Public Financial Corporations,,13173.377801346822,,₹ Crore
2022-23,Current,2023-24,Consumption of Fixed Capital,Annual,Final Estimates,,,Private Financial Corporations,,58287.65002844771,,₹ Crore
2022-23,Current,2023-24,Consumption of Fixed Capital,Annual,Final Estimates,,,General Government,,329150.8166084602,,₹ Crore
2022-23,Current,2023-24,Consumption of Fixed Capital,Annual,Final Estimates,,,Households Including NPISH,,1278019.6546966496,,₹ Crore
2022-23,Current,2023-24,Consumption of Fixed Capital,Annual,Final Estimates,,,Total Consumption of Fixed Capital,,3946580.5345980255,,₹ Crore
2022-23,Current,2023-24,Consumption of Fixed Capital,Annual,Final Estimates,,,,,4254382.702239399,3856643.2322069346,₹ Crore
2022-23,Current,2022-23,Consumption of Fixed Capital,Annual,Final Estimates,,,Public Non-Financial Corporations,,391956.8450635365,,₹ Crore
2022-23,Current,2022-23,Consumption of Fixed Capital,Annual,Final Estimates,,,Private Non-Financial Corporations,,1746045.5795437195,,₹ Crore
2022-23,Current,2022-23,Consumption of Fixed Capital,Annual,Final Estimates,,,Public Financial Corporations,,11701.73348491998,,₹ Crore
2022-23,Current,2022-23,Consumption of Fixed Capital,Annual,Final Estimates,,,Private Financial Corporations,,51118.452228770664,,₹ Crore
2022-23,Current,2022-23,Consumption of Fixed Capital,Annual,Final Estimates,,,General Government,,305193.35522714065,,₹ Crore
2022-23,Current,2022-23,Consumption of Fixed Capital,Annual,Final Estimates,,,Households Including NPISH,,1176250.3574497493,,₹ Crore
2022-23,Current,2022-23,Consumption of Fixed Capital,Annual,Final Estimates,,,Total Consumption of Fixed Capital,,3682266.3229978364,,₹ Crore
2022-23,Current,2022-23,Consumption of Fixed Capital,Annual,Final Estimates,,,,,3682266.3229978364,3682266.3229978364,₹ Crore
2022-23,Current,2025-26,Net Domestic Product,Annual,Second Advance Estimates,,,,,29923226.673206404,27885972.377883915,₹ Crore
2022-23,Current,2024-25,Net Domestic Product,Annual,First Revised Estimates,,,,,27552925.889807947,25929189.26139202,₹ Crore
2022-23,Current,2023-24,Net Domestic Product,Annual,Final Estimates,,,,,27552925.889807947,24144123.747214295,₹ Crore
2022-23,Current,2022-23,Net Domestic Product,Annual,Final Estimates,,,,,22435360.877240315,22435360.877240308,₹ Crore
2022-23,Current,2024-25,Gross Capital Formation by Industry of Use,Annual,First Revised Estimates,"Agriculture, Livestock, Forestry and Fishing",Crops,,,504223.04715085623,478344.80772834487,₹ Crore
2022-23,Current,2024-25,Gross Capital Formation by Industry of Use,Annual,First Revised Estimates,"Agriculture, Livestock, Forestry and Fishing",Livestock,,,57236.82560966396,52884.25396744576,₹ Crore
2022-23,Current,2024-25,Gross Capital Formation by Industry of Use,Annual,First Revised Estimates,"Agriculture, Livestock, Forestry and Fishing",Forestry and Logging,,,9604.306446503553,9104.786217397039,₹ Crore
2022-23,Current,2024-25,Gross Capital Formation by Industry of Use,Annual,First Revised Estimates,"Agriculture, Livestock, Forestry and Fishing",Fishing and Aquaculture,,,39898.777035969724,40220.879818108006,₹ Crore
2022-23,Current,2024-25,Gross Capital Formation by Industry of Use,Annual,First Revised Estimates,"Agriculture, Livestock, Forestry and Fishing",,,,610962.9562429935,580554.7277312957,₹ Crore
2022-23,Current,2024-25,Gross Capital Formation by Industry of Use,Annual,First Revised Estimates,Mining and Quarrying,,,,158253.96026208848,148930.20441492248,₹ Crore
2022-23,Current,2024-25,Gross Capital Formation by Industry of Use,Annual,First Revised Estimates,Manufacturing,,,,1350610.8636131578,1298416.5590271747,₹ Crore
2022-23,Current,2024-25,Gross Capital Formation by Industry of Use,Annual,First Revised Estimates,"Electricity, Gas, Water Supply & Other Utility Services",,,,700524.2475375455,662903.4798265769,₹ Crore
2022-23,Current,2024-25,Gross Capital Formation by Industry of Use,Annual,First Revised Estimates,Construction,,,,722428.8615458943,691885.0872087587,₹ Crore
2022-23,Current,2024-25,Gross Capital Formation by Industry of Use,Annual,First Revised Estimates,"Trade, Repair, Hotels and Restaurants",Trade & Repair Services,,,834641.2798382622,786302.7877078952,₹ Crore
2022-23,Current,2024-25,Gross Capital Formation by Industry of Use,Annual,First Revised Estimates,"Trade, Repair, Hotels and Restaurants",Hotels & Restaurants,,,219078.19606440084,212334.5034683618,₹ Crore
2022-23,Current,2024-25,Gross Capital Formation by Industry of Use,Annual,First Revised Estimates,"Trade, Repair, Hotels and Restaurants",,,,1053719.475902663,998637.291176257,₹ Crore
2022-23,Current,2024-25,Gross Capital Formation by Industry of Use,Annual,First Revised Estimates,"Transport, Storage, Communication & Services Related to Broadcasting",Railways,,,251531.93072514405,241915.99012027495,₹ Crore
2022-23,Current,2024-25,Gross Capital Formation by Industry of Use,Annual,First Revised Estimates,"Transport, Storage, Communication & Services Related to Broadcasting",Road Transport,,,201053.64790769265,195211.50707601948,₹ Crore
2022-23,Current,2024-25,Gross Capital Formation by Industry of Use,Annual,First Revised Estimates,"Transport, Storage, Communication & Services Related to Broadcasting",Water Transport,,,14791.019658834779,14342.988920239428,₹ Crore
2022-23,Current,2024-25,Gross Capital Formation by Industry of Use,Annual,First Revised Estimates,"Transport, Storage, Communication & Services Related to Broadcasting",Air Transport,,,53672.14712100887,51328.332105653026,₹ Crore
2022-23,Current,2024-25,Gross Capital Formation by Industry of Use,Annual,First Revised Estimates,"Transport, Storage, Communication & Services Related to Broadcasting",Services Incidental to Transport,,,65161.11816042041,62259.70298902045,₹ Crore
2022-23,Current,2024-25,Gross Capital Formation by Industry of Use,Annual,First Revised Estimates,"Transport, Storage, Communication & Services Related to Broadcasting",Storage,,,9552.451105413304,9153.423967606457,₹ Crore
2022-23,Current,2024-25,Gross Capital Formation by Industry of Use,Annual,First Revised Estimates,"Transport, Storage, Communication & Services Related to Broadcasting",Communication & Services Related to Broadcasting,,,259076.7895344586,245963.35609534517,₹ Crore
2022-23,Current,2024-25,Gross Capital Formation by Industry of Use,Annual,First Revised Estimates,"Transport, Storage, Communication & Services Related to Broadcasting",,,,854839.1042129726,820175.301274159,₹ Crore
2022-23,Current,2024-25,Gross Capital Formation by Industry of Use,Annual,First Revised Estimates,Financial Services,,,,180120.6634525689,172440.1160846542,₹ Crore
2022-23,Current,2024-25,Gross Capital Formation by Industry of Use,Annual,First Revised Estimates,"Real Estate, Ownership of Dwelling & Professional Services",,,,3051900.3476145454,2955815.715830959,₹ Crore
2022-23,Current,2024-25,Gross Capital Formation by Industry of Use,Annual,First Revised Estimates,Public Administration and Defence,,,,1028108.1371097469,986579.2430946258,₹ Crore
2022-23,Current,2024-25,Gross Capital Formation by Industry of Use,Annual,First Revised Estimates,Other Services,,,,735758.9525894865,714026.8415062774,₹ Crore
2022-23,Current,2024-25,Gross Capital Formation by Industry of Use,Annual,First Revised Estimates,Total Gross Capital Formation,,,,10447227.570083661,10030364.56717566,₹ Crore
2022-23,Current,2023-24,Gross Capital Formation by Industry of Use,Annual,Final Estimates,"Agriculture, Livestock, Forestry and Fishing",Crops,,,450559.131272485,439912.399365925,₹ Crore
2022-23,Current,2023-24,Gross Capital Formation by Industry of Use,Annual,Final Estimates,"Agriculture, Livestock, Forestry and Fishing",Livestock,,,52835.15399819413,50121.73384202348,₹ Crore
2022-23,Current,2023-24,Gross Capital Formation by Industry of Use,Annual,Final Estimates,"Agriculture, Livestock, Forestry and Fishing",Forestry and Logging,,,8218.880995946864,8047.432471563186,₹ Crore
2022-23,Current,2023-24,Gross Capital Formation by Industry of Use,Annual,Final Estimates,"Agriculture, Livestock, Forestry and Fishing",Fishing and Aquaculture,,,38670.58695071538,39504.668410153354,₹ Crore
2022-23,Current,2023-24,Gross Capital Formation by Industry of Use,Annual,Final Estimates,"Agriculture, Livestock, Forestry and Fishing",,,,550283.7532173414,537586.234089665,₹ Crore
2022-23,Current,2023-24,Gross Capital Formation by Industry of Use,Annual,Final Estimates,Mining and Quarrying,,,,159714.68646997045,153528.2065158007,₹ Crore
2022-23,Current,2023-24,Gross Capital Formation by Industry of Use,Annual,Final Estimates,Manufacturing,,,,1373850.3407888443,1363615.1222161846,₹ Crore
2022-23,Current,2023-24,Gross Capital Formation by Industry of Use,Annual,Final Estimates,"Electricity, Gas, Water Supply & Other Utility Services",,,,573767.9843488269,557259.2717831243,₹ Crore
2022-23,Current,2023-24,Gross Capital Formation by Industry of Use,Annual,Final Estimates,Construction,,,,701215.4618389319,692027.776016259,₹ Crore
2022-23,Current,2023-24,Gross Capital Formation by Industry of Use,Annual,Final Estimates,"Trade, Repair, Hotels and Restaurants",Trade & Repair Services,,,602219.7890844566,561099.9813182512,₹ Crore
2022-23,Current,2023-24,Gross Capital Formation by Industry of Use,Annual,Final Estimates,"Trade, Repair, Hotels and Restaurants",Hotels & Restaurants,,,220990.70119726507,217630.43571110087,₹ Crore
2022-23,Current,2023-24,Gross Capital Formation by Industry of Use,Annual,Final Estimates,"Trade, Repair, Hotels and Restaurants",,,,823210.4902817217,778730.4170293522,₹ Crore
2022-23,Current,2023-24,Gross Capital Formation by Industry of Use,Annual,Final Estimates,"Transport, Storage, Communication & Services Related to Broadcasting",Railways,,,239669.0320516544,235340.8488558334,₹ Crore
2022-23,Current,2023-24,Gross Capital Formation by Industry of Use,Annual,Final Estimates,"Transport, Storage, Communication & Services Related to Broadcasting",Road Transport,,,185125.06205778127,182041.16488821278,₹ Crore
2022-23,Current,2023-24,Gross Capital Formation by Industry of Use,Annual,Final Estimates,"Transport, Storage, Communication & Services Related to Broadcasting",Water Transport,,,5312.938543806769,5215.552172131511,₹ Crore
2022-23,Current,2023-24,Gross Capital Formation by Industry of Use,Annual,Final Estimates,"Transport, Storage, Communication & Services Related to Broadcasting",Air Transport,,,53584.415681158534,52429.02223869282,₹ Crore
2022-23,Current,2023-24,Gross Capital Formation by Industry of Use,Annual,Final Estimates,"Transport, Storage, Communication & Services Related to Broadcasting",Services Incidental to Transport,,,69493.56807441832,67850.85954687963,₹ Crore
2022-23,Current,2023-24,Gross Capital Formation by Industry of Use,Annual,Final Estimates,"Transport, Storage, Communication & Services Related to Broadcasting",Storage,,,23659.804504631353,23140.0305487208,₹ Crore
2022-23,Current,2023-24,Gross Capital Formation by Industry of Use,Annual,Final Estimates,"Transport, Storage, Communication & Services Related to Broadcasting",Communication & Services Related to Broadcasting,,,390693.66678992833,377341.4090619104,₹ Crore
2022-23,Current,2023-24,Gross Capital Formation by Industry of Use,Annual,Final Estimates,"Transport, Storage, Communication & Services Related to Broadcasting",,,,967538.487703379,943358.8873123815,₹ Crore
2022-23,Current,2023-24,Gross Capital Formation by Industry of Use,Annual,Final Estimates,Financial Services,,,,136849.54254923522,134826.44523246857,₹ Crore
2022-23,Current,2023-24,Gross Capital Formation by Industry of Use,Annual,Final Estimates,"Real Estate, Ownership of Dwelling & Professional Services",,,,2737077.032107562,2701331.5793670495,₹ Crore
2022-23,Current,2023-24,Gross Capital Formation by Industry of Use,Annual,Final Estimates,Public Administration and Defence,,,,929041.5173231502,915084.4592132645,₹ Crore
2022-23,Current,2023-24,Gross Capital Formation by Industry of Use,Annual,Final Estimates,Other Services,,,,672025.4003382205,665296.6215631366,₹ Crore
2022-23,Current,2023-24,Gross Capital Formation by Industry of Use,Annual,Final Estimates,Total Gross Capital Formation,,,,9624574.696967183,9442645.020338686,₹ Crore
2022-23,Current,2022-23,Gross Capital Formation by Industry of Use,Annual,Final Estimates,"Agriculture, Livestock, Forestry and Fishing",Crops,,,517983.64718136034,517983.64718136034,₹ Crore
2022-23,Current,2022-23,Gross Capital Formation by Industry of Use,Annual,Final Estimates,"Agriculture, Livestock, Forestry and Fishing",Livestock,,,54345.56702840179,54345.56702840179,₹ Crore
2022-23,Current,2022-23,Gross Capital Formation by Industry of Use,Annual,Final Estimates,"Agriculture, Livestock, Forestry and Fishing",Forestry and Logging,,,9626.45054433896,9626.45054433896,₹ Crore
2022-23,Current,2022-23,Gross Capital Formation by Industry of Use,Annual,Final Estimates,"Agriculture, Livestock, Forestry and Fishing",Fishing and Aquaculture,,,34975.42576354059,34975.42576354059,₹ Crore
2022-23,Current,2022-23,Gross Capital Formation by Industry of Use,Annual,Final Estimates,"Agriculture, Livestock, Forestry and Fishing",,,,616931.0905176416,616931.0905176416,₹ Crore
2022-23,Current,2022-23,Gross Capital Formation by Industry of Use,Annual,Final Estimates,Mining and Quarrying,,,,134317.717757571,134317.717757571,₹ Crore
2022-23,Current,2022-23,Gross Capital Formation by Industry of Use,Annual,Final Estimates,Manufacturing,,,,1344845.5127574895,1344845.5127574897,₹ Crore
2022-23,Current,2022-23,Gross Capital Formation by Industry of Use,Annual,Final Estimates,"Electricity, Gas, Water Supply & Other Utility Services",,,,452890.24382370093,452890.2438237009,₹ Crore
2022-23,Current,2022-23,Gross Capital Formation by Industry of Use,Annual,Final Estimates,Construction,,,,683579.2899199431,683579.2899199431,₹ Crore
2022-23,Current,2022-23,Gross Capital Formation by Industry of Use,Annual,Final Estimates,"Trade, Repair, Hotels and Restaurants",Trade & Repair Services,,,492904.53994938906,492904.53994938906,₹ Crore
2022-23,Current,2022-23,Gross Capital Formation by Industry of Use,Annual,Final Estimates,"Trade, Repair, Hotels and Restaurants",Hotels & Restaurants,,,188026.93027719442,188026.93027719442,₹ Crore
2022-23,Current,2022-23,Gross Capital Formation by Industry of Use,Annual,Final Estimates,"Trade, Repair, Hotels and Restaurants",,,,680931.4702265835,680931.4702265835,₹ Crore
2022-23,Current,2022-23,Gross Capital Formation by Industry of Use,Annual,Final Estimates,"Transport, Storage, Communication & Services Related to Broadcasting",Railways,,,163396.89313077234,163396.89313077234,₹ Crore
2022-23,Current,2022-23,Gross Capital Formation by Industry of Use,Annual,Final Estimates,"Transport, Storage, Communication & Services Related to Broadcasting",Road Transport,,,140357.8145125098,140357.8145125098,₹ Crore
2022-23,Current,2022-23,Gross Capital Formation by Industry of Use,Annual,Final Estimates,"Transport, Storage, Communication & Services Related to Broadcasting",Water Transport,,,9248.525692023048,9248.525692023048,₹ Crore
2022-23,Current,2022-23,Gross Capital Formation by Industry of Use,Annual,Final Estimates,"Transport, Storage, Communication & Services Related to Broadcasting",Air Transport,,,24644.477353562503,24644.477353562503,₹ Crore
2022-23,Current,2022-23,Gross Capital Formation by Industry of Use,Annual,Final Estimates,"Transport, Storage, Communication & Services Related to Broadcasting",Services Incidental to Transport,,,57060.627564513845,57060.627564513845,₹ Crore
2022-23,Current,2022-23,Gross Capital Formation by Industry of Use,Annual,Final Estimates,"Transport, Storage, Communication & Services Related to Broadcasting",Storage,,,15353.43381020971,15353.43381020971,₹ Crore
2022-23,Current,2022-23,Gross Capital Formation by Industry of Use,Annual,Final Estimates,"Transport, Storage, Communication & Services Related to Broadcasting",Communication & Services Related to Broadcasting,,,306956.3326716555,306956.3326716555,₹ Crore
2022-23,Current,2022-23,Gross Capital Formation by Industry of Use,Annual,Final Estimates,"Transport, Storage, Communication & Services Related to Broadcasting",,,,717018.1047352466,717018.1047352466,₹ Crore
2022-23,Current,2022-23,Gross Capital Formation by Industry of Use,Annual,Final Estimates,Financial Services,,,,112344.0741264027,112344.0741264027,₹ Crore
2022-23,Current,2022-23,Gross Capital Formation by Industry of Use,Annual,Final Estimates,"Real Estate, Ownership of Dwelling & Professional Services",,,,2549369.9760993314,2549369.9760993314,₹ Crore
2022-23,Current,2022-23,Gross Capital Formation by Industry of Use,Annual,Final Estimates,Public Administration and Defence,,,,762892.8680911028,762892.8680911028,₹ Crore
2022-23,Current,2022-23,Gross Capital Formation by Industry of Use,Annual,Final Estimates,Other Services,,,,571755.9560037055,571755.9560037055,₹ Crore
2022-23,Current,2022-23,Gross Capital Formation by Industry of Use,Annual,Final Estimates,Total Gross Capital Formation,,,,8626876.304058718,8626876.30405872,₹ Crore
2022-23,Current,2025-26,Gross Fixed Capital Formation,Annual,Second Advance Estimates,,,,,10944227.57002234,10331125.134544874,₹ Crore
2022-23,Current,2024-25,Gross Fixed Capital Formation,Annual,First Revised Estimates,,,Public Non-Financial Corporations,,1078320.4436691923,1027792.1776565704,₹ Crore
2022-23,Current,2024-25,Gross Fixed Capital Formation,Annual,First Revised Estimates,,,Private Non-Financial Corporations,,3110030.034835498,2957405.7400984326,₹ Crore
2022-23,Current,2024-25,Gross Fixed Capital Formation,Annual,First Revised Estimates,,,Public Financial Corporations,,38185.26264028838,37090.3418091193,₹ Crore
2022-23,Current,2024-25,Gross Fixed Capital Formation,Annual,First Revised Estimates,,,Private Financial Corporations,,132520.8252524306,124942.15872881559,₹ Crore
2022-23,Current,2024-25,Gross Fixed Capital Formation,Annual,First Revised Estimates,,,General Government,,1351156.6766033182,1295074.47058925,₹ Crore
2022-23,Current,2024-25,Gross Fixed Capital Formation,Annual,First Revised Estimates,,,Household Sector,,4354713.85274628,4205486.975685361,₹ Crore
2022-23,Current,2024-25,Gross Fixed Capital Formation,Annual,First Revised Estimates,,,Total Gross Fixed Capital Formation,,10064927.095747007,9647791.864567548,₹ Crore
2022-23,Current,2023-24,Gross Fixed Capital Formation,Annual,Final Estimates,,,Public Non-Financial Corporations,,1000165.275538208,978247.0456208002,₹ Crore
2022-23,Current,2023-24,Gross Fixed Capital Formation,Annual,Final Estimates,,,Private Non-Financial Corporations,,2870472.0422170535,2800874.1418294823,₹ Crore
2022-23,Current,2023-24,Gross Fixed Capital Formation,Annual,Final Estimates,,,Public Financial Corporations,,25804.045261563166,25916.83417943338,₹ Crore
2022-23,Current,2023-24,Gross Fixed Capital Formation,Annual,Final Estimates,,,Private Financial Corporations,,102872.71116226914,100136.44378763437,₹ Crore
2022-23,Current,2023-24,Gross Fixed Capital Formation,Annual,Final Estimates,,,General Government,,1222623.3632812551,1202437.4456129307,₹ Crore
2022-23,Current,2023-24,Gross Fixed Capital Formation,Annual,Final Estimates,,,Household Sector,,4023814.6149146436,3959021.042066505,₹ Crore
2022-23,Current,2023-24,Gross Fixed Capital Formation,Annual,Final Estimates,,,Total Gross Fixed Capital Formation,,9245752.052374993,9066632.953096787,₹ Crore
2022-23,Current,2022-23,Gross Fixed Capital Formation,Annual,Final Estimates,,,Public Non-Financial Corporations,,852060.7676788891,852060.7676788891,₹ Crore
2022-23,Current,2022-23,Gross Fixed Capital Formation,Annual,Final Estimates,,,Private Non-Financial Corporations,,2760638.539203547,2760638.539203547,₹ Crore
2022-23,Current,2022-23,Gross Fixed Capital Formation,Annual,Final Estimates,,,Public Financial Corporations,,22572.019468885337,22572.019468885337,₹ Crore
2022-23,Current,2022-23,Gross Fixed Capital Formation,Annual,Final Estimates,,,Private Financial Corporations,,92718.01002622592,92718.01002622592,₹ Crore
2022-23,Current,2022-23,Gross Fixed Capital Formation,Annual,Final Estimates,,,General Government,,1031641.3745079272,1031641.3745079272,₹ Crore
2022-23,Current,2022-23,Gross Fixed Capital Formation,Annual,Final Estimates,,,Household Sector,,3693875.20116903,3693875.20116903,₹ Crore
2022-23,Current,2022-23,Gross Fixed Capital Formation,Annual,Final Estimates,,,Total Gross Fixed Capital Formation,,8453505.912054505,8453505.912054505,₹ Crore
2022-23,Current,2025-26,Gross Value Added,Quarterly,,"Agriculture, Livestock, Forestry and Fishing",,,Q3,1687985.5227230652,1569606.5359754642,₹ Crore
2022-23,Current,2025-26,Gross Value Added,Quarterly,,"Agriculture, Livestock, Forestry and Fishing",,,Q1,1314108.351786881,1197850.943694828,₹ Crore
2022-23,Current,2025-26,Gross Value Added,Quarterly,,"Agriculture, Livestock, Forestry and Fishing",,,Q2,1049144.3125140166,978967.1731904657,₹ Crore
2022-23,Current,2025-26,Gross Value Added,Quarterly,,Mining and Quarrying,,,Q1,140432.23880556485,148399.8897808372,₹ Crore
2022-23,Current,2025-26,Gross Value Added,Quarterly,,Mining and Quarrying,,,Q3,152480.26108108994,153546.0564607551,₹ Crore
2022-23,Current,2025-26,Gross Value Added,Quarterly,,Mining and Quarrying,,,Q2,126874.74345004935,132671.95869190033,₹ Crore
2022-23,Current,2025-26,Gross Value Added,Quarterly,,Manufacturing,,,Q2,1161995.2323499238,1193275.418787091,₹ Crore
2022-23,Current,2025-26,Gross Value Added,Quarterly,,Manufacturing,,,Q1,959166.4419871999,987821.9477409986,₹ Crore
2022-23,Current,2025-26,Gross Value Added,Quarterly,,Manufacturing,,,Q3,1191200.0531075653,1224291.629971924,₹ Crore
2022-23,Current,2025-26,Gross Value Added,Quarterly,,"Electricity, Gas, Water Supply & Other Utility Services",,,Q3,198990.13000571053,160245.68593144094,₹ Crore
2022-23,Current,2025-26,Gross Value Added,Quarterly,,"Electricity, Gas, Water Supply & Other Utility Services",,,Q1,204101.37655388386,174154.76416007767,₹ Crore
2022-23,Current,2025-26,Gross Value Added,Quarterly,,"Electricity, Gas, Water Supply & Other Utility Services",,,Q2,204417.27340436066,177280.8948326127,₹ Crore
2022-23,Current,2025-26,Gross Value Added,Quarterly,,Construction,,,Q1,629692.6474102933,634731.2959609163,₹ Crore
2022-23,Current,2025-26,Gross Value Added,Quarterly,,Construction,,,Q3,656822.2403063287,664176.8768803966,₹ Crore
2022-23,Current,2025-26,Gross Value Added,Quarterly,,Construction,,,Q2,645895.169642301,652428.1704244534,₹ Crore
2022-23,Current,2025-26,Gross Value Added,Quarterly,,"Trade, Hotels, Transport, Communication & Services Related to Broadcasting",,,Q3,1151627.3074371777,1086620.2818475598,₹ Crore
2022-23,Current,2025-26,Gross Value Added,Quarterly,,"Trade, Hotels, Transport, Communication & Services Related to Broadcasting",,,Q1,1048193.6667137081,999504.5268750794,₹ Crore
2022-23,Current,2025-26,Gross Value Added,Quarterly,,"Trade, Hotels, Transport, Communication & Services Related to Broadcasting",,,Q2,1057031.987634519,1018206.6200393939,₹ Crore
2022-23,Current,2025-26,Gross Value Added,Quarterly,,"Financial, Real Estate & Professional Services",,,Q3,2161130.6093409997,1960174.2962840088,₹ Crore
2022-23,Current,2025-26,Gross Value Added,Quarterly,,"Financial, Real Estate & Professional Services",,,Q2,2063749.270698715,1877489.251368097,₹ Crore
2022-23,Current,2025-26,Gross Value Added,Quarterly,,"Financial, Real Estate & Professional Services",,,Q1,1975995.3309281827,1802052.7694116184,₹ Crore
2022-23,Current,2025-26,Gross Value Added,Quarterly,,"Public Administration, Defence & Other Services",,,Q2,973138.1571316258,863340.405533974,₹ Crore
2022-23,Current,2025-26,Gross Value Added,Quarterly,,"Public Administration, Defence & Other Services",,,Q3,1058056.619670359,919626.6408647932,₹ Crore
2022-23,Current,2025-26,Gross Value Added,Quarterly,,"Public Administration, Defence & Other Services",,,Q1,983933.8018377343,883477.3148319747,₹ Crore
2022-23,Current,2025-26,Gross Value Added,Quarterly,,Total Gross Value Added,,,Q2,7282246.146825511,6893659.892867988,₹ Crore
2022-23,Current,2025-26,Gross Value Added,Quarterly,,Total Gross Value Added,,,Q1,7255623.856023448,6827993.45245633,₹ Crore
2022-23,Current,2025-26,Gross Value Added,Quarterly,,Total Gross Value Added,,,Q3,8258292.743672296,7738288.004216343,₹ Crore
2022-23,Current,2024-25,Gross Value Added,Quarterly,,"Agriculture, Livestock, Forestry and Fishing",,,Q2,1055130.8449952025,956616.8040996294,₹ Crore
2022-23,Current,2024-25,Gross Value Added,Quarterly,,"Agriculture, Livestock, Forestry and Fishing",,,Q3,1720421.9036848997,1547578.9469807793,₹ Crore
2022-23,Current,2024-25,Gross Value Added,Quarterly,,"Agriculture, Livestock, Forestry and Fishing",,,Q4,1557163.3583164192,1431904.6835004918,₹ Crore
2022-23,Current,2024-25,Gross Value Added,Quarterly,,"Agriculture, Livestock, Forestry and Fishing",,,Q1,1256966.697766,1149431.9841443005,₹ Crore
2022-23,Current,2024-25,Gross Value Added,Quarterly,,Mining and Quarrying,,,Q2,124723.15002704038,125074.40676859907,₹ Crore
2022-23,Current,2024-25,Gross Value Added,Quarterly,,Mining and Quarrying,,,Q1,144731.67222084335,142027.9271034901,₹ Crore
2022-23,Current,2024-25,Gross Value Added,Quarterly,,Mining and Quarrying,,,Q4,160431.36225890522,164819.0698652014,₹ Crore
2022-23,Current,2024-25,Gross Value Added,Quarterly,,Mining and Quarrying,,,Q3,142673.82338111103,146646.4571419469,₹ Crore
2022-23,Current,2024-25,Gross Value Added,Quarterly,,Manufacturing,,,Q4,1228704.1362217262,1260965.9120712113,₹ Crore
2022-23,Current,2024-25,Gross Value Added,Quarterly,,Manufacturing,,,Q2,1027319.4968423976,1054181.0316939824,₹ Crore
2022-23,Current,2024-25,Gross Value Added,Quarterly,,Manufacturing,,,Q3,1051789.827801348,1080557.4130202164,₹ Crore
2022-23,Current,2024-25,Gross Value Added,Quarterly,,Manufacturing,,,Q1,871418.7739099693,893532.8178022174,₹ Crore
2022-23,Current,2024-25,Gross Value Added,Quarterly,,"Electricity, Gas, Water Supply & Other Utility Services",,,Q4,212722.44309776695,165511.10697080946,₹ Crore
2022-23,Current,2024-25,Gross Value Added,Quarterly,,"Electricity, Gas, Water Supply & Other Utility Services",,,Q2,193799.72202363456,170678.5090548287,₹ Crore
2022-23,Current,2024-25,Gross Value Added,Quarterly,,"Electricity, Gas, Water Supply & Other Utility Services",,,Q1,200701.05707754902,177516.61644707416,₹ Crore
2022-23,Current,2024-25,Gross Value Added,Quarterly,,"Electricity, Gas, Water Supply & Other Utility Services",,,Q3,198395.5313093509,157819.02913865843,₹ Crore
2022-23,Current,2024-25,Gross Value Added,Quarterly,,Construction,,,Q2,590800.9398056824,599999.8041304256,₹ Crore
2022-23,Current,2024-25,Gross Value Added,Quarterly,,Construction,,,Q4,652974.8442830237,662063.8650051398,₹ Crore
2022-23,Current,2024-25,Gross Value Added,Quarterly,,Construction,,,Q3,614087.3074098354,623201.9211196402,₹ Crore
2022-23,Current,2024-25,Gross Value Added,Quarterly,,Construction,,,Q1,591345.1521451868,602163.9666796605,₹ Crore
2022-23,Current,2024-25,Gross Value Added,Quarterly,,"Trade, Hotels, Transport, Communication & Services Related to Broadcasting",,,Q1,947210.0344761424,914039.4516796473,₹ Crore
2022-23,Current,2024-25,Gross Value Added,Quarterly,,"Trade, Hotels, Transport, Communication & Services Related to Broadcasting",,,Q2,952473.256491089,922265.1506883877,₹ Crore
2022-23,Current,2024-25,Gross Value Added,Quarterly,,"Trade, Hotels, Transport, Communication & Services Related to Broadcasting",,,Q4,1071296.3006704387,1016889.2955461247,₹ Crore
2022-23,Current,2024-25,Gross Value Added,Quarterly,,"Trade, Hotels, Transport, Communication & Services Related to Broadcasting",,,Q3,1027015.6470600318,978797.2980129151,₹ Crore
2022-23,Current,2024-25,Gross Value Added,Quarterly,,"Financial, Real Estate & Professional Services",,,Q2,1843250.612511054,1708669.6041660686,₹ Crore
2022-23,Current,2024-25,Gross Value Added,Quarterly,,"Financial, Real Estate & Professional Services",,,Q1,1768216.6836745844,1656648.2616923621,₹ Crore
2022-23,Current,2024-25,Gross Value Added,Quarterly,,"Financial, Real Estate & Professional Services",,,Q3,1915020.2398210834,1762210.5951838032,₹ Crore
2022-23,Current,2024-25,Gross Value Added,Quarterly,,"Financial, Real Estate & Professional Services",,,Q4,2022636.2364073866,1856204.4616060636,₹ Crore
2022-23,Current,2024-25,Gross Value Added,Quarterly,,"Public Administration, Defence & Other Services",,,Q2,876619.6700327669,807687.9549814839,₹ Crore
2022-23,Current,2024-25,Gross Value Added,Quarterly,,"Public Administration, Defence & Other Services",,,Q3,965360.4604935665,879899.6946152005,₹ Crore
2022-23,Current,2024-25,Gross Value Added,Quarterly,,"Public Administration, Defence & Other Services",,,Q4,962522.4087221087,873783.6651303452,₹ Crore
2022-23,Current,2024-25,Gross Value Added,Quarterly,,"Public Administration, Defence & Other Services",,,Q1,906543.8761035374,847107.4545318253,₹ Crore
2022-23,Current,2024-25,Gross Value Added,Quarterly,,Total Gross Value Added,,,Q2,6664117.692728867,6345173.265583405,₹ Crore
2022-23,Current,2024-25,Gross Value Added,Quarterly,,Total Gross Value Added,,,Q1,6687133.947373812,6382468.480080577,₹ Crore
2022-23,Current,2024-25,Gross Value Added,Quarterly,,Total Gross Value Added,,,Q3,7634764.740961226,7176711.355213161,₹ Crore
2022-23,Current,2024-25,Gross Value Added,Quarterly,,Total Gross Value Added,,,Q4,7868451.089977775,7432142.059695387,₹ Crore
2022-23,Current,2023-24,Gross Value Added,Quarterly,,"Agriculture, Livestock, Forestry and Fishing",,,Q3,1543909.2223324417,1462835.1742021572,₹ Crore
2022-23,Current,2023-24,Gross Value Added,Quarterly,,"Agriculture, Livestock, Forestry and Fishing",,,Q1,1163407.1711682589,1120109.0677490344,₹ Crore
2022-23,Current,2023-24,Gross Value Added,Quarterly,,"Agriculture, Livestock, Forestry and Fishing",,,Q4,1422842.840407082,1379824.8474609184,₹ Crore
2022-23,Current,2023-24,Gross Value Added,Quarterly,,"Agriculture, Livestock, Forestry and Fishing",,,Q2,987395.9965974393,918856.9651333821,₹ Crore
2022-23,Current,2023-24,Gross Value Added,Quarterly,,Mining and Quarrying,,,Q2,121025.78673697615,115439.18669606165,₹ Crore
2022-23,Current,2023-24,Gross Value Added,Quarterly,,Mining and Quarrying,,,Q3,135360.35649926018,129643.00673777855,₹ Crore
2022-23,Current,2023-24,Gross Value Added,Quarterly,,Mining and Quarrying,,,Q1,129287.53748939055,126922.13712665871,₹ Crore
2022-23,Current,2023-24,Gross Value Added,Quarterly,,Mining and Quarrying,,,Q4,152355.92185818887,145997.2938700758,₹ Crore
2022-23,Current,2023-24,Gross Value Added,Quarterly,,Manufacturing,,,Q1,810786.1454666528,817081.9655347449,₹ Crore
2022-23,Current,2023-24,Gross Value Added,Quarterly,,Manufacturing,,,Q3,956949.1281339249,975447.5026264751,₹ Crore
2022-23,Current,2023-24,Gross Value Added,Quarterly,,Manufacturing,,,Q4,1101960.021467017,1127519.4990134519,₹ Crore
2022-23,Current,2023-24,Gross Value Added,Quarterly,,Manufacturing,,,Q2,988887.2994666917,1004623.9676150194,₹ Crore
2022-23,Current,2023-24,Gross Value Added,Quarterly,,"Electricity, Gas, Water Supply & Other Utility Services",,,Q3,185020.23810329393,156902.5497290961,₹ Crore
2022-23,Current,2023-24,Gross Value Added,Quarterly,,"Electricity, Gas, Water Supply & Other Utility Services",,,Q1,171146.43456892855,162608.60576949493,₹ Crore
2022-23,Current,2023-24,Gross Value Added,Quarterly,,"Electricity, Gas, Water Supply & Other Utility Services",,,Q4,196033.71518473473,162173.20185042024,₹ Crore
2022-23,Current,2023-24,Gross Value Added,Quarterly,,"Electricity, Gas, Water Supply & Other Utility Services",,,Q2,179999.96440119785,171080.1689727849,₹ Crore
2022-23,Current,2023-24,Gross Value Added,Quarterly,,Construction,,,Q4,597544.3226070487,613152.5091575538,₹ Crore
2022-23,Current,2023-24,Gross Value Added,Quarterly,,Construction,,,Q1,547741.8292534502,554052.792683192,₹ Crore
2022-23,Current,2023-24,Gross Value Added,Quarterly,,Construction,,,Q2,557198.3090757644,565336.012566786,₹ Crore
2022-23,Current,2023-24,Gross Value Added,Quarterly,,Construction,,,Q3,574832.5066237309,585724.4929433159,₹ Crore
2022-23,Current,2023-24,Gross Value Added,Quarterly,,"Trade, Hotels, Transport, Communication & Services Related to Broadcasting",,,Q1,874629.0265363408,855154.6643931977,₹ Crore
2022-23,Current,2023-24,Gross Value Added,Quarterly,,"Trade, Hotels, Transport, Communication & Services Related to Broadcasting",,,Q4,992399.2682413289,956327.484845195,₹ Crore
2022-23,Current,2023-24,Gross Value Added,Quarterly,,"Trade, Hotels, Transport, Communication & Services Related to Broadcasting",,,Q3,959534.7883701232,917591.5828838032,₹ Crore
2022-23,Current,2023-24,Gross Value Added,Quarterly,,"Trade, Hotels, Transport, Communication & Services Related to Broadcasting",,,Q2,888007.6203631519,865207.4505437304,₹ Crore
2022-23,Current,2023-24,Gross Value Added,Quarterly,,"Financial, Real Estate & Professional Services",,,Q1,1560036.9281364544,1502218.0323729853,₹ Crore
2022-23,Current,2023-24,Gross Value Added,Quarterly,,"Financial, Real Estate & Professional Services",,,Q4,1814041.1556580078,1705852.194550199,₹ Crore
2022-23,Current,2023-24,Gross Value Added,Quarterly,,"Financial, Real Estate & Professional Services",,,Q3,1669272.1552410158,1585573.398651011,₹ Crore
2022-23,Current,2023-24,Gross Value Added,Quarterly,,"Financial, Real Estate & Professional Services",,,Q2,1630059.0857352715,1553315.1369601295,₹ Crore
2022-23,Current,2023-24,Gross Value Added,Quarterly,,"Public Administration, Defence & Other Services",,,Q1,816927.6986153702,792616.9959983081,₹ Crore
2022-23,Current,2023-24,Gross Value Added,Quarterly,,"Public Administration, Defence & Other Services",,,Q4,897976.0340904542,846999.4134797093,₹ Crore
2022-23,Current,2023-24,Gross Value Added,Quarterly,,"Public Administration, Defence & Other Services",,,Q3,889332.7706930675,843010.898736116,₹ Crore
2022-23,Current,2023-24,Gross Value Added,Quarterly,,"Public Administration, Defence & Other Services",,,Q2,800201.2667277672,762021.9975961931,₹ Crore
2022-23,Current,2023-24,Gross Value Added,Quarterly,,Total Gross Value Added,,,Q1,6073962.771234846,5930764.261627616,₹ Crore
2022-23,Current,2023-24,Gross Value Added,Quarterly,,Total Gross Value Added,,,Q3,6914211.165996859,6656728.606509753,₹ Crore
2022-23,Current,2023-24,Gross Value Added,Quarterly,,Total Gross Value Added,,,Q2,6152775.32910426,5955880.886084087,₹ Crore
2022-23,Current,2023-24,Gross Value Added,Quarterly,,Total Gross Value Added,,,Q4,7175153.279513862,6937846.444227524,₹ Crore
2022-23,Current,2022-23,Gross Value Added,Quarterly,,"Agriculture, Livestock, Forestry and Fishing",,,Q3,1449884.3529118686,1442586.4568325179,₹ Crore
2022-23,Current,2022-23,Gross Value Added,Quarterly,,"Agriculture, Livestock, Forestry and Fishing",,,Q4,1328296.1609872465,1342979.1830024552,₹ Crore
2022-23,Current,2022-23,Gross Value Added,Quarterly,,"Agriculture, Livestock, Forestry and Fishing",,,Q1,1075034.3289016807,1072010.8683867045,₹ Crore
2022-23,Current,2022-23,Gross Value Added,Quarterly,,"Agriculture, Livestock, Forestry and Fishing",,,Q2,902978.9664702349,898617.3017320735,₹ Crore
2022-23,Current,2022-23,Gross Value Added,Quarterly,,Mining and Quarrying,,,Q4,141066.60755995885,138687.04203333656,₹ Crore
2022-23,Current,2022-23,Gross Value Added,Quarterly,,Mining and Quarrying,,,Q1,125237.77710730243,127247.45653893396,₹ Crore
2022-23,Current,2022-23,Gross Value Added,Quarterly,,Mining and Quarrying,,,Q2,110297.2714630466,112369.56652839902,₹ Crore
2022-23,Current,2022-23,Gross Value Added,Quarterly,,Mining and Quarrying,,,Q3,129415.30709351574,127712.89812315411,₹ Crore
2022-23,Current,2022-23,Gross Value Added,Quarterly,,Manufacturing,,,Q3,846826.241944743,846429.8843443776,₹ Crore
2022-23,Current,2022-23,Gross Value Added,Quarterly,,Manufacturing,,,Q1,749659.5675951034,747723.5397633184,₹ Crore
2022-23,Current,2022-23,Gross Value Added,Quarterly,,Manufacturing,,,Q4,1049140.8239870884,1053678.6465974145,₹ Crore
2022-23,Current,2022-23,Gross Value Added,Quarterly,,Manufacturing,,,Q2,836563.5069756429,834358.0697974681,₹ Crore
2022-23,Current,2022-23,Gross Value Added,Quarterly,,"Electricity, Gas, Water Supply & Other Utility Services",,,Q2,141751.8799822633,149588.69447030508,₹ Crore
2022-23,Current,2022-23,Gross Value Added,Quarterly,,"Electricity, Gas, Water Supply & Other Utility Services",,,Q4,160877.58089064463,147003.35750929412,₹ Crore
2022-23,Current,2022-23,Gross Value Added,Quarterly,,"Electricity, Gas, Water Supply & Other Utility Services",,,Q1,135948.97883220628,153943.67988796532,₹ Crore
2022-23,Current,2022-23,Gross Value Added,Quarterly,,"Electricity, Gas, Water Supply & Other Utility Services",,,Q3,151278.08990884997,139320.79774639965,₹ Crore
2022-23,Current,2022-23,Gross Value Added,Quarterly,,Construction,,,Q2,501996.9503715476,501521.3685958403,₹ Crore
2022-23,Current,2022-23,Gross Value Added,Quarterly,,Construction,,,Q4,562303.4410706615,564029.9879592791,₹ Crore
2022-23,Current,2022-23,Gross Value Added,Quarterly,,Construction,,,Q3,535322.2385891168,538713.3991733895,₹ Crore
2022-23,Current,2022-23,Gross Value Added,Quarterly,,Construction,,,Q1,509477.72634529404,504835.60064811155,₹ Crore
2022-23,Current,2022-23,Gross Value Added,Quarterly,,"Trade, Hotels, Transport, Communication & Services Related to Broadcasting",,,Q3,847186.1590483991,843069.0118009843,₹ Crore
2022-23,Current,2022-23,Gross Value Added,Quarterly,,"Trade, Hotels, Transport, Communication & Services Related to Broadcasting",,,Q4,863443.492639794,859504.3517266219,₹ Crore
2022-23,Current,2022-23,Gross Value Added,Quarterly,,"Trade, Hotels, Transport, Communication & Services Related to Broadcasting",,,Q2,779963.1412714646,788550.8261499978,₹ Crore
2022-23,Current,2022-23,Gross Value Added,Quarterly,,"Trade, Hotels, Transport, Communication & Services Related to Broadcasting",,,Q1,773794.8989943578,773263.5022764117,₹ Crore
2022-23,Current,2022-23,Gross Value Added,Quarterly,,"Financial, Real Estate & Professional Services",,,Q3,1527887.8301373143,1513454.4343574704,₹ Crore
2022-23,Current,2022-23,Gross Value Added,Quarterly,,"Financial, Real Estate & Professional Services",,,Q2,1495050.8177625656,1505238.3037498388,₹ Crore
2022-23,Current,2022-23,Gross Value Added,Quarterly,,"Financial, Real Estate & Professional Services",,,Q1,1387114.2619343079,1428979.4366822515,₹ Crore
2022-23,Current,2022-23,Gross Value Added,Quarterly,,"Financial, Real Estate & Professional Services",,,Q4,1608533.9906308092,1570914.725675435,₹ Crore
2022-23,Current,2022-23,Gross Value Added,Quarterly,,"Public Administration, Defence & Other Services",,,Q4,784610.8577097051,772132.8480290414,₹ Crore
2022-23,Current,2022-23,Gross Value Added,Quarterly,,"Public Administration, Defence & Other Services",,,Q3,790743.2842796041,785605.0671450855,₹ Crore
2022-23,Current,2022-23,Gross Value Added,Quarterly,,"Public Administration, Defence & Other Services",,,Q2,728636.9246252922,731496.0074825124,₹ Crore
2022-23,Current,2022-23,Gross Value Added,Quarterly,,"Public Administration, Defence & Other Services",,,Q1,733437.9286165813,748195.0689094849,₹ Crore
2022-23,Current,2022-23,Gross Value Added,Quarterly,,Total Gross Value Added,,,Q2,5497239.458922058,5521740.138506435,₹ Crore
2022-23,Current,2022-23,Gross Value Added,Quarterly,,Total Gross Value Added,,,Q3,6278543.503913412,6236891.949523378,₹ Crore
2022-23,Current,2022-23,Gross Value Added,Quarterly,,Total Gross Value Added,,,Q1,5489705.468326834,5556199.1530931825,₹ Crore
2022-23,Current,2022-23,Gross Value Added,Quarterly,,Total Gross Value Added,,,Q4,6498272.955475908,6448930.142532878,₹ Crore
2022-23,Current,2025-26,Private Final Consumption Expenditure,Quarterly,,,,,Q1,4544603.305313826,4239786.471466998,₹ Crore
2022-23,Current,2025-26,Private Final Consumption Expenditure,Quarterly,,,,,Q2,4421480.676620105,4045320.335048241,₹ Crore
2022-23,Current,2025-26,Private Final Consumption Expenditure,Quarterly,,,,,Q3,5230516.6230533505,4817112.118554241,₹ Crore
2022-23,Current,2024-25,Private Final Consumption Expenditure,Quarterly,,,,,Q1,4117900.7132802224,3882450.662440687,₹ Crore
2022-23,Current,2024-25,Private Final Consumption Expenditure,Quarterly,,,,,Q2,4031304.450337651,3744336.228560262,₹ Crore
2022-23,Current,2024-25,Private Final Consumption Expenditure,Quarterly,,,,,Q3,4801174.211255035,4431992.716546259,₹ Crore
2022-23,Current,2024-25,Private Final Consumption Expenditure,Quarterly,,,,,Q4,5020229.233605972,4641071.276362435,₹ Crore
2022-23,Current,2023-24,Private Final Consumption Expenditure,Quarterly,,,,,Q1,3754428.545638095,3660130.7917549703,₹ Crore
2022-23,Current,2023-24,Private Final Consumption Expenditure,Quarterly,,,,,Q2,3697455.509766746,3547025.186366405,₹ Crore
2022-23,Current,2023-24,Private Final Consumption Expenditure,Quarterly,,,,,Q3,4334080.327625996,4182409.5132923336,₹ Crore
2022-23,Current,2023-24,Private Final Consumption Expenditure,Quarterly,,,,,Q4,4590860.311208869,4395691.046677883,₹ Crore
2022-23,Current,2022-23,Private Final Consumption Expenditure,Quarterly,,,,,Q1,3405615.1556173684,3439803.1770167137,₹ Crore
2022-23,Current,2022-23,Private Final Consumption Expenditure,Quarterly,,,,,Q2,3364740.2703814832,3369229.1505131796,₹ Crore
2022-23,Current,2022-23,Private Final Consumption Expenditure,Quarterly,,,,,Q3,3970635.5551170176,3967915.556382108,₹ Crore
2022-23,Current,2022-23,Private Final Consumption Expenditure,Quarterly,,,,,Q4,4181837.363763044,4145880.459192311,₹ Crore
2022-23,Current,2025-26,Government Final Consumption Expenditure,Quarterly,,,,,Q1,942078.2418674121,862344.7124485415,₹ Crore
2022-23,Current,2025-26,Government Final Consumption Expenditure,Quarterly,,,,,Q2,926256.3734814861,827652.703265659,₹ Crore
2022-23,Current,2025-26,Government Final Consumption Expenditure,Quarterly,,,,,Q3,926391.8183576317,809859.0432638023,₹ Crore
2022-23,Current,2024-25,Government Final Consumption Expenditure,Quarterly,,,,,Q1,893436.6222927093,815389.8893374803,₹ Crore
2022-23,Current,2024-25,Government Final Consumption Expenditure,Quarterly,,,,,Q2,861227.1876116279,776535.8030795616,₹ Crore
2022-23,Current,2024-25,Government Final Consumption Expenditure,Quarterly,,,,,Q3,850054.6152087157,773140.5157771884,₹ Crore
2022-23,Current,2024-25,Government Final Consumption Expenditure,Quarterly,,,,,Q4,790617.8532544266,730504.0807848359,₹ Crore
2022-23,Current,2023-24,Government Final Consumption Expenditure,Quarterly,,,,,Q1,779401.7248999069,758504.3700734999,₹ Crore
2022-23,Current,2023-24,Government Final Consumption Expenditure,Quarterly,,,,,Q2,773805.237089266,725776.8461151653,₹ Crore
2022-23,Current,2023-24,Government Final Consumption Expenditure,Quarterly,,,,,Q3,754745.1481093694,718535.5678213481,₹ Crore
2022-23,Current,2023-24,Government Final Consumption Expenditure,Quarterly,,,,,Q4,765935.8420915757,704834.9744628873,₹ Crore
2022-23,Current,2022-23,Government Final Consumption Expenditure,Quarterly,,,,,Q1,733097.7245916711,759251.8212072271,₹ Crore
2022-23,Current,2022-23,Government Final Consumption Expenditure,Quarterly,,,,,Q2,736920.8649392857,732126.7716985039,₹ Crore
2022-23,Current,2022-23,Government Final Consumption Expenditure,Quarterly,,,,,Q3,707265.7793790078,711941.5034977879,₹ Crore
2022-23,Current,2022-23,Government Final Consumption Expenditure,Quarterly,,,,,Q4,713624.4750134136,687590.2053566966,₹ Crore
2022-23,Current,2025-26,Change in Stock,Quarterly,,,,,Q1,95838.11037621662,102602.06264270937,₹ Crore
2022-23,Current,2025-26,Change in Stock,Quarterly,,,,,Q2,99022.70800238743,100375.26411817824,₹ Crore
2022-23,Current,2025-26,Change in Stock,Quarterly,,,,,Q3,109225.56615948444,112837.6108174954,₹ Crore
2022-23,Current,2024-25,Change in Stock,Quarterly,,,,,Q1,96413.07505987887,98092.84396938128,₹ Crore
2022-23,Current,2024-25,Change in Stock,Quarterly,,,,,Q2,88530.88746542335,88950.45663842032,₹ Crore
2022-23,Current,2024-25,Change in Stock,Quarterly,,,,,Q3,97705.16852041907,96257.64365850916,₹ Crore
2022-23,Current,2024-25,Change in Stock,Quarterly,,,,,Q4,99651.34329093361,99272.38335115975,₹ Crore
2022-23,Current,2023-24,Change in Stock,Quarterly,,,,,Q1,79648.09909392633,82919.16624641953,₹ Crore
2022-23,Current,2023-24,Change in Stock,Quarterly,,,,,Q2,87493.66092106115,90329.7801368551,₹ Crore
2022-23,Current,2023-24,Change in Stock,Quarterly,,,,,Q3,102888.16507304182,97354.0732593839,₹ Crore
2022-23,Current,2023-24,Change in Stock,Quarterly,,,,,Q4,108792.71950416129,105409.04759924152,₹ Crore
2022-23,Current,2022-23,Change in Stock,Quarterly,,,,,Q1,33173.698574140006,38840.71071696442,₹ Crore
2022-23,Current,2022-23,Change in Stock,Quarterly,,,,,Q2,27737.056900189906,29980.69954649917,₹ Crore
2022-23,Current,2022-23,Change in Stock,Quarterly,,,,,Q3,47098.42983384794,42149.5673005829,₹ Crore
2022-23,Current,2022-23,Change in Stock,Quarterly,,,,,Q4,65361.20669603773,62399.41444016906,₹ Crore
2022-23,Current,2025-26,Valuables,Quarterly,,,,,Q1,68109.93203684788,38184.629156885545,₹ Crore
2022-23,Current,2025-26,Valuables,Quarterly,,,,,Q2,168999.74074877554,88322.18869181024,₹ Crore
2022-23,Current,2025-26,Valuables,Quarterly,,,,,Q3,221016.73788392948,97268.24283153171,₹ Crore
2022-23,Current,2024-25,Valuables,Quarterly,,,,,Q1,72496.06693700765,53690.76866130085,₹ Crore
2022-23,Current,2024-25,Valuables,Quarterly,,,,,Q2,169047.92147474008,123355.53989099692,₹ Crore
2022-23,Current,2024-25,Valuables,Quarterly,,,,,Q3,146613.9890799724,100112.47277846823,₹ Crore
2022-23,Current,2024-25,Valuables,Quarterly,,,,,Q4,89122.77276753806,56223.486063750715,₹ Crore
2022-23,Current,2023-24,Valuables,Quarterly,,,,,Q1,83302.95469688099,73247.65783197143,₹ Crore
2022-23,Current,2023-24,Valuables,Quarterly,,,,,Q2,92786.99805753656,82572.14976314426,₹ Crore
2022-23,Current,2023-24,Valuables,Quarterly,,,,,Q3,100272.73034426899,87447.94608895972,₹ Crore
2022-23,Current,2023-24,Valuables,Quarterly,,,,,Q4,99869.03866325815,83779.04008573158,₹ Crore
2022-23,Current,2022-23,Valuables,Quarterly,,,,,Q1,100868.17184855044,101423.19371193742,₹ Crore
2022-23,Current,2022-23,Valuables,Quarterly,,,,,Q2,116134.92989916354,119249.94719073593,₹ Crore
2022-23,Current,2022-23,Valuables,Quarterly,,,,,Q3,79915.78495294393,80572.33495382567,₹ Crore
2022-23,Current,2022-23,Valuables,Quarterly,,,,,Q4,63749.37709066604,59422.787934824955,₹ Crore
2022-23,Current,2025-26,Export of Goods and Services,Quarterly,,,,,Q1,1797362.949100222,1729870.3785016022,₹ Crore
2022-23,Current,2025-26,Export of Goods and Services,Quarterly,,,,,Q2,1842580.1089895247,1741975.9274206352,₹ Crore
2022-23,Current,2025-26,Export of Goods and Services,Quarterly,,,,,Q3,1986274.4400035327,1829209.921919764,₹ Crore
2022-23,Current,2024-25,Export of Goods and Services,Quarterly,,,,,Q1,1700194.54622644,1623177.7912065277,₹ Crore
2022-23,Current,2024-25,Export of Goods and Services,Quarterly,,,,,Q2,1625496.5517884488,1581337.0455620298,₹ Crore
2022-23,Current,2024-25,Export of Goods and Services,Quarterly,,,,,Q3,1801569.395856182,1732985.1392833525,₹ Crore
2022-23,Current,2024-25,Export of Goods and Services,Quarterly,,,,,Q4,1890698.2308764798,1800495.8143877862,₹ Crore
2022-23,Current,2023-24,Export of Goods and Services,Quarterly,,,,,Q1,1524839.119926591,1512529.6963550476,₹ Crore
2022-23,Current,2023-24,Export of Goods and Services,Quarterly,,,,,Q2,1583846.117483544,1533635.007954862,₹ Crore
2022-23,Current,2023-24,Export of Goods and Services,Quarterly,,,,,Q3,1618878.691067089,1568847.543146416,₹ Crore
2022-23,Current,2023-24,Export of Goods and Services,Quarterly,,,,,Q4,1751731.5986424498,1708228.601690179,₹ Crore
2022-23,Current,2022-23,Export of Goods and Services,Quarterly,,,,,Q1,1535179.4270036,1552102.9988030877,₹ Crore
2022-23,Current,2022-23,Export of Goods and Services,Quarterly,,,,,Q2,1530749.9949719713,1565200.9851821107,₹ Crore
2022-23,Current,2022-23,Export of Goods and Services,Quarterly,,,,,Q3,1553871.8319564364,1555596.241748278,₹ Crore
2022-23,Current,2022-23,Export of Goods and Services,Quarterly,,,,,Q4,1658921.0923956917,1605821.7430404504,₹ Crore
2022-23,Current,2025-26,Import of Goods and Services,Quarterly,,,,,Q1,1915155.2117513386,1993119.3136703945,₹ Crore
2022-23,Current,2025-26,Import of Goods and Services,Quarterly,,,,,Q2,2094264.3432700415,1970406.6074874378,₹ Crore
2022-23,Current,2025-26,Import of Goods and Services,Quarterly,,,,,Q3,2233433.291452738,1950769.109361527,₹ Crore
2022-23,Current,2024-25,Import of Goods and Services,Quarterly,,,,,Q1,1807234.2430391002,1855814.278267467,₹ Crore
2022-23,Current,2024-25,Import of Goods and Services,Quarterly,,,,,Q2,1932156.9904863061,1860646.6562818568,₹ Crore
2022-23,Current,2024-25,Import of Goods and Services,Quarterly,,,,,Q3,1969621.0564345177,1797075.2776497563,₹ Crore
2022-23,Current,2024-25,Import of Goods and Services,Quarterly,,,,,Q4,1877892.5094861598,1742658.3814114523,₹ Crore
2022-23,Current,2023-24,Import of Goods and Services,Quarterly,,,,,Q1,1643047.6688666677,1713937.3475944146,₹ Crore
2022-23,Current,2023-24,Import of Goods and Services,Quarterly,,,,,Q2,1735691.995958074,1778989.3860587822,₹ Crore
2022-23,Current,2023-24,Import of Goods and Services,Quarterly,,,,,Q3,1792050.5427481073,1746150.3857774292,₹ Crore
2022-23,Current,2023-24,Import of Goods and Services,Quarterly,,,,,Q4,1776116.676784055,1651414.5100917448,₹ Crore
2022-23,Current,2022-23,Import of Goods and Services,Quarterly,,,,,Q1,1707551.1721465993,1643253.0519790393,₹ Crore
2022-23,Current,2022-23,Import of Goods and Services,Quarterly,,,,,Q2,1804976.9886027614,1745479.378511669,₹ Crore
2022-23,Current,2022-23,Import of Goods and Services,Quarterly,,,,,Q3,1749436.545632614,1745025.9463469726,₹ Crore
2022-23,Current,2022-23,Import of Goods and Services,Quarterly,,,,,Q4,1700411.3378125923,1828618.253993397,₹ Crore
2022-23,Current,2025-26,Net Taxes on Products,Quarterly,,,,,Q1,776644.2036664404,700893.4179507591,₹ Crore
2022-23,Current,2025-26,Net Taxes on Products,Quarterly,,,,,Q2,722610.0260451543,644998.1800331858,₹ Crore
2022-23,Current,2025-26,Net Taxes on Products,Quarterly,,,,,Q3,832827.1591796727,715267.4911444577,₹ Crore
2022-23,Current,2024-25,Net Taxes on Products,Quarterly,,,,,Q1,721672.1077253333,672110.3094476128,₹ Crore
2022-23,Current,2024-25,Net Taxes on Products,Quarterly,,,,,Q2,713820.7170253276,608696.7181406307,₹ Crore
2022-23,Current,2024-25,Net Taxes on Products,Quarterly,,,,,Q3,711125.7469148319,663861.8905352901,₹ Crore
2022-23,Current,2024-25,Net Taxes on Products,Quarterly,,,,,Q4,806222.5849740356,707455.4419762186,₹ Crore
2022-23,Current,2023-24,Net Taxes on Products,Quarterly,,,,,Q1,630446.7897574522,634314.6062284413,₹ Crore
2022-23,Current,2023-24,Net Taxes on Products,Quarterly,,,,,Q2,625455.4371786946,568313.8575423744,₹ Crore
2022-23,Current,2023-24,Net Taxes on Products,Quarterly,,,,,Q3,666163.5563883446,646316.7655961812,₹ Crore
2022-23,Current,2023-24,Net Taxes on Products,Quarterly,,,,,Q4,745740.9740225328,670601.5049684902,₹ Crore
2022-23,Current,2022-23,Net Taxes on Products,Quarterly,,,,,Q1,593285.0491495868,603521.2743298125,₹ Crore
2022-23,Current,2022-23,Net Taxes on Products,Quarterly,,,,,Q2,586909.0003931705,539616.8563120991,₹ Crore
2022-23,Current,2022-23,Net Taxes on Products,Quarterly,,,,,Q3,570097.9062332498,582705.1558831969,₹ Crore
2022-23,Current,2022-23,Net Taxes on Products,Quarterly,,,,,Q4,603573.8224891606,628022.491740059,₹ Crore
2022-23,Current,2025-26,GVA Growth Rate,Quarterly,,"Agriculture, Livestock, Forestry and Fishing",,,Q1,4.5459958583181646,4.212424938442382,%
2022-23,Current,2025-26,GVA Growth Rate,Quarterly,,Mining and Quarrying,,,Q1,-2.9706237406820577,4.486415317956528,%
2022-23,Current,2025-26,GVA Growth Rate,Quarterly,,Manufacturing,,,Q1,10.069517745585827,10.552396964075683,%
2022-23,Current,2025-26,GVA Growth Rate,Quarterly,,"Electricity, Gas, Water Supply & Other Utility Services",,,Q1,1.6942210100174009,-1.893824000413403,%
2022-23,Current,2025-26,GVA Growth Rate,Quarterly,,Construction,,,Q1,6.484790671910588,5.408382281794857,%
2022-23,Current,2025-26,GVA Growth Rate,Quarterly,,"Trade, Hotels, Transport, Communication & Services Related to Broadcasting",,,Q1,10.661165798714862,9.350261089757183,%
2022-23,Current,2025-26,GVA Growth Rate,Quarterly,,"Financial, Real Estate & Professional Services",,,Q1,11.75074577521842,8.777029565148425,%
2022-23,Current,2025-26,GVA Growth Rate,Quarterly,,"Public Administration, Defence & Other Services",,,Q1,8.536809720322694,4.293417571239559,%
2022-23,Current,2025-26,GVA Growth Rate,Quarterly,,Total Gross Value Added,,,Q1,8.501249012260232,6.980449237880592,%
2022-23,Current,2025-26,GVA Growth Rate,Quarterly,,"Agriculture, Livestock, Forestry and Fishing",,,Q2,-0.5673734693267534,2.3363972904356842,%
2022-23,Current,2025-26,GVA Growth Rate,Quarterly,,Mining and Quarrying,,,Q2,1.7250954795020164,6.074425711534687,%
2022-23,Current,2025-26,GVA Growth Rate,Quarterly,,Manufacturing,,,Q2,13.109430505453261,13.194544666545099,%
2022-23,Current,2025-26,GVA Growth Rate,Quarterly,,"Electricity, Gas, Water Supply & Other Utility Services",,,Q2,5.478620541793774,3.868316998048698,%
2022-23,Current,2025-26,GVA Growth Rate,Quarterly,,Construction,,,Q2,9.325345666298276,8.73806390153942,%
2022-23,Current,2025-26,GVA Growth Rate,Quarterly,,"Trade, Hotels, Transport, Communication & Services Related to Broadcasting",,,Q2,10.977602828306644,10.402807617678562,%
2022-23,Current,2025-26,GVA Growth Rate,Quarterly,,"Financial, Real Estate & Professional Services",,,Q2,11.962489348492682,9.880180860618879,%
2022-23,Current,2025-26,GVA Growth Rate,Quarterly,,"Public Administration, Defence & Other Services",,,Q2,11.010303601247202,6.890340534268063,%
2022-23,Current,2025-26,GVA Growth Rate,Quarterly,,Total Gross Value Added,,,Q2,9.275473252386817,8.644155239378676,%
2022-23,Current,2025-26,GVA Growth Rate,Quarterly,,"Agriculture, Livestock, Forestry and Fishing",,,Q3,-1.8853736337790252,1.4233580159292814,%
2022-23,Current,2025-26,GVA Growth Rate,Quarterly,,Mining and Quarrying,,,Q3,6.873326492263331,4.704920564244986,%
2022-23,Current,2025-26,GVA Growth Rate,Quarterly,,Manufacturing,,,Q3,13.254570601584831,13.301858394544965,%
2022-23,Current,2025-26,GVA Growth Rate,Quarterly,,"Electricity, Gas, Water Supply & Other Utility Services",,,Q3,0.2997036739867269,1.5376198966795585,%
2022-23,Current,2025-26,GVA Growth Rate,Quarterly,,Construction,,,Q3,6.959097245755714,6.574908448154488,%
2022-23,Current,2025-26,GVA Growth Rate,Quarterly,,"Trade, Hotels, Transport, Communication & Services Related to Broadcasting",,,Q3,12.133375059461187,11.01586447505926,%
2022-23,Current,2025-26,GVA Growth Rate,Quarterly,,"Financial, Real Estate & Professional Services",,,Q3,12.851580594412411,11.233827650409594,%
2022-23,Current,2025-26,GVA Growth Rate,Quarterly,,"Public Administration, Defence & Other Services",,,Q3,9.602232841543895,4.514940338394609,%
2022-23,Current,2025-26,GVA Growth Rate,Quarterly,,Total Gross Value Added,,,Q3,8.16695764527995,7.824985863410177,%
2022-23,Current,2024-25,GVA Growth Rate,Quarterly,,"Agriculture, Livestock, Forestry and Fishing",,,Q1,8.041855759217256,2.617862602808259,%
2022-23,Current,2024-25,GVA Growth Rate,Quarterly,,Mining and Quarrying,,,Q1,11.945571113317982,11.901619621923757,%
2022-23,Current,2024-25,GVA Growth Rate,Quarterly,,Manufacturing,,,Q1,7.478251667512012,9.356570759389939,%
2022-23,Current,2024-25,GVA Growth Rate,Quarterly,,"Electricity, Gas, Water Supply & Other Utility Services",,,Q1,17.268617124896892,9.168033024471043,%
2022-23,Current,2024-25,GVA Growth Rate,Quarterly,,Construction,,,Q1,7.9605610824293365,8.68349995376316,%
2022-23,Current,2024-25,GVA Growth Rate,Quarterly,,"Trade, Hotels, Transport, Communication & Services Related to Broadcasting",,,Q1,8.298490644340134,6.8858640124746415,%
2022-23,Current,2024-25,GVA Growth Rate,Quarterly,,"Financial, Real Estate & Professional Services",,,Q1,13.344540233852769,10.280147488006804,%
2022-23,Current,2024-25,GVA Growth Rate,Quarterly,,"Public Administration, Defence & Other Services",,,Q1,10.969903167692777,6.874752725291472,%
2022-23,Current,2024-25,GVA Growth Rate,Quarterly,,Total Gross Value Added,,,Q1,10.095076299163878,7.616290220393893,%
2022-23,Current,2024-25,GVA Growth Rate,Quarterly,,"Agriculture, Livestock, Forestry and Fishing",,,Q2,6.859947643212763,4.109436005718919,%
2022-23,Current,2024-25,GVA Growth Rate,Quarterly,,Mining and Quarrying,,,Q2,3.055021074227483,8.346576538091767,%
2022-23,Current,2024-25,GVA Growth Rate,Quarterly,,Manufacturing,,,Q2,3.886408228362569,4.93289685260163,%
2022-23,Current,2024-25,GVA Growth Rate,Quarterly,,"Electricity, Gas, Water Supply & Other Utility Services",,,Q2,7.666533528683786,-0.23477877089312926,%
2022-23,Current,2024-25,GVA Growth Rate,Quarterly,,Construction,,,Q2,6.030641188709879,6.131537845299491,%
2022-23,Current,2024-25,GVA Growth Rate,Quarterly,,"Trade, Hotels, Transport, Communication & Services Related to Broadcasting",,,Q2,7.259581410075498,6.594684327879975,%
2022-23,Current,2024-25,GVA Growth Rate,Quarterly,,"Financial, Real Estate & Professional Services",,,Q2,13.078760680605512,10.001477711082572,%
2022-23,Current,2024-25,GVA Growth Rate,Quarterly,,"Public Administration, Defence & Other Services",,,Q2,9.54989781726971,5.992734793660091,%
2022-23,Current,2024-25,GVA Growth Rate,Quarterly,,Total Gross Value Added,,,Q2,8.310759556030305,6.536268722379916,%
2022-23,Current,2024-25,GVA Growth Rate,Quarterly,,"Agriculture, Livestock, Forestry and Fishing",,,Q3,11.43284066182295,5.793118341226801,%
2022-23,Current,2024-25,GVA Growth Rate,Quarterly,,Mining and Quarrying,,,Q3,5.402960712423081,13.115593993095416,%
2022-23,Current,2024-25,GVA Growth Rate,Quarterly,,Manufacturing,,,Q3,9.910735783036316,10.775557896321828,%
2022-23,Current,2024-25,GVA Growth Rate,Quarterly,,"Electricity, Gas, Water Supply & Other Utility Services",,,Q3,7.229097391275502,0.5841074037003864,%
2022-23,Current,2024-25,GVA Growth Rate,Quarterly,,Construction,,,Q3,6.828911088669457,6.398473792345101,%
2022-23,Current,2024-25,GVA Growth Rate,Quarterly,,"Trade, Hotels, Transport, Communication & Services Related to Broadcasting",,,Q3,7.032664110545923,6.670256819134579,%
2022-23,Current,2024-25,GVA Growth Rate,Quarterly,,"Financial, Real Estate & Professional Services",,,Q3,14.721870475613713,11.14027245178768,%
2022-23,Current,2024-25,GVA Growth Rate,Quarterly,,"Public Administration, Defence & Other Services",,,Q3,8.548846090676477,4.375838548990288,%
2022-23,Current,2024-25,GVA Growth Rate,Quarterly,,Total Gross Value Added,,,Q3,10.421341750566569,7.811385733750754,%
2022-23,Current,2024-25,GVA Growth Rate,Quarterly,,"Agriculture, Livestock, Forestry and Fishing",,,Q4,9.440291934905986,3.7743802146633385,%
2022-23,Current,2024-25,GVA Growth Rate,Quarterly,,Mining and Quarrying,,,Q4,5.30037841799998,12.891866346423669,%
2022-23,Current,2024-25,GVA Growth Rate,Quarterly,,Manufacturing,,,Q4,11.501698091186398,11.835397363373417,%
2022-23,Current,2024-25,GVA Growth Rate,Quarterly,,"Electricity, Gas, Water Supply & Other Utility Services",,,Q4,8.51319269101512,2.058234703578151,%
2022-23,Current,2024-25,GVA Growth Rate,Quarterly,,Construction,,,Q4,9.276386634239131,7.977029387808955,%
2022-23,Current,2024-25,GVA Growth Rate,Quarterly,,"Trade, Hotels, Transport, Communication & Services Related to Broadcasting",,,Q4,7.9501300488589095,6.33274810780253,%
2022-23,Current,2024-25,GVA Growth Rate,Quarterly,,"Financial, Real Estate & Professional Services",,,Q4,11.498916664529318,8.813909407638306,%
2022-23,Current,2024-25,GVA Growth Rate,Quarterly,,"Public Administration, Defence & Other Services",,,Q4,7.18798410884456,3.1622514991596944,%
2022-23,Current,2024-25,GVA Growth Rate,Quarterly,,Total Gross Value Added,,,Q4,9.662480834289383,7.124626055670788,%
2022-23,Current,2023-24,GVA Growth Rate,Quarterly,,"Agriculture, Livestock, Forestry and Fishing",,,Q1,8.220467001911018,4.486726840252487,%
2022-23,Current,2023-24,GVA Growth Rate,Quarterly,,Mining and Quarrying,,,Q1,3.23365718845227,-0.25565887218790806,%
2022-23,Current,2023-24,GVA Growth Rate,Quarterly,,Manufacturing,,,Q1,8.153911523819076,9.27594519672084,%
2022-23,Current,2023-24,GVA Growth Rate,Quarterly,,"Electricity, Gas, Water Supply & Other Utility Services",,,Q1,25.890195012177614,5.6286337236030874,%
2022-23,Current,2023-24,GVA Growth Rate,Quarterly,,Construction,,,Q1,7.510456479155863,9.749152391767751,%
2022-23,Current,2023-24,GVA Growth Rate,Quarterly,,"Trade, Hotels, Transport, Communication & Services Related to Broadcasting",,,Q1,13.031118151984387,10.590330705601176,%
2022-23,Current,2023-24,GVA Growth Rate,Quarterly,,"Financial, Real Estate & Professional Services",,,Q1,12.466360627062457,5.125237901307813,%
2022-23,Current,2023-24,GVA Growth Rate,Quarterly,,"Public Administration, Defence & Other Services",,,Q1,11.383345030474274,5.937211956444628,%
2022-23,Current,2023-24,GVA Growth Rate,Quarterly,,Total Gross Value Added,,,Q1,10.642780496675414,6.741390979945521,%
2022-23,Current,2023-24,GVA Growth Rate,Quarterly,,"Agriculture, Livestock, Forestry and Fishing",,,Q2,9.348726079101539,2.252311786374122,%
2022-23,Current,2023-24,GVA Growth Rate,Quarterly,,Mining and Quarrying,,,Q2,9.726909044639399,2.7317184380940347,%
2022-23,Current,2023-24,GVA Growth Rate,Quarterly,,Manufacturing,,,Q2,18.208276026972797,20.406813810631874,%
2022-23,Current,2023-24,GVA Growth Rate,Quarterly,,"Electricity, Gas, Water Supply & Other Utility Services",,,Q2,26.982417745514468,14.36704463434306,%
2022-23,Current,2023-24,GVA Growth Rate,Quarterly,,Construction,,,Q2,10.996353396840377,12.724212360006518,%
2022-23,Current,2023-24,GVA Growth Rate,Quarterly,,"Trade, Hotels, Transport, Communication & Services Related to Broadcasting",,,Q2,13.852510891163064,9.7212027242428,%
2022-23,Current,2023-24,GVA Growth Rate,Quarterly,,"Financial, Real Estate & Professional Services",,,Q2,9.03034641824108,3.193968230181369,%
2022-23,Current,2023-24,GVA Growth Rate,Quarterly,,"Public Administration, Defence & Other Services",,,Q2,9.821673824625023,4.1730904613871616,%
2022-23,Current,2023-24,GVA Growth Rate,Quarterly,,Total Gross Value Added,,,Q2,11.924819267573696,7.862390056173169,%
2022-23,Current,2023-24,GVA Growth Rate,Quarterly,,"Agriculture, Livestock, Forestry and Fishing",,,Q3,6.484990974055194,1.4036397800447418,%
2022-23,Current,2023-24,GVA Growth Rate,Quarterly,,Mining and Quarrying,,,Q3,4.593776068118842,1.5112871471785212,%
2022-23,Current,2023-24,GVA Growth Rate,Quarterly,,Manufacturing,,,Q3,13.004189139944927,15.24256417080916,%
2022-23,Current,2023-24,GVA Growth Rate,Quarterly,,"Electricity, Gas, Water Supply & Other Utility Services",,,Q3,22.30471591409882,12.619617650122734,%
2022-23,Current,2023-24,GVA Growth Rate,Quarterly,,Construction,,,Q3,7.380651350996814,8.726549932127341,%
2022-23,Current,2023-24,GVA Growth Rate,Quarterly,,"Trade, Hotels, Transport, Communication & Services Related to Broadcasting",,,Q3,13.261386310645065,8.8394390067335,%
2022-23,Current,2023-24,GVA Growth Rate,Quarterly,,"Financial, Real Estate & Professional Services",,,Q3,9.253580159153117,4.765189004461718,%
2022-23,Current,2023-24,GVA Growth Rate,Quarterly,,"Public Administration, Defence & Other Services",,,Q3,12.467951150958186,7.307212490322286,%
2022-23,Current,2023-24,GVA Growth Rate,Quarterly,,Total Gross Value Added,,,Q3,10.124444653242207,6.731504415728381,%
2022-23,Current,2023-24,GVA Growth Rate,Quarterly,,"Agriculture, Livestock, Forestry and Fishing",,,Q4,7.117891491123828,2.743576737808297,%
2022-23,Current,2023-24,GVA Growth Rate,Quarterly,,Mining and Quarrying,,,Q4,8.002825398230144,5.271041713458757,%
2022-23,Current,2023-24,GVA Growth Rate,Quarterly,,Manufacturing,,,Q4,5.034519320218408,7.007910111350114,%
2022-23,Current,2023-24,GVA Growth Rate,Quarterly,,"Electricity, Gas, Water Supply & Other Utility Services",,,Q4,21.8527243506895,10.319386303926436,%
2022-23,Current,2023-24,GVA Growth Rate,Quarterly,,Construction,,,Q4,6.2672356173539185,8.70920380953595,%
2022-23,Current,2023-24,GVA Growth Rate,Quarterly,,"Trade, Hotels, Transport, Communication & Services Related to Broadcasting",,,Q4,14.935056746710785,11.264996264890257,%
2022-23,Current,2023-24,GVA Growth Rate,Quarterly,,"Financial, Real Estate & Professional Services",,,Q4,12.776053613054586,8.589738619755181,%
2022-23,Current,2023-24,GVA Growth Rate,Quarterly,,"Public Administration, Defence & Other Services",,,Q4,14.448586234412346,9.69607310992835,%
2022-23,Current,2023-24,GVA Growth Rate,Quarterly,,Total Gross Value Added,,,Q4,10.416311051809018,7.581355215341517,%
2022-23,Current,2025-26,GDP Growth Rate,Quarterly,,,,,Q1,8.415148135260495,6.723407520559022,%
2022-23,Current,2025-26,GDP Growth Rate,Quarterly,,,,,Q2,8.497194314981527,8.409534410995164,%
2022-23,Current,2025-26,GDP Growth Rate,Quarterly,,,,,Q3,8.929297791032525,7.818079500051084,%
2022-23,Current,2024-25,GDP Growth Rate,Quarterly,,,,,Q1,10.5,7.5,%
2022-23,Current,2024-25,GDP Growth Rate,Quarterly,,,,,Q2,8.8,6.6,%
2022-23,Current,2024-25,GDP Growth Rate,Quarterly,,,,,Q3,10.1,7.4,%
2022-23,Current,2024-25,GDP Growth Rate,Quarterly,,,,,Q4,9.5,7,%
2022-23,Current,2023-24,GDP Growth Rate,Quarterly,,,,,Q1,10.215683252021208,6.6,%
2022-23,Current,2023-24,GDP Growth Rate,Quarterly,,,,,Q2,11.40804356779033,7.6,%
2022-23,Current,2023-24,GDP Growth Rate,Quarterly,,,,,Q3,10.684357209218703,7.1,%
2022-23,Current,2023-24,GDP Growth Rate,Quarterly,,,,,Q4,11.532880125104754,7.5,%
2022-23,Current,2025-26,Gross Domestic Product,Quarterly,,,,,Q1,8032268.059689888,7528886.870407089,₹ Crore
2022-23,Current,2025-26,Gross Domestic Product,Quarterly,,,,,Q2,8004856.172870666,7538658.0729011735,₹ Crore
2022-23,Current,2025-26,Gross Domestic Product,Quarterly,,,,,Q3,9091119.902851969,8453555.495360801,₹ Crore
2022-23,Current,2024-25,Gross Domestic Product,Quarterly,,,,,Q1,7408806.0550991455,7054578.789528189,₹ Crore
2022-23,Current,2024-25,Gross Domestic Product,Quarterly,,,,,Q2,7377938.409754194,6953869.983724036,₹ Crore
2022-23,Current,2024-25,Gross Domestic Product,Quarterly,,,,,Q3,8345890.487876058,7840573.245748451,₹ Crore
2022-23,Current,2024-25,Gross Domestic Product,Quarterly,,,,,Q4,8674673.67495181,8139597.501671606,₹ Crore
2022-23,Current,2023-24,Gross Domestic Product,Quarterly,,,,,Q1,6704409.560992298,6565078.867856057,₹ Crore
2022-23,Current,2023-24,Gross Domestic Product,Quarterly,,,,,Q2,6778230.766282954,6524194.743626461,₹ Crore
2022-23,Current,2023-24,Gross Domestic Product,Quarterly,,,,,Q3,7580374.7223852035,7303045.372105934,₹ Crore
2022-23,Current,2023-24,Gross Domestic Product,Quarterly,,,,,Q4,7920894.253536395,7608447.949196015,₹ Crore
2022-23,Current,2022-23,Gross Domestic Product,Quarterly,,,,,Q1,6082990.517476421,6159720.427422995,₹ Crore
2022-23,Current,2022-23,Gross Domestic Product,Quarterly,,,,,Q2,6084148.459315229,6061356.994818534,₹ Crore
2022-23,Current,2022-23,Gross Domestic Product,Quarterly,,,,,Q3,6848641.410146662,6819597.105406575,₹ Crore
2022-23,Current,2022-23,Gross Domestic Product,Quarterly,,,,,Q4,7101846.777965069,7076952.634272937,₹ Crore
2022-23,Current,2025-26,Gross Fixed Capital Formation,Quarterly,,,,,Q1,2554301.6974591454,2421958.4521795358,₹ Crore
2022-23,Current,2025-26,Gross Fixed Capital Formation,Quarterly,,,,,Q2,2763029.1873267237,2616831.3904424044,₹ Crore
2022-23,Current,2025-26,Gross Fixed Capital Formation,Quarterly,,,,,Q3,2744825.0269774734,2594068.321119332,₹ Crore
2022-23,Current,2024-25,Gross Fixed Capital Formation,Quarterly,,,,,Q1,2389985.6310348427,2308812.691134226,₹ Crore
2022-23,Current,2024-25,Gross Fixed Capital Formation,Quarterly,,,,,Q2,2515840.5909880577,2414907.6543352953,₹ Crore
2022-23,Current,2024-25,Gross Fixed Capital Formation,Quarterly,,,,,Q3,2518779.2286145007,2406170.66923944,₹ Crore
2022-23,Current,2024-25,Gross Fixed Capital Formation,Quarterly,,,,,Q4,2640321.6443455727,2517900.849858589,₹ Crore
2022-23,Current,2023-24,Gross Fixed Capital Formation,Quarterly,,,,,Q1,2192738.668360698,2167214.886739457,₹ Crore
2022-23,Current,2023-24,Gross Fixed Capital Formation,Quarterly,,,,,Q2,2311099.430388839,2266332.899802096,₹ Crore
2022-23,Current,2023-24,Gross Fixed Capital Formation,Quarterly,,,,,Q3,2315634.2745152237,2263287.297609135,₹ Crore
2022-23,Current,2023-24,Gross Fixed Capital Formation,Quarterly,,,,,Q4,2426279.681146131,2369797.8689461006,₹ Crore
2022-23,Current,2022-23,Gross Fixed Capital Formation,Quarterly,,,,,Q1,2000108.1509266328,2006738.2793464572,₹ Crore
2022-23,Current,2022-23,Gross Fixed Capital Formation,Quarterly,,,,,Q2,2077284.088262768,2082406.6151143298,₹ Crore
2022-23,Current,2022-23,Gross Fixed Capital Formation,Quarterly,,,,,Q3,2127235.058014954,2131191.5997918,₹ Crore
2022-23,Current,2022-23,Gross Fixed Capital Formation,Quarterly,,,,,Q4,2248878.6148501504,2233169.417801917,₹ Crore
